場所コード,場所名称,場所略称,場所検索名称,郵便番号,住所１,住所２,住所３,電話番号,担当者,備考,方面１コード,方面１名称,方面２コード,方面２名称,使用停止フラグ,登録日,登録時刻,登録社員コード,更新日,更新時刻,更新社員コード
"0002722","ゼオンケミカルズ米沢","ゼオンケミカルズ米沢","ｾﾞｵﾝｹﾐｶﾙｽﾞ","","山形県米沢市八幡原5丁目4149-8","","","0238-29-0055","","","","","","","0","20180718","230157","SYSTEM","20180718","230157","SYSTEM"
"0002723","福島瓦工業","福島瓦工業","ﾌｸｼﾏｶﾜﾗ","","福島県郡山市日和田町八丁目鍛治ヶ入102-5","","","024-958-2755","","","","","","","0","20180718","230157","SYSTEM","20180718","230157","SYSTEM"
"0002724","朝日屋","朝日屋","ｱｻﾋﾔ","","福島県耶麻郡猪苗代町蚕養沼尻山卑2855","","","0242-64-3111","","","","","","","0","20180718","230157","SYSTEM","20180718","230157","SYSTEM"
"0002725","FIM会津事業所ﾃｽﾄｾﾝﾀｰ","FIM会津事業所ﾃｽﾄｾﾝﾀｰ","ｴﾌｱｲｴﾑｱｲﾂﾞ","","福島県会津若松市神指町大字高久高久工場","","","0242-39-7921","","","","","","","0","20180718","230157","SYSTEM","20180718","230157","SYSTEM"
"0002726","SUS　福島事業所","SUS　福島事業所","ｴｽﾕｰｴｽ","","福島県須賀川市虹の台21-1","","","0248-89-1210","","","","","","","0","20180718","230157","SYSTEM","20180718","230157","SYSTEM"
"0002727","JUKI 会津","JUKI 会津","ｼﾞﾕｳｷｱｲﾂﾞ","","福島県喜多方市塩川町小府根字近江75","","","0241-27-3101","","","","","","","0","20180718","230157","SYSTEM","20180718","230157","SYSTEM"
"0002728","東北シール工業","東北シール工業","ﾄｳﾎｸｼｰﾙ","","福島県耶麻郡猪苗代町大字磐根字中曽根","2422-37","","0242-65-2411","","","","","","","0","20180718","230157","SYSTEM","20180718","230157","SYSTEM"
"0002729","船引パーク","船引パーク","ﾌﾈﾋｷﾊﾟｰｸ","","福島県田村市船引町船引字原田9","","","0247-82-4520","","","","","","","0","20180718","230157","SYSTEM","20180718","230157","SYSTEM"
"0002730","大崎広域　六の国汚泥再処理センタ","大崎広域　六の国汚泥","ｵｵｻｷｺｳｲｷ","","宮城県加美郡加美町新川原92","","","","","","","","","","0","20180718","230157","SYSTEM","20180718","230157","SYSTEM"
"0002731","清水食品東北事業本部","清水食品東北事業本部","ｼﾐｽﾞｼｮｸﾋﾝ","","福島県喜多方市字清水台二丁目75","","","0241-22-1234","","","","","","","0","20180718","230157","SYSTEM","20180718","230157","SYSTEM"
"0002732","NIPPO南会津出張所","NIPPO南会津出張所","ﾆｯﾎﾟﾐﾅﾐｱｲﾂ","","福島県南会津郡下郷町落合西778","","","0241-62-3114","","","","","","","0","20180718","230157","SYSTEM","20180718","230157","SYSTEM"
"0002733","ホテル華ノ湯　華風館","ホテル華ノ湯　華風館","ﾎﾃﾙﾊﾅﾉﾕｶﾌｳｶﾝ","","福島県郡山市熱海町熱海5-8-60","","","024-984-2222","","","","","","","0","20180718","230157","SYSTEM","20180730","131511","000001"
"0002734","ホテル華ノ湯　松風館","ホテル華ノ湯　松風館","ﾎﾃﾙﾊﾅﾉﾕｼｮｳﾌｳｶﾝ","","福島県郡山市熱海町熱海5-8-60","","","024-984-2222","","","","","","","0","20180718","230157","SYSTEM","20180730","131551","000001"
"0002735","郡山市立第二中学校給食センター","郡山市立第二中学校給","ｺｵﾘﾔﾏｼﾘﾂﾀﾞｲﾆﾁｭｳｶﾞｯｺｳ","","福島県郡山市片平町的場63","","","024-952-4951","","","","","","","0","20180718","230157","SYSTEM","20180730","131715","000001"
"0002737","DOWAハイテック","DOWAハイテック","ﾄﾞﾜﾊｲﾃｯｸ","","埼玉県本庄市仁手1781","","","0495-21-6111","","","","","","","0","20180718","230157","SYSTEM","20180718","230157","SYSTEM"
"0002738","ＪＲ東日本　総合研修センター","ＪＲ東日本　総合研修","ｼﾞｪｲｱｰﾙﾋｶﾞ","","福島県白河市十三原道下1-1","","","0248-31-2827","","","","","","","0","20180718","230157","SYSTEM","20180718","230157","SYSTEM"
"0002739","エルムホーム","エルムホーム","ｴﾙﾑﾎｰﾑ","","福島県喜多方市塩川町金橋土ジョウ沼4198-2","","","0241-27-3525","","","","","","","0","20180718","230157","SYSTEM","20180718","230157","SYSTEM"
"0002740","NHK郡山支局","NHK郡山支局","ｴﾇｴｲﾁｹｲ","","福島県郡山市麓山1丁目5-21","","","024-932-5500","","","","","","","0","20180718","230157","SYSTEM","20180718","230157","SYSTEM"
"0002741","マルト建設","マルト建設","ﾏﾙﾄｹﾝｾﾂ","","福島県河原郡会津坂下町大字牛川字砂田565","","","02428-3-0010","","","","","","","0","20180718","230157","SYSTEM","20180718","230157","SYSTEM"
"0002742","箭内硝子　郡山工場","箭内硝子　郡山工場","ﾔﾅｲｶﾞﾗｽ","","福島県郡山市喜久田町菖蒲池22-173","","","0249-59-2710","","","","","","","0","20180718","230157","SYSTEM","20180718","230157","SYSTEM"
"0002743","栄楽館","栄楽館","ｴｲﾗｸｶﾝ","","福島県郡山市熱海町熱海4-47","","","","","","","","","","0","20180718","230157","SYSTEM","20180718","230157","SYSTEM"
"0002744","ｽﾌﾟﾘﾝｸﾞｶﾞｰﾃﾞﾝ　あさか","ｽﾌﾟﾘﾝｸﾞｶﾞｰﾃﾞﾝ　あさ","ｽﾌﾟﾘﾝｸﾞ","","福島県郡山市安積町笹川字目光池の西10-1","","","024-937-3737","","","","","","","0","20180718","230157","SYSTEM","20180718","230157","SYSTEM"
"0002745","三菱製鋼　広田製作所","三菱製鋼　広田製作所","ﾐﾂﾋﾞｼｾｲｺｳ","","福島県会津若松市河東町広田字上沢目丙","475-1","","0242-75-3111","","","","","","","0","20180718","230157","SYSTEM","20180718","230157","SYSTEM"
"0002746","大津屋　福島","大津屋　福島","ｵｵﾂﾔﾌｸｼﾏ","","福島県郡山市冨久山町久保田字古坦118","","","0249-44-1075","","","","","","","0","20180718","230157","SYSTEM","20180718","230157","SYSTEM"
"0002747","西白河病院","西白河病院","ﾆｼｼﾗｶﾜﾋﾞｮｳ","","福島県西白河郡矢吹町井戸尻445","","","0248-42-3771","","","","","","","0","20180718","230157","SYSTEM","20180718","230157","SYSTEM"
"0002748","東山第一ホテル","東山第一ホテル","ﾋｶﾞｼﾔﾏ","","福島県会津若松市東山湯本下原257-3","","","0242-26-8585","","","","","","","0","20180718","230157","SYSTEM","20180718","230157","SYSTEM"
"0002749","熱海温泉事業所","熱海温泉事業所","ｱﾀﾐｵﾝｾﾝ","","福島県郡山市熱海町熱海5-26","","","024-98-2688","","","","","","","0","20180718","230157","SYSTEM","20180718","230157","SYSTEM"
"0002750","菊地商会","菊地商会","ｷｸﾁｼｮｳｶｲ","","福島県南会津郡会津町田島字東荒川甲2498-1","","","0241-62-0544","","","","","","","0","20180718","230157","SYSTEM","20181221","132023","000001"
"0002751","特別養護老人ホーム　只見","特別養護老人ホーム","ﾄｸﾍﾞﾂﾖｳｺﾞ","","福島県南会津群只見町長浜唱平31","","","0241-84-7550","","","","","","","0","20180718","230157","SYSTEM","20180718","230157","SYSTEM"
"0002752","さいたま市立舘岩少年自然の家","さいたま市立舘岩少年","ｻｲﾀﾏｼﾘﾂ","","福島県南会津郡南会津町宮里向山2847","","","0241-78-2311","","","","","","","0","20180718","230157","SYSTEM","20180718","230157","SYSTEM"
"0002753","東京丸善工業","東京丸善工業","ﾄｳｷｮｳﾏﾙｾﾞﾝ","","福島県須賀川市横山町111","","","0248-72-1755","","","","","","","0","20180718","230157","SYSTEM","20180718","230157","SYSTEM"
"0002754","古藤工業","古藤工業","ﾌﾙﾄｳｺｳｷﾞｮｳ","","福島県いわき市好間工業団地12-1","","","0246-36-7151","","","","","","","0","20180718","230157","SYSTEM","20180718","230157","SYSTEM"
"0002755","SSKセールス　喜多方工場","SSKセールス　喜多方","ｴｽｴｽｹｲ","","福島県喜多方市字清水台二丁目75","","","0241-22-1234","","","","","","","0","20180718","230157","SYSTEM","20180718","230157","SYSTEM"
"0002756","枝雪零苑特別養護老人ホーム","枝雪零苑特別養護老人","ｼｽﾞﾘｴﾝﾄｸﾍﾞ","","福島県会津若松市一箕町大字松長字下長原","152","","0242-39-2777","","","","","","","0","20180718","230157","SYSTEM","20180718","230157","SYSTEM"
"0002757","東北リズム","東北リズム","ﾄｳﾎｸﾘｽﾞﾑ","","福島県会津若松市門田町一ノ堰土手外168","","","0242-28-8074","","","","","","","0","20180718","230157","SYSTEM","20180718","230157","SYSTEM"
"0002758","裏磐梯ﾗｲｼﾞﾝｸﾞｻﾝﾎﾃﾙ　ホテル白雲荘","裏磐梯ﾗｲｼﾞﾝｸﾞｻﾝﾎﾃﾙ","ｳﾗﾊﾞﾝﾀﾞｲﾗｲ","","福島県耶麻郡北塩原村檜原小野川原1092","","","0241-32-2311","","","","","","","0","20180718","230157","SYSTEM","20180718","230157","SYSTEM"
"0002759","ヤスダ縫製","ヤスダ縫製","ﾔｽﾀﾞ","","福島県須賀川市小作田字鍛治分15","","","0248-79-2173","","","","","","","0","20180718","230157","SYSTEM","20180718","230157","SYSTEM"
"0002760","米沢電線　郡山工場","米沢電線　郡山工場","ﾖﾈｻﾞﾜﾃﾞﾝｾﾝ","","福島県郡山市日和田町高倉字矢沢道1-1","","","024-958-2220","","","","","","","0","20180718","230157","SYSTEM","20180718","230157","SYSTEM"
"0002761","佐藤クリーニング　第二工場","佐藤クリーニング　第","ｻﾄｳｸﾘｰﾆﾝｸﾞ","","福島県会津若松市真宮新町3-37","","","0242-58-3666","","","","","","","0","20180718","230157","SYSTEM","20180718","230157","SYSTEM"
"0002762","東北ミドリ安全工業","東北ミドリ安全工業","ﾄｳﾎｸﾐﾄﾞﾘ","","福島県石川郡石川町鹿ノ坂137","","","0247-26-3171","","","","","","","0","20180718","230157","SYSTEM","20180718","230157","SYSTEM"
"0002763","福島県立田島高等学校","福島県立田島高等学校","ﾌｸｼﾏｹﾝﾘﾂﾀｼ","","福島県南会津郡南会津町田島田部原260","","","0241-62-0066","","","","","","","0","20180718","230157","SYSTEM","20180718","230157","SYSTEM"
"0002764","ルナール　健康増進運動施設","ルナール　健康増進運","ﾙﾅｰﾙ","","福島県喜多方市関柴町上高額字広面657-10","","","0241-24-3335","","","","","","","0","20180718","230157","SYSTEM","20180718","230157","SYSTEM"
"0005218","大日本印刷　大利根","大日本印刷　大利根","ﾀﾞｲﾆﾎ","","大日本印刷　大利根","","","","","","","","","","0","20180718","230157","SYSTEM","20180718","230157","SYSTEM"
"0005219","日本大昭和板紙　東北","日本大昭和板紙　東北","ﾀﾞｲｼｮ","","日本大昭和板紙　東北","","","","","","","","","","0","20180718","230157","SYSTEM","20180718","230157","SYSTEM"
"0005220","日本メクトロン","日本メクトロン","ﾆﾎﾝﾒｸ","","日本メクトロン","","","","","","","","","","0","20180718","230157","SYSTEM","20180718","230157","SYSTEM"
"0005221","ルネサステクノロジ","ルネサステクノロジ","ﾙﾈｻｽ","","ルネサステクノロジ","","","","","","","","","","0","20180718","230157","SYSTEM","20180718","230157","SYSTEM"
"0005222","硬化クロ-ム","硬化クロ-ム","ｺｳｶｸﾛ","","硬化クロ-ム","","","","","","","","","","0","20180718","230157","SYSTEM","20180718","230157","SYSTEM"
"0005223","三洋メディカル","三洋メディカル","ｻﾝﾖｳﾒ","","三洋メディカル","","","","","","","","","","0","20180718","230157","SYSTEM","20180718","230157","SYSTEM"
"0005224","千葉県水道局　柏井浄水場","千葉県水道局　柏井浄","ｶｼﾜｲｼﾞｮｳｽｲ","","千葉県水道局　柏井浄水場","","","","","","","","","","0","20180718","230157","SYSTEM","20180718","230157","SYSTEM"
"0005225","日本カニゼン","日本カニゼン","ﾆﾎﾝｶﾆ","","日本カニゼン","","","","","","","","","","0","20180718","230157","SYSTEM","20180718","230157","SYSTEM"
"0005226","ダイワ化成","ダイワ化成","ﾀﾞｲﾜ","","ダイワ化成","","","","","","","","","","0","20180718","230157","SYSTEM","20180718","230157","SYSTEM"
"0005227","エヌ・イー・ケムキャット","エヌ・イー・ケムキャ","ｴﾇｲｰｹﾑｷｬｯﾄ","","エヌ・イー・ケムキャット","","","","","","","","","","0","20180718","230157","SYSTEM","20180718","230157","SYSTEM"
"0005228","清水市北部浄化センター","清水市北部浄化センタ","ｼﾐｽﾞｼﾎｸﾌﾞｼ","","清水市北部浄化センター","","","","","","","","","","0","20180718","230157","SYSTEM","20180718","230157","SYSTEM"
"0005229","松田産業","松田産業","ﾏﾂﾀﾞｻﾝｷﾞｮｳ","","松田産業","","","","","","","","","","0","20180718","230157","SYSTEM","20180718","230157","SYSTEM"
"0005230","フルヤ金属　つくば","フルヤ金属　つくば","ﾌﾙﾔｷﾝｿﾞｸﾂｸ","","フルヤ金属　つくば","","","","","","","","","","0","20180718","230157","SYSTEM","20180718","230157","SYSTEM"
"0005231","アーム電子","アーム電子","ｱｰﾑﾃﾞﾝｼ","","アーム電子","","","","","","","","","","0","20180718","230157","SYSTEM","20180718","230157","SYSTEM"
"0005232","日曹金属化学","日曹金属化学","ﾆｯｿｳｷﾝｿﾞｸｶ","","日曹金属化学","","","","","","","","","","0","20180718","230157","SYSTEM","20180718","230157","SYSTEM"
"0005233","川口市・朝日環境","川口市・朝日環境","ｶﾜｸﾞﾁｼｱｻﾋｶ","","川口市・朝日環境","","","","","","","","","","0","20180718","230157","SYSTEM","20220426","141009","000003"
"0005234","吉崎メッキ","吉崎メッキ","ﾖｼｻﾞｷﾒｯｷ","","吉崎メッキ","","","","","","","","","","0","20180718","230157","SYSTEM","20180718","230157","SYSTEM"
"0005235","新和エコー　上口工場","新和エコー　上口工場","ｼﾝﾜｴｺｰｶﾐｸﾁ","","新和エコー　上口工場","","","","","","","","","","0","20180718","230157","SYSTEM","20180718","230157","SYSTEM"
"0005236","ファルテック","ファルテック","ﾌｧﾙﾃｯｸ","","ファルテック","","","","","","","","","","0","20180718","230157","SYSTEM","20180718","230157","SYSTEM"
"0005237","山形市浄化センター前明石処理場","山形市浄化センター前","ﾔﾏｶﾞﾀｼｼﾞｮｳ","","山形市浄化センター前明石処理場","","","","","","","","","","0","20180718","230157","SYSTEM","20180718","230157","SYSTEM"
"0005238","高砂ケミカル","高砂ケミカル","","","高砂ケミカル","","","","","","","","","","0","20180718","230157","SYSTEM","20180718","230157","SYSTEM"
"0005239","ダイヤテック","ダイヤテック","ﾀﾞｲﾔﾃｯｸ","","ダイヤテック","","","","","","","","","","0","20180718","230157","SYSTEM","20180718","230157","SYSTEM"
"0005240","アルバックマテリアル","アルバックマテリアル","ｱﾙﾊﾞｯｸﾏﾃﾘｱ","","アルバックマテリアル","","","","","","","","","","0","20180718","230157","SYSTEM","20180718","230157","SYSTEM"
"0005242","倉賀野工業団地","倉賀野工業団地","ｸﾗｶﾞﾉｺｳｷﾞｮ","","倉賀野工業団地","","","","","","","","","","0","20180718","230157","SYSTEM","20180718","230157","SYSTEM"
"0005243","クレハ　いわき","クレハ　いわき","ｸﾚﾊｲﾜｷ","","クレハ　いわき","","","","","","","","","","0","20180718","230157","SYSTEM","20180718","230157","SYSTEM"
"0005244","首都高本町換気所","首都高本町換気所","ｼｭﾄｺｳﾎﾝﾁｮｳ","","首都高本町換気所","","","","","","","","","","0","20180718","230157","SYSTEM","20180718","230157","SYSTEM"
"0005245","伊勢化学　ＫＡ基地","伊勢化学　ＫＡ基地","ｲｾｶｶﾞｸｹｲｴｲ","","伊勢化学　ＫＡ基地","","","","","","","","","","0","20180718","230157","SYSTEM","20180718","230157","SYSTEM"
"0005246","フルヤ金属　土浦","フルヤ金属　土浦","ﾌﾙﾔｷﾝｿﾞｸﾂﾁ","","フルヤ金属　土浦","","","","","","","","","","0","20180718","230157","SYSTEM","20180718","230157","SYSTEM"
"0005247","日本天然ガス","日本天然ガス","ﾆﾎﾝﾃﾝﾈﾝｶﾞｽ","","日本天然ガス","","","","","","","","","","0","20180718","230157","SYSTEM","20180718","230157","SYSTEM"
"0005248","トッパングラフィック","トッパングラフィック","ﾄｯﾊﾟﾝｸﾞﾗﾌｨ","","トッパングラフィック","","","","","","","","","","0","20180718","230157","SYSTEM","20180718","230157","SYSTEM"
"0005249","臼井国際長沢西","臼井国際長沢西","ｳｽｲｺｸｻｲﾅｶﾞ","","臼井国際長沢西","","","","","","","","","","0","20180718","230157","SYSTEM","20180718","230157","SYSTEM"
"0005250","伊勢BDプラント","伊勢BDプラント","ｲｾﾋﾞｰﾃﾞｰ","","伊勢BDプラント","","","","","","","","","","0","20180718","230157","SYSTEM","20220509","102327","000003"
"0005251","東亜石油","東亜石油","ﾄｳｱｾｷﾕ","","東亜石油","","","","","","","","","","0","20180718","230157","SYSTEM","20180718","230157","SYSTEM"
"0005252","三井商事","三井商事","ﾐﾂｲｼｮｳｼﾞ","","三井商事","","","","","","","","","","0","20180718","230157","SYSTEM","20180718","230157","SYSTEM"
"0005253","資生ケミカル","資生ケミカル","ｼｾｲｹｲﾐｶﾙ","","資生ケミカル","","","","","","","","","","0","20180718","230157","SYSTEM","20180718","230157","SYSTEM"
"0005254","臼井国際産業　柿田","臼井国際産業　柿田","ｳｽｲｺｸｻｲｻﾝｷ","","臼井国際産業　柿田","","","","","","","","","","0","20180718","230157","SYSTEM","20180718","230157","SYSTEM"
"0005255","石福金属","石福金属","ｲｼﾌｸｷﾝｿﾞｸ","","石福金属","","","","","","","","","","0","20180718","230157","SYSTEM","20180718","230157","SYSTEM"
"0005256","飯田","飯田","ｲｲﾀﾞ","","飯田","","","","","","","","","","0","20180718","230157","SYSTEM","20180718","230157","SYSTEM"
"0005257","大井北換気所","大井北換気所","ｵｵｲｷﾀ","","大井北換気所","","","","","","","","","","0","20180718","230157","SYSTEM","20180718","230157","SYSTEM"
"0005258","大同工業","大同工業","ﾀﾞｲﾄﾞｳｺｳｷﾞ","","大同工業","","","","","","","","","","0","20180718","230157","SYSTEM","20220509","102351","000003"
"0009001","西船車庫","西船車庫","ﾆｼﾌﾅ","","西船車庫","","","","","","0001","全国","","","0","20180718","230157","SYSTEM","20180718","230157","SYSTEM"
"0009002","東扇島","東扇島","ﾋｶﾞｼ","","東扇島","","","","","","0001","全国","","","0","20180718","230157","SYSTEM","20180718","230157","SYSTEM"
"0009003","中防","中防","ﾁｭｳﾎﾞｳ","","中防","","","","","","","","","","0","20180718","230157","SYSTEM","20180718","230157","SYSTEM"
"0009004","富士フィルム　小田原","富士フィルム　小田原","ﾌｼﾞﾌｨﾙﾑ","","富士フィルム　小田原","","","","","","","","","","0","20180718","230157","SYSTEM","20180718","230157","SYSTEM"
"0009006","日立化成㈱","日立化成㈱","ﾋﾀﾁｶｾｲ","","日立化成㈱","","","","","","","","","","0","20180718","230157","SYSTEM","20180718","230157","SYSTEM"
"0009007","昭和電工","昭和電工","ｼｮｳﾜﾃﾞﾝｺｳ","","昭和電工","","","","","","","","","","0","20180718","230157","SYSTEM","20180718","230157","SYSTEM"
"0009008","エフシーシー","エフシーシー","ｴﾌｼｰｼｰ","","エフシーシー","","","","","","","","","","0","20180718","230157","SYSTEM","20180718","230157","SYSTEM"
"0009009","大商化成","大商化成","ﾀﾞｲｼｮｳｶｾｲ","332-0004","埼玉県川口市領家５丁目７－２９","","","","","","","","","","0","20180718","230157","SYSTEM","20220302","103351","000005"
"0009010","ｴｽｹｰ化研㈱　九州工場","ｴｽｹｰ化研","ｴｽｹｰ","","エスケー化研","","","","","","","","","","0","20180718","230157","SYSTEM","20181005","163111","000007"
"0009011","BASFジャパン　戸塚","BASFジャパン　戸塚","ﾋﾞ","","BASFジャパン　戸塚","","","","","","","","","","0","20180718","230157","SYSTEM","20180718","230157","SYSTEM"
"0010010","宮城富士アスコン","宮城富士アスコン","ﾐﾔｷﾞﾌｼﾞｱｽｺﾝ","","宮城県石巻市和渕字北和渕1-7-3","","","0225-72-4081","","","","","","","0","20180718","230157","SYSTEM","20180730","134538","000001"
"0010011","出光（塩釜）","出光（塩釜）","ｲﾃﾞﾐﾂ","","出光（塩釜）","","","","","","","","","","0","20180718","230157","SYSTEM","20180718","230157","SYSTEM"
"0010013","日東ベスト（山形工場）","日東ベスト（山形工場","ﾆｯﾄｳﾍﾞｽﾄ","","山形県山形市大字漆山1784","","","023-686-9411","","","","","","","0","20180718","230157","SYSTEM","20180730","134656","000001"
"0010015","長井工業高等学校","長井工業高等学校","ﾅｶﾞｲｺｳｷﾞｮｳｺｳﾄｳｶﾞｯｺｳ","","山形県長井市幸町9番17号","","","0238-84-1662","","","","","","","0","20180718","230157","SYSTEM","20180730","134744","000001"
"0010016","長井市学校給食調理場","長井市学校給食調理場","ﾅｶﾞｲｼｶﾞｯｺｳｷｭｳｼｮｸ","","山形県長井市清水町2-2-22","","","0238-84-2019","","","","","","","0","20180718","230157","SYSTEM","20180730","134817","000001"
"0010018","中林米菓","中林米菓","ﾅｶﾊﾞﾔｼﾍﾞｲｶ","","岩手県奥州市胆沢区小山字北長壇170-1","","","0197-47-2111","","","","","","","0","20180718","230157","SYSTEM","20180730","134945","000001"
"0010021","ニクニ白鷹","ニクニ白鷹","ﾆｸﾆｼﾛﾀｶ","","山形県西置賜郡白鷹町大字横田尻1367","","","0238-85-5811","","","","","","","0","20180718","230157","SYSTEM","20180730","135035","000001"
"0010023","日米商事","日米商事","ﾆﾁﾍﾞｲｼｮｳｼﾞ","","山形県山形市大字青柳一本木85","","","023-687-5555","","","","","","","0","20180718","230157","SYSTEM","20180730","135057","000001"
"0010024","ニチレイフーズ　白石工場","ニチレイフーズ　白石","ﾆﾁﾚｲﾌｰｽﾞ","","宮城県白石市白鳥1丁目","","","0224-25-7184","","","","","","","0","20180718","230157","SYSTEM","20180730","135116","000001"
"0010027","日東ベスト (大谷工場)","日東ベスト (大谷工場","ﾆｯﾄｳﾍﾞｽﾄｵｵﾀﾆ","","山形県西村山郡朝日町馬神字昭和新田75","","","0237-68-2311","","","","","","","0","20180718","230157","SYSTEM","20180730","135157","000001"
"0010028","日東ベスト（寒河江工場）","日東ベスト（寒河江工","ﾆｯﾄｳﾍﾞｽﾄｻｶｴ","","山形県寒河江市幸町4-27","","","0237-86-3165","","","","","","","0","20180718","230157","SYSTEM","20180730","135146","000001"
"0010033","蔵王食品","蔵王食品","ｻﾞｵｳｼｮｸﾋﾝ","","山形県上山市矢来4丁目2-3","","","023-672-2121","","","","","","","0","20180718","230157","SYSTEM","20180730","135220","000001"
"0010034","イハラ建成工業　仙台事業所","イハラ建成工業　仙台","ｲﾊﾗｹﾝｾｲｺｳｷﾞｮｳｾﾝﾀﾞｲ","","宮城県栗原郡瀬峰町藤沢字新田沢47-3","","","0228-38-3171","","","","","","","0","20180718","230157","SYSTEM","20180730","135241","000001"
"0010037","日東ベスト　本楯工場","日東ベスト　本楯工場","ﾆｯﾄｳﾍﾞｽﾄﾎﾝﾀﾃ","","山形県寒河江市本楯2-3473-1","","","0237-86-4218","","","","","","","0","20180718","230157","SYSTEM","20180730","135315","000001"
"0010038","クレアネイト一関事業所　第一工場","クレアネイト第一工場","ｸﾚｱﾈｲﾄﾀﾞｲｲﾁｺｳｼﾞｮｳ","","岩手県一関市東台14-25","","","0191-23-8161","","","","","","","0","20180718","230157","SYSTEM","20230329","093240","000006"
"0010041","南岩手共同管理","南岩手共同管理","ﾐﾅﾐｲﾜﾃｷｮｳﾄﾞｳｶﾝﾘ","","岩手県北上市和賀町仙人1地割9-4","","","0197-74-2117","","","","","","","0","20180718","230157","SYSTEM","20180730","135455","000001"
"0010043","沖データ","沖データ","ｵｷﾃﾞｰﾀ","","福島県福島市庄野字立田1-1","","","024-594-2254","","","","","","","0","20180718","230157","SYSTEM","20180730","135508","000001"
"0010045","仙台総合鉄道部","仙台総合鉄道部","ｾﾝﾀﾞｲｿｳｺﾞｳﾃﾂﾄﾞｳﾌﾞ","","宮城県仙台市宮城野区小鶴燕沢字前塚82-1","","","022-253-1181","","","","","","","0","20180718","230157","SYSTEM","20180730","135529","000001"
"0010046","三和缶詰　天童工場","三和缶詰　天童工場","ｻﾝﾜｶﾝﾂﾞﾒﾃﾝﾄﾞｳ","","山形県天童市大字清池字権現堂455","","","023-655-2244","","","","","","","0","20180718","230157","SYSTEM","20180730","135547","000001"
"0010047","三和缶詰　本社","三和缶詰　本社","ｻﾝﾜｶﾝﾂﾞﾒﾎﾝｼｬ","","山形県東村山郡山中町大字長崎229-2","","","023-662-3104","","","","","","","0","20180718","230157","SYSTEM","20180730","135605","000001"
"0010049","イオンリテール　イオン東根店","イオンリテール　イオ","ｲｵﾝﾘﾃｰﾙｲｵﾝﾋｶﾞｼﾈ","","山形市東根市さくらんぼ駅前三丁目7番15号","","","0237-41-1585","","","","","","","0","20180718","230157","SYSTEM","20180730","135631","000001"
"0010050","ケミコン岩手","ケミコン岩手","ｹﾐｺﾝｲﾜﾃ","","岩手県北上市和賀町仙人2地割7番地15","","","0197-74-2224","","","","","","","0","20180718","230157","SYSTEM","20180730","135721","000001"
"0010052","ケミコン山形","ケミコン山形","ｹﾐｺﾝﾔﾏｶﾞﾀ","","山形県長井市幸町1-1","","","0238-84-2132","","","","","","","0","20180718","230157","SYSTEM","20180730","135741","000001"
"0010053","ＪＣＨＯ仙台病院","ＪＣＨＯ仙台病院","ｼﾞｪｲｺｰｾﾝﾀﾞｲﾋﾞｮｳｲﾝ","","宮城県仙台市青葉区堤町3丁目16-1","","","022-275-3111","","","","","","","0","20180718","230157","SYSTEM","20180730","140043","000001"
"0010055","前田道路　一関合材工場","前田道路　一関合材工","ﾏｴﾀﾞﾄﾞｳﾛｲﾁﾉｾｷ","","岩手県一関市真柴字藤後沢70-4","","","0191-26-4536","","","","","","","0","20180718","230157","SYSTEM","20180730","140107","000001"
"0010056","前田道路　気仙沼合材工場","前田道路　気仙沼合材","ﾏｴﾀﾞﾄﾞｳﾛｹｾﾝﾇﾏ","","宮城県気仙沼市赤岩大滝8","","","0226-22-7359","","","","","","","0","20180718","230157","SYSTEM","20180730","140122","000001"
"0010058","前田道路　仙台合材工場","前田道路　仙台合材工","ﾏｴﾀﾞﾄﾞｳﾛｾﾝﾀﾞｲ","","宮城県亘理郡亘理町逢隈小山字西山15-1","","","0223-34-3361","","","","","","","0","20180718","230157","SYSTEM","20180730","140145","000001"
"0010059","共同企業体福島県北ｱｽｺﾝ","共同企業体福島県北ｱｽ","ｷｮｳﾄﾞｳｷｷﾞｮｳﾀｲﾌｸｼﾏ","","福島県伊達郡桑折町伊達崎字出ツ62-1","","","0245-75-2311","","","","","","","0","20180718","230157","SYSTEM","20180730","140209","000001"
"0010060","共同企業体みやぎ大崎アスコン","共同企業体みやぎ大崎","ｷｮｳﾄﾞｳｷｷﾞｮｳﾀｲﾐﾔｷﾞ","","宮城県大崎市古川清水字新今新田59-1","","","0229-36-1531","","","","","","","0","20180718","230157","SYSTEM","20180730","140246","000001"
"0010061","山形建設","山形建設","ﾔﾏｶﾞﾀｹﾝｾﾂ","","山形県天童市清池字立谷川771","","","0236-55-2226","","","","","","","0","20180718","230157","SYSTEM","20180730","140301","000001"
"0010062","小林　川俣倉庫","小林　川俣倉庫","ｺﾊﾞﾔｼｶﾜﾏﾀｿｳｺ","","福島県伊達郡川俣町飯坂字古中道1","","","024-565-3341","","","","","","","0","20180718","230157","SYSTEM","20180730","140322","000001"
"0010063","ＳＨＯＥＩ","ＳＨＯＥＩ","ｼｮｳｴｲ","","岩手県東磐井郡藤沢町徳田字野岡27-1","","","0191-63-2274","","","","","","","0","20180718","230157","SYSTEM","20180718","230157","SYSTEM"
"0010064","日東ベスト（高松工場）","日東ベスト（高松工場","ﾆｯﾄｳﾍﾞｽﾄﾀｶﾏﾂ","","山形県寒河江市大字高松267","","","0237-87-1214","","","","","","","0","20180718","230157","SYSTEM","20180730","140341","000001"
"0010065","岩手県立新磐井病院","岩手県立新磐井病院","ｲﾜﾃｹﾝｼﾝｲﾜｲ","","岩手県一関市狐禅寺大平地内","","","0191-23-3452","","","","","","","0","20180718","230157","SYSTEM","20180730","140413","000001"
"0010066","極楽湯　名取店","極楽湯　名取店","ｺﾞｸﾗｸﾕﾅﾄﾘﾃﾝ","","宮城県名取市田高字原463","","","022-383-1126","","","","","","","0","20180718","230157","SYSTEM","20180730","140431","000001"
"0010067","広南病院","広南病院","ｺｳﾅﾝﾋﾞｮｳｲﾝ","","宮城県仙台市太白区長町南4丁目20-1","","","022-248-2131","","","","","","","0","20180718","230157","SYSTEM","20180730","140442","000001"
"0010068","丸片石油","丸片石油","ﾏﾙｶﾀｾｷﾕ","","岩手県北上市村崎野20地割20-80","","","0197-63-4261","","","","","","","0","20180718","230157","SYSTEM","20180730","140456","000001"
"0010069","山口製麺工業","山口製麺工業","ﾔﾏｸﾞﾁｾｲﾒﾝｺｳｷﾞｮｳ","","山形県山形市大字漆山字二ツ段2111-1","","","023-685-6006","","","","","","","0","20180718","230157","SYSTEM","20180730","140510","000001"
"0010071","東北ポール　北上工場","東北ポール　北上工場","ﾄｳﾎｸﾎﾟｰﾙｷﾀｶﾐ","","岩手県北上市村崎野16-120","","","0197-66-2316","","","","","","","0","20180718","230157","SYSTEM","20180730","140529","000001"
"0010073","極楽湯　古川店","極楽湯　古川店","ｺﾞｸﾗｸﾕﾌﾙｶﾜﾃﾝ","","宮城県大崎市古川稲葉字鵜ノ巣184-1","","","0229-91-0155","","","","","","","0","20180718","230157","SYSTEM","20180730","140546","000001"
"0010074","鷹泉閣　岩松旅館","鷹泉閣　岩松旅館","ﾖｳｾﾝｶｸｲﾜﾏﾂﾘｮｶﾝ","","宮城県仙台市青葉区作並字元木16","","","022-395-2201","","","","","","","0","20180718","230157","SYSTEM","20180820","135245","000001"
"0010075","丸菱食品","丸菱食品","ﾏﾙﾋﾞｼｼｮｸﾋﾝ","","山形県寒河江市大字寒河江字赤田65-1","","","0237-83-1836","","","","","","","0","20180718","230157","SYSTEM","20180730","141232","000001"
"0010076","松島センチュリーホテル","松島センチュリーホテ","ﾏﾂｼﾏｾﾝﾁｭﾘｰ","","宮城県宮城郡松島町松島字仙随8","","","022-354-4111","","","","","","","0","20180718","230157","SYSTEM","20180730","141248","000001"
"0010077","望月製餡所","望月製餡所","ﾓﾁﾂﾞｷｾｲｱﾝｼﾞｮ","","宮城県仙台市若林区沖野2丁目16-20","","","022-227-8100","","","","","","","0","20180718","230157","SYSTEM","20180730","141305","000001"
"0010078","鹿島道路　河南合材製造所","鹿島道路　河南合材製","ｶｼﾏﾄﾞｳﾛｺｳﾅﾝ","","宮城県石巻市北村字米倉42-1","","","0225-73-2619","","","","","","","0","20180718","230157","SYSTEM","20180730","141327","000001"
"0010080","清水港飼料","清水港飼料","ｼﾐｽﾞｺｳｼﾘｮｳ","","宮城県石巻市三河町11","","","0225-22-9263","","","","","","","0","20180718","230157","SYSTEM","20180730","141400","000001"
"0010081","白石クリーニング協同組合","白石クリーニング協同","ｼﾛｲｼｸﾘｰﾆﾝｸﾞ","","宮城県白石市福岡深谷字三本松100","","","022-425-2051","","","","","","","0","20180718","230157","SYSTEM","20180730","141426","000001"
"0010082","世紀東急工業　仙台合材工場","世紀東急工業　仙台合","ｾｲｷﾄｳｷｭｳｺｳｷﾞｮｳ","","宮城県黒川郡富谷町上桜木2丁目5-1","","","022-358-2306","","","","","","","0","20180718","230157","SYSTEM","20180730","141445","000001"
"0002603","JX日鉱日石エネルギー　根岸製油所","JX日鉱日石エネルギー","ﾆｯｺｳﾆｯｾｷｴﾈ","","神奈川県横浜市磯子区鳳町1-1","","","045-757-7111","","","","","","","0","20180718","230157","SYSTEM","20180718","230157","SYSTEM"
"0002604","ｴﾌ･ｼｰ･ｼｰ","ｴﾌ･ｼｰ･ｼｰ","ｴﾌ･ｼｰ･ｼｰ","","福島県郡山市安積4-305","","","","","","","","","","0","20180718","230157","SYSTEM","20220225","090628","000005"
"0002605","鹿嶋市浄化センター","鹿嶋市浄化センター","ｶｼﾏｼｼﾞｮｳｶｾ","","茨城県鹿嶋市大字平井2271-1","","","0299-83-6332","","","","","","","0","20180718","230157","SYSTEM","20180718","230157","SYSTEM"
"0002606","穴澤建設　合材プラント","穴澤建設　合材プラン","ｱﾅｻﾞﾜｹﾝｾﾂ","","福島県喜多方市松山町島見山字街道西5015","","","","","","","","","","0","20180718","230157","SYSTEM","20180718","230157","SYSTEM"
"0002607","釜石市大平下水処理センター","釜石市大平下水処理セ","ｶﾏｲｼｵｵﾋﾗｹﾞ","","岩手県釜石市大平町4-2-20","","","0193-22-1061","","","","","","","0","20180718","230157","SYSTEM","20180718","230157","SYSTEM"
"0002608","八戸環境ｸﾘｰﾝｾﾝﾀｰ","八戸環境ｸﾘｰﾝｾﾝﾀｰ","ﾊﾁﾉﾍｶﾝｷｮｳｸ","","青森県八戸市八太郎6-9-44","","","0178-28-1919","","","","","","","0","20180718","230157","SYSTEM","20180718","230157","SYSTEM"
"0002610","盛岡市中川原終末処理場","盛岡市中川原終末処理","ﾅｶｶﾞﾜﾊﾗｼｭｳ","","岩手県盛岡市東安庭2-8-3","","","019-624-4332","","","","","","","0","20180718","230157","SYSTEM","20180718","230157","SYSTEM"
"0002611","セラケム　関東工場","セラケム　関東工場","ｾﾗｹﾑ ｶﾝﾄｳ","","茨城県常陸大宮市工業団地13-1","","","0295-54-1678","","","","","","","0","20180718","230157","SYSTEM","20180718","230157","SYSTEM"
"0002612","郡山市水道局西部工業用水道浄水場","郡山市水道局西部工業","ｺｵﾘﾔﾏｾｲﾌﾞｺ","","福島県郡山市熱海町下伊豆島字上川原18","","","024-959-3642","","","","","","","0","20180718","230157","SYSTEM","20180718","230157","SYSTEM"
"0002613","アイユー北茨城給油所","アイユー北茨城給油所","ｱｲﾕｰｷﾀｲﾊﾞﾗ","","茨城県北茨城市中郷町下桜井974-2","","","","","","","","","","0","20180718","230157","SYSTEM","20180718","230157","SYSTEM"
"0002614","早坂商会","早坂商会","ﾊﾔｻｶｼｮｳｶｲ","","福島県石川郡石川町字猫啼93-2","","","0247-26-2226","","","","","","","0","20180718","230157","SYSTEM","20180718","230157","SYSTEM"
"0002615","JA東西しらかわ表郷ＳＳ","JA東西しらかわ表郷Ｓ","ｼﾞｪｲｴｲﾄｳｻﾞ","","福島県白河市表郷金山瀬戸原45","","","0248-32-3514","","","","","","","0","20180718","230157","SYSTEM","20180718","230157","SYSTEM"
"0002616","山本製作所　本庄事業所","山本製作所　本庄事業","ﾔﾏﾓﾄｾｲｻｸｼｮ","","埼玉県本庄市下野堂188","","","","","","","","","","0","20180718","230157","SYSTEM","20180718","230157","SYSTEM"
"0002618","日本軽金属　蒲原ケミカル工場","日本軽金属　蒲原ケミ","ﾆﾎﾝｹｲｷﾝｿﾞｸ","","静岡県静岡市清水区蒲原480","","","0543-85-3124","","","","","","","0","20180718","230157","SYSTEM","20180718","230157","SYSTEM"
"0002619","JA東西しらかわ中央SS","JA東西しらかわ中央SS","ｼﾞｪｲｴｲﾄｳｻﾞ","","福島県棚倉町大字棚倉崖の上43-1","","","0247-33-3969","","","","","","","0","20180718","230157","SYSTEM","20180718","230157","SYSTEM"
"0002620","JA伊達みらい梁川中央給油所","JA伊達みらい梁川中央","ｼﾞｪｲｴｲﾀﾞﾃ","","福島県伊達市梁川町字塩野川82","","","024-577-4800","","","","","","","0","20180718","230157","SYSTEM","20180718","230157","SYSTEM"
"0002621","大塚ポリテック福島製作所大越工場","大塚ポリテック福島製","ｵｵﾂｶﾎﾟﾘﾃｯｸ","","福島県田村市大越町牧野堺137-1","","","0247-85-2424","","","","","","","0","20180718","230157","SYSTEM","20180718","230157","SYSTEM"
"0002622","JA東西しらかわ中畑SS","JA東西しらかわ中畑SS","ｼﾞｪｲｴｲﾄｳｻﾞ","","福島県西白河郡矢吹町中畑123","","","0248-43-2112","","","","","","","0","20180718","230157","SYSTEM","20180718","230157","SYSTEM"
"0002625","中川ヒューム管工業　郡山工場","中川ヒューム管工業","ﾅｶｶﾞﾜﾋｭｰﾑ","","福島県郡山市安績町笹川字境橋43","","","024-945-1363","","","","","","","0","20180718","230157","SYSTEM","20180718","230157","SYSTEM"
"0002626","会津土建","会津土建","ｱｲﾂﾞﾄﾞｹﾝ","","福島県河沼郡湯川村笈川地内","","","080-1887-0516","","","","","","","0","20180718","230157","SYSTEM","20180718","230157","SYSTEM"
"0002627","日本興業　北関東工場","日本興業　北関東工場","ﾆﾎﾝｺｳｷﾞｮｳ","","茨城県北茨城市中郷町日棚字壷644-8","","","","","","","","","","0","20180718","230157","SYSTEM","20180718","230157","SYSTEM"
"0002628","梁川ホーム","梁川ホーム","ﾔﾅｶﾞﾜﾎｰﾑ","","福島県伊達市梁川町字東土橋65-1","","","","","","","","","","0","20180718","230157","SYSTEM","20180718","230157","SYSTEM"
"0002632","福島バーミ","福島バーミ","ﾌｸｼﾏﾊﾞｰﾐ","","福島県田村郡小野町大字夏井字川除17-35","","","0247-72-6088","","","","","","","0","20180718","230157","SYSTEM","20180718","230157","SYSTEM"
"0002633","聖オリーブの郷","聖オリーブの郷","ｾｲｵﾘｰﾌﾞﾉｻﾄ","","福島県白河市表郷堀之内字堀之内1-1","","","0248-33-1111","","","","","","","0","20180718","230157","SYSTEM","20180718","230157","SYSTEM"
"0002634","新潟東港油槽所","新潟東港油槽所","ﾆｲｶﾞﾀﾋｶﾞｼｺ","","新潟県新潟市太郎代浜辺2881-29","","","","","","","","","","0","20180718","230157","SYSTEM","20180718","230157","SYSTEM"
"0002635","橋本産業","橋本産業","ﾊｼﾓﾄｻﾝｷﾞｮｳ","","神奈川県横浜市鶴見区安善町２丁目3-2","","","045-501-8031","","","","","","","0","20180718","230157","SYSTEM","20180718","230157","SYSTEM"
"0002636","ヤマサ總業　東京支店","ヤマサ總業　東京支店","ﾔﾏｻｿｳｷﾞｮｳ","","東京都足立区小台1-15-2","","","","","","","","","","0","20180718","230157","SYSTEM","20180718","230157","SYSTEM"
"0002644","クレハ運輸　千葉営業所","クレハ運輸　千葉営業","ｸﾚﾊｳﾝﾕﾁﾊﾞ","","千葉県松戸市松飛台360-1","","","","","","","","","","0","20180718","230157","SYSTEM","20180718","230157","SYSTEM"
"0002645","セルフ中新田ＳＳ","セルフ中新田ＳＳ","ｾﾙﾌﾅｶﾆｲﾀﾞ","","宮城県加美郡加美町字赤塚304-1","","","0229-64-1070","","","","","","","0","20180718","230157","SYSTEM","20180718","230157","SYSTEM"
"0002646","大江川排水機場","大江川排水機場","ｵｵｴｶﾞﾜﾊｲｽｲ","","大江川排水機場","","","","","","","","","","0","20180718","230157","SYSTEM","20180718","230157","SYSTEM"
"0002647","富士通　宮城工場","富士通　宮城工場","ﾌｼﾞﾂｳﾐﾔｷﾞ","","富士通　宮城工場","","","","","","","","","","0","20180718","230157","SYSTEM","20180718","230157","SYSTEM"
"0002648","ダイヤ通商","ダイヤ通商","ﾀﾞｲﾔﾂｳｼｮｳ","","東京都豊島区巣鴨1-6-10","","","03-3941-1176","","","","","","","0","20180718","230157","SYSTEM","20180718","230157","SYSTEM"
"0002649","若松コンクリート","若松コンクリート","ﾜｶﾏﾂｺﾝｸﾘｰﾄ","","若松コンクリート","","","","","","","","","","0","20180718","230157","SYSTEM","20180718","230157","SYSTEM"
"0002651","カメイ　塩釜油槽所","カメイ　塩釜油槽所","ｶﾒｲｼｵｶﾞﾏ","","宮城県塩釜市貞山通2丁目","","","","","","","","","","0","20180718","230157","SYSTEM","20180718","230157","SYSTEM"
"0002652","磐栄通商","磐栄通商","ﾊﾞﾝｴｲﾂｳｼｮｳ","","磐栄通商","","","","","","","","","","0","20180718","230157","SYSTEM","20180718","230157","SYSTEM"
"0002653","クレハ運輸　いわき","クレハ運輸　いわき","ｸﾚﾊｳﾝﾕｲﾜｷ","","クレハ運輸　いわき","","","","","","","","","","0","20180718","230157","SYSTEM","20180718","230157","SYSTEM"
"0002654","SUMCO米沢事業所","SUMCO米沢事業所","ｻﾑｺﾖﾈｻﾞﾜ","","SUMCO米沢事業所","","","","","","","","","","0","20180718","230157","SYSTEM","20180718","230157","SYSTEM"
"0002655","大東タンクターミナル横浜油槽所","大東タンクターミナル","ﾀﾞｲﾄｳﾀﾝｸ","","大東タンクターミナル横浜油槽所","","","","","","","","","","0","20180718","230157","SYSTEM","20180718","230157","SYSTEM"
"0002656","新常磐交通小名浜東","新常磐交通小名浜東","ｼﾝｼﾞｮｳﾊﾞﾝ","","新常磐交通小名浜東","","","","","","","","","","0","20180718","230157","SYSTEM","20180718","230157","SYSTEM"
"0002657","野口石油配送ｾﾝﾀｰ","野口石油配送ｾﾝﾀｰ","ﾉｸﾞﾁｾｷﾕ","","宮城県仙台市青葉区郷六字龍沢3-5","","","022-226-0389","","","","","","","0","20180718","230157","SYSTEM","20180718","230157","SYSTEM"
"0002658","ウタガワ湯本インターSS","ウタガワ湯本インター","ｳﾀｶﾞﾜﾕﾓﾄ","","福島県いわき市常磐西郷町大荷田5-1","","","","","","","","","","0","20180718","230157","SYSTEM","20180718","230157","SYSTEM"
"0002659","常磐港運　茨城","常磐港運　茨城","ﾄｷﾜｺｳｳﾝ","","常磐港運　茨城","","","","","","","","","","0","20180718","230157","SYSTEM","20180718","230157","SYSTEM"
"0002662","JOT　宇都宮","JOT　宇都宮","ｼﾞｪｲ","","栃木県河内郡上三河町大字多功2425","","","","","","","","","","0","20180718","230157","SYSTEM","20180718","230157","SYSTEM"
"0002663","誠和梱包運輸","誠和梱包運輸","ｾｲﾜ","","誠和梱包運輸","","","","","","","","","","0","20180718","230157","SYSTEM","20180718","230157","SYSTEM"
"0002664","磐栄運送　泉","磐栄運送　泉","ﾊﾞﾝｴｲｳﾝｿｳ","","磐栄運送　泉","","","","","","","","","","0","20180718","230157","SYSTEM","20180718","230157","SYSTEM"
"0002665","ダイユーエイト　好間店","ダイユーエイト　好間","ﾀﾞｲﾕｰｴｲﾄ","","ダイユーエイト　好間店","","","","","","","","","","0","20180718","230157","SYSTEM","20180718","230157","SYSTEM"
"0002666","野口石油　利府","野口石油　利府","ﾉｸﾞﾁｾｷﾕ","","宮護憲宮城郡利府町青山２丁目","","","","","","","","","","0","20180718","230157","SYSTEM","20180718","230157","SYSTEM"
"0002667","日本産業","日本産業","ﾆﾎﾝｻﾝｷﾞｮｳ","","宮城県黒川郡大郷町東成田板谷山18-1","","","","","","","","","","0","20180718","230157","SYSTEM","20180718","230157","SYSTEM"
"0002668","日新工業　山形","日新工業　山形","ﾆｯｼﾝｺｳｷﾞｮｳ","","山形県山形市南舘字中川原438","","","023-643-0437","","","","","","","0","20180718","230157","SYSTEM","20180718","230157","SYSTEM"
"0002669","ユタカ商事","ユタカ商事","ﾕﾀｶｼｮｳｼﾞ","","ユタカ商事","","","","","","","","","","0","20180718","230157","SYSTEM","20180718","230157","SYSTEM"
"0002672","東邦ｱｾﾁﾚﾝいわき","東邦ｱｾﾁﾚﾝいわき","ﾄｳﾎｳｱｾﾁﾚﾝ","","東邦ｱｾﾁﾚﾝいわき","","","","","","","","","","0","20180718","230157","SYSTEM","20180730","132005","000001"
"0002673","西方燃料店","西方燃料店","ﾆｼｶﾀ","","山形県東置賜郡高畠町元和田366","","","","","","","","","","0","20180718","230157","SYSTEM","20180718","230157","SYSTEM"
"0002679","那須電機鉄工　会津工場","那須電機鉄工　会津工","ﾅｽﾃﾞﾝｷ","","福島県大沼郡会津美里町野川原町甲1933","","","","","","","","","","0","20180718","230157","SYSTEM","20180718","230157","SYSTEM"
"0002682","昭和ｼｪﾙ石油　新潟石油製品","昭和ｼｪﾙ石油　新潟石","ｼｮｳﾜｼｪﾙ","","新潟県新潟市東区平和町21","","","025-274-4141","","","","","","","0","20180718","230157","SYSTEM","20180718","230157","SYSTEM"
"0002683","アイシー産業","アイシー産業","ｱｲｼｰｻﾝｷﾞｮｳ","","福島県本宮市糠沢字東禅寺20","","","0243-44-4108","","","","","","","0","20180718","230157","SYSTEM","20180718","230157","SYSTEM"
"0002684","三菱日立パワーシステムズ精密鋳造","三菱日立パワーシステ","ﾐﾂﾋﾞｼﾋﾀﾁ","","栃木県宇都宮市平出工業団地1-17","","","028-661-4151","","","","","","","0","20180718","230157","SYSTEM","20180718","230157","SYSTEM"
"0002685","三井・デュポン・フロロケミカル","三井・デュポン・フロ","ｴﾑﾃﾞｨｰｴﾌｹﾐ","","千葉県市原市","","","","","","","","","","0","20180718","230157","SYSTEM","20180718","230157","SYSTEM"
"0002686","マックスサービスそうま大野給油所","マックスサービスそう","ﾏｯｸｽｻｰﾋﾞｽ","","福島県相馬市石上字豊田1-1","","","0244-35-5040","","","","","","","0","20180718","230157","SYSTEM","20180718","230157","SYSTEM"
"0002687","東曹産業　東京工場","東曹産業　東京工場","ﾄｳｿｳｻﾝｷﾞｮｳ","","東京都江東区大島１丁目１番４０号","","","03-3683-8881","","","","","","","0","20180718","230157","SYSTEM","20180718","230157","SYSTEM"
"0002688","日軽　越谷分工場","日軽　越谷分工場","ﾆｯｹｲ","","埼玉県越谷市神明町２丁目１５４番地","","","","","","","","","","0","20180718","230157","SYSTEM","20180718","230157","SYSTEM"
"0002689","小松製作所　郡山工場","小松製作所　郡山工場","ｺﾏﾂ","","小松製作所　郡山工場","","","","","","","","","","0","20180718","230157","SYSTEM","20180718","230157","SYSTEM"
"0002690","広野火力発電所","広野火力発電所","ﾋﾛﾉｶﾘｮｸ","","広野火力発電所","","","","","","","","","","0","20180718","230157","SYSTEM","20180718","230157","SYSTEM"
"0002691","北上地区広域行政組合","北上地区広域行政組合","ｷﾀｶﾐﾁｸｺｳｲｷ","","岩手県北上市成田23-55-1","","","0197-68-2203","","","","","","","0","20180718","230157","SYSTEM","20180718","230157","SYSTEM"
"0002692","不二家飲料果実","不二家飲料果実","ﾌｼﾞﾔｲﾝﾘｮｳｶｼﾞﾂ","","福島県伊達市下川原28","","","0245-83-3435","","","","","","","0","20180718","230157","SYSTEM","20200328","113854","000002"
"0002693","八幡原配送所","八幡原配送所","ﾔﾊﾀﾊﾗ","","山形県米沢市八幡原5-4862-15","","","","","","","","","","0","20180718","230157","SYSTEM","20180718","230157","SYSTEM"
"0002694","仙台市環境局今泉工場","仙台市環境局今泉工場","ｾﾝﾀﾞｲｼｶﾝｷｮ","","宮城県仙台市若葉区今泉字上新田103","","","022-289-4671","","","","","","","0","20180718","230157","SYSTEM","20180718","230157","SYSTEM"
"0002695","日本サンタック","日本サンタック","ﾆﾎﾝｻﾝﾀｯｸ","","栃木県那須鳥山市藤田1181-145","富士見台工業団地","","0287-88-7811","","","","","","","0","20180718","230157","SYSTEM","20180718","230157","SYSTEM"
"0002696","コダック　群馬事業所","コダック　群馬事業所","ｺﾀﾞｯｸｸﾞﾝﾏ","","群馬県邑楽郡千代田町大字昭和1","","","0276-86-5815","","","","","","","0","20180718","230157","SYSTEM","20180718","230157","SYSTEM"
"0002697","大和製罐　ｻｯﾎﾟﾛﾋﾞｰﾙ製罐工場","大和製罐　ｻｯﾎﾟﾛﾋﾞｰﾙ","ﾀﾞｲﾜｾｲｶﾝ","","千葉県船橋市高瀬町2京葉食品ｺﾝﾋﾞﾅｰﾄ内","","","0474-37-3541","","","","","","","0","20180718","230157","SYSTEM","20180718","230157","SYSTEM"
"0002700","会津大建加工","会津大建加工","ｱｲﾂﾞ","","福島県会津若松市神指町大字南四合字幕内西","350","","","","","","","","","0","20180718","230157","SYSTEM","20180718","230157","SYSTEM"
"0002703","カルビー新宇都宮","カルビー新宇都宮","ｶﾙﾋﾞｰｼﾝｳﾂﾉ","","栃木県宇都宮市清原工業団地18-7","","","028-670-5211","","","","","","","0","20180718","230157","SYSTEM","20180718","230157","SYSTEM"
"0002704","大阪ｼｰﾘﾝｸﾞ印刷","大阪ｼｰﾘﾝｸﾞ印刷","ｵｵｻｶｼｰﾘﾝｸﾞ","","栃木県那須塩原市井口1182-21","","","0287-37-9871","","","","","","","0","20180718","230157","SYSTEM","20180718","230157","SYSTEM"
"0002705","パラマウント硝子工業　長沼工場","パラマウント硝子工業","ﾊﾟ","","パラマウント硝子工業　長沼工場","","","","","","","","","","0","20180718","230157","SYSTEM","20180718","230157","SYSTEM"
"0002706","ﾊﾞｲﾛﾝﾈﾙｿﾝ　ｶﾝﾄﾘｰｸﾗﾌﾞ","ﾊﾞｲﾛﾝﾈﾙｿﾝ　ｶﾝﾄﾘｰｸﾗﾌﾞ","ﾊﾞｲﾛﾝﾈﾙｿﾝｶﾝﾄﾘｰ","","福島県いわき市渡辺町上釜戸子つなぎ130-2","","","0246-56-8222","","","","","","","0","20180718","230157","SYSTEM","20180730","115801","000001"
"0002707","共栄電資　東北工場","共栄電資　東北工場","ｷｮｳｴｲﾃﾞﾝｼ","","宮城県仙台市泉区明通3-11-2","","","022-378-5211","","","","","","","0","20180718","230157","SYSTEM","20180718","230157","SYSTEM"
"0002708","エヌシー・テック","エヌシー・テック","ｴﾇｼｰ･ﾃｯｸ","","新潟県北蒲原郡聖籠町東港3-75-6","","","025-256-3400","","","","","","","0","20180718","230157","SYSTEM","20180718","230157","SYSTEM"
"0002709","武田商事","武田商事","ﾀｹﾀﾞｼｮｳｼﾞ","","東京都墨田区東墨田2-20-6","","","03-3619-1306","","","","","","","0","20180718","230157","SYSTEM","20180718","230157","SYSTEM"
"0002711","那須甲子少年自然の家","那須甲子少年自然の家","ﾅｽｺｳｼｼｮｳﾈﾝ","","福島県西白河郡西郷村大字真船字村火","","","0248-36-2331","","","","","","","0","20180718","230157","SYSTEM","20180718","230157","SYSTEM"
"0002712","ﾏｯｸｽFS常磐事業所","ﾏｯｸｽFS常磐事業所","ﾏｯｸｽFS","","茨城県北茨城市関本富士ヶ丘425","","","0293-46-1770","","","","","","","0","20180718","230157","SYSTEM","20180718","230157","SYSTEM"
"0002713","郡山建設廃材ﾘｻｲｸﾙ事業協同組","郡山建設廃材ﾘｻｲｸﾙ事","ｺｵﾘﾔﾏｹﾝｾﾂ","","福島県郡山市日和田町高倉字藤担1-50","","","024-958-2232","","","","","","","0","20180718","230157","SYSTEM","20180718","230157","SYSTEM"
"0002714","カメイ福島　福島油槽所","カメイ福島　福島油槽","ｶﾒｲﾌｸｼﾏ","","福島県福島市飯坂町平野字狢8","","","024-552-1541","","","","","","","0","20180718","230157","SYSTEM","20180718","230157","SYSTEM"
"0002715","福島工業高等専門学校","福島工業高等専門学校","ﾌｸｼﾏｺｳｷﾞｮｳ","","福島県いわき市平上荒川字長尾30","","","0246-46-0724","","","","","","","0","20180718","230157","SYSTEM","20180718","230157","SYSTEM"
"0002716","太陽の国　からまつ荘","太陽の国　からまつ荘","ﾀｲﾖｳﾉｸﾆ","","福島県西白河郡西郷村大字真船字芝原341-8","","","0248-25-3103","","","","","","","0","20180718","230157","SYSTEM","20180718","230157","SYSTEM"
"0002717","丸峰観光ホテル","丸峰観光ホテル","ﾏﾙﾐﾈｶﾝｺｳ","","福島県会津若松市大戸町大字芦ノ牧","下夕平1128","","0242-92-2121","","","","","","","0","20180718","230157","SYSTEM","20180718","230157","SYSTEM"
"0002718","オオキテキスタイルプリント","オオキテキスタイルプ","ｵｵｷﾃｷｽﾀｲﾙ","","福島県喜多方市塩川町窪字家の下1625-1","","","0241-27-2852","","","","","","","0","20180718","230157","SYSTEM","20180718","230157","SYSTEM"
"0002719","下郷町老人福祉センター","下郷町老人福祉センタ","ｼﾓｺﾞｳﾏﾁﾛｳｼﾞﾝﾌｸｼ","","福島県南会津郡下郷町大字湯野上字杉ノ内","548","","0241-69-5111","","","","","","","0","20180718","230157","SYSTEM","20180730","133931","000001"
"0002720","旭自動車工業　油槽所","旭自動車工業　油槽所","ｱｻﾋｼﾞﾄﾞｳｼｬ","","福島県郡山市安積3丁目231","","","0249-45-1207","","","","","","","0","20180718","230157","SYSTEM","20180718","230157","SYSTEM"
"0002721","スウィン大教スイング　郡山北","スウィン大教スイング","ｽｳｨﾝﾀﾞｲｷｮｳ","","福島県郡山市富久山町福原一斗蒔田4-1","","","024-925-1313","","","","","","","0","20180718","230157","SYSTEM","20180718","230157","SYSTEM"
"0002903","エナリス　北茨城発電所","エナリス　北茨城発電","ｴﾅﾘｽ","","茨城県北茨城市磯原町磯原889-1","","","","","","","","","","0","20180718","230157","SYSTEM","20180718","230157","SYSTEM"
"0002901","新藤電子工業","新藤電子工業","ｼﾝﾄﾞｳﾃﾞﾝｼｺ","","茨城県日立市助川町3-1-1","","","0294-25-2119","","","","","","","0","20180718","230157","SYSTEM","20180718","230157","SYSTEM"
"0002902","新仙台火力(宮城野区)","新仙台火力(宮城野区)","ｼﾝｾﾝﾀﾞｲｶﾘｮ","","宮城県仙台市宮城野区港5-2-1","","","022-366-1331","","","","","","","0","20180718","230157","SYSTEM","20180718","230157","SYSTEM"
"0002904","日本製紙　秋田","日本製紙　秋田","ﾆﾎﾝｾｲｼ ｱｷﾀ","","秋田県秋田市向浜2-1-1","","","","","","","","","","0","20180718","230157","SYSTEM","20180718","230157","SYSTEM"
"0002905","砂沼サンビーチ","砂沼サンビーチ","ｻﾇﾏｻﾝﾋﾞｰﾁ","","茨城県下妻市長塚新田241","","","0296-43-6661","","","","","","","0","20180718","230157","SYSTEM","20180718","230157","SYSTEM"
"0002906","ＹＫＫＡＰ　東北事業所","ＹＫＫＡＰ　東北事業","ﾜｲｹｰｹｰ","","宮城県大崎市三本木字吉田1","","","0229-52-3500","","","","","","","0","20180718","230157","SYSTEM","20180718","230157","SYSTEM"
"0002907","ナカヤマ","ナカヤマ","ﾅｶﾔﾏ","","静岡県静岡市清水区長崎新田241","","","054-368-4750","","","","","","","0","20180718","230157","SYSTEM","20180718","230157","SYSTEM"
"0002908","昭和シェル石油　塩釜油槽所","昭和シェル石油　塩釜","ｼｮｳﾜｼｪﾙ","","昭和シェル石油　塩釜油槽所","","","","","","","","","","0","20180718","230157","SYSTEM","20180718","230157","SYSTEM"
"0002910","ミヤマ　燕","ミヤマ　燕","ﾐﾔﾏ ﾂﾊﾞﾒ","","新潟県燕市小池3663-1","","","","","","","","","","0","20180718","230157","SYSTEM","20180718","230157","SYSTEM"
"0002911","レンゴー　利根川","レンゴー　利根川","ﾚﾝｺﾞｰ","","茨城県坂東市岩井5269","","","0297-35-2306","","","","","","","0","20180718","230157","SYSTEM","20180718","230157","SYSTEM"
"0002912","OKIｻｰｷｯﾄﾃｸﾉﾛｼﾞｰ","OKIｻｰｷｯﾄﾃｸﾉﾛｼﾞｰ","ｵｷｻｰｷｯﾄﾃｸﾉﾛｼﾞｰ","","山形県鶴岡市宝田1-15-68","","","0235-24-3451","","","","","","","0","20180718","230157","SYSTEM","20220519","111402","000002"
"0002913","日本化薬　鹿島","日本化薬　鹿島","ﾆﾎﾝｶﾔｸ","","茨城県神栖市砂山6","","","0479-46-2661","","","","","","","0","20180718","230157","SYSTEM","20180718","230157","SYSTEM"
"0002914","アサヒビール　茨城","アサヒビール　茨城","ｱｻﾋﾋﾞｰﾙ ｲﾊ","","茨城県守谷市緑1-1-1","","","0297-45-7111","","","","","","","0","20180718","230157","SYSTEM","20180718","230157","SYSTEM"
"0002915","山形メイコー　石巻","ヤマガタメイコー","ﾔﾏｶﾞﾀﾒｲｺｰ","","宮城県石巻市重吉町8-5","","","0225-98-8769","","","","","","","0","20180718","230157","SYSTEM","20210108","104352","000001"
"0002916","常磐化成","常磐化成","ｼﾞｮｳﾊﾞﾝｶｾｲ","","常磐化成","","","","","","","","","","0","20180718","230157","SYSTEM","20180718","230157","SYSTEM"
"0002917","アジア物性材料　いわき","アジア物性材料　いわ","ｱｼﾞｱﾌﾞｯｾｲ","","福島県いわき市四倉町字芳ノ沢1-58","いわき四倉中核工業","","0246-32-2048","","","","","","","0","20180718","230157","SYSTEM","20180718","230157","SYSTEM"
"0002918","JX小名浜","JX小名浜","ｼﾞｪｲｴｯｸｽｵﾅﾊﾏ","","JX小名浜","","","","","","","","","","0","20180718","230157","SYSTEM","20180730","133217","000001"
"0002919","JOT郡山","JOT郡山","ｼﾞｪｲｵｳﾃｨｺｵﾘﾔﾏ","","JOT郡山","","","","","","","","","","0","20180718","230157","SYSTEM","20180730","133239","000001"
"0002920","東西OT小名浜","東西OT小名浜","ﾄｳｻﾞｲｵｰﾃｨ","","東西OT小名浜","","","","","","","","","","0","20180718","230157","SYSTEM","20180730","133351","000001"
"0002921","東北佐竹製作所","東北佐竹製作所","ﾄｳﾎｸｻﾀｹ","","岩手県北上市川岸1丁目16-1","","","022-306-0788","","","","","","","0","20180718","230157","SYSTEM","20180730","115936","000001"
"0002922","ユニオン昭和　会津","ユニオン昭和　会津","ﾕﾆｵﾝｼｮｳﾜ","","福島県会津若松市河東町東長原字長谷地111","","","0242-75-3221","","","","","","","0","20180718","230157","SYSTEM","20180718","230157","SYSTEM"
"0002923","サイオクス(半導体)","サイオクス(半導体)","ｻｲｵｸｽ","","茨城県日立市砂沢880　日立金属　高砂工場","","","0294-42-5063","","","","","","","0","20180718","230157","SYSTEM","20180718","230157","SYSTEM"
"0002925","東京製鐵　宇都宮","東京製鐵　宇都宮","ﾄｳｷｮｳｾｲﾃﾂ","","栃木県宇都宮市清原工業団地11-1","","","028-670-5402","","","","","","","0","20180718","230157","SYSTEM","20180718","230157","SYSTEM"
"0002926","城里町衛生センター","城里町衛生センター","ｼﾛｻﾄﾏﾁｴｲｾｲ","","茨城県東茨城郡城里町大字小勝2571","","","029-688-2311","","","","","","","0","20180718","230157","SYSTEM","20180718","230157","SYSTEM"
"0002927","北関東ケミカル","北関東ケミカル","ｷﾀｶﾝﾄｳｹﾐｶﾙ","","栃木県足利市樺崎町1950-10","","","0284-40-4171","","","","","","","0","20180718","230157","SYSTEM","20180718","230157","SYSTEM"
"0002928","佐藤クリーニング　第一工場","佐藤クリーニング　第","ｻﾄｳｸﾘｰﾆﾝｸﾞ","","福島県会津若松市真宮新町北3-51","","","0242-58-3666","","","","","","","0","20180718","230157","SYSTEM","20180730","133438","000001"
"0002929","東西しらかわ農業協同組合表郷支所","東西しらかわ農業協同","ﾄｳｻﾞｲｼﾗｶﾜﾉｳｷﾞｮｳ","","福島県白河市表郷金山越堀112-1","","","","","","","","","","0","20180718","230157","SYSTEM","20180730","133755","000001"
"0002930","ｸﾘｰﾝﾃｯｸ第二期","ｸﾘｰﾝﾃｯｸ第二期","ｸﾘｰﾝﾃｯｸ","","福島県福島市飯坂町中野字赤落27","","","024-541-2811","","","","","","","0","20180718","230157","SYSTEM","20180718","230157","SYSTEM"
"0002931","太陽興産","太陽興産","ﾀｲﾖｳｺｳｻﾝ","","福島県郡山市喜久田町卸3-19","","","024-959-2200","","","","","","","0","20180718","230157","SYSTEM","20180718","230157","SYSTEM"
"0002932","天乃屋　福島工場","天乃屋　福島工場","ｱﾏﾉﾔ","","福島県西白河郡矢吹町松倉742","","","0248-43-2511","","","","","","","0","20180718","230157","SYSTEM","20180718","230157","SYSTEM"
"0002933","会津アスコン　南会津工場","会津アスコン　南会津","ｱｲﾂﾞｱｽｺﾝ","","福島県南会津下郷町落合778","","","0241-62-3114","","","","","","","0","20180718","230157","SYSTEM","20180730","134006","000001"
"0002934","城里町　小松浄水場","城里町　小松浄水場","ｺﾏﾂｼﾞｮｳｽｲｼ","","茨城県東茨城郡城里町大字上入野4183-2","","","029-288-8114","","","","","","","0","20180718","230157","SYSTEM","20180718","230157","SYSTEM"
"0002935","夕月","夕月","ﾕｳﾂﾞｷ","","夕月","","","","","","","","","","0","20180718","230157","SYSTEM","20180718","230157","SYSTEM"
"0002936","ヤマサ　成田","ヤマサ　成田","ﾔﾏｻ ﾅﾘﾀ","","千葉県成田市浅間452-5","","","0476-49-0095","","","","","","","0","20180718","230157","SYSTEM","20180718","230157","SYSTEM"
"0002947","女川まちづくり作業所","女川まちづくり作業所","ｵﾅｶﾞﾜﾏﾁﾂﾞｸ","","宮城県男鹿郡女川町女川浜","","","","","","","","","","0","20180718","230157","SYSTEM","20180718","230157","SYSTEM"
"0002948","近藤産業　燕","近藤産業　燕","ｺﾝﾄﾞｳｻﾝｷﾞｮ","","新潟県燕市小関681-4","","","0256-62-5184","","","","","","","0","20180718","230157","SYSTEM","20180718","230157","SYSTEM"
"0002949","東北村田製作所　（郡山）","東北村田製作所　（郡","ﾄｳﾎｸﾑﾗﾀ","","福島県郡山市日和田高倉下杉下1-1","","","024-958-3811","","","","","","","0","20180718","230157","SYSTEM","20180730","134050","000001"
"0002950","ＪＲとまとランド","ＪＲとまとランド","ｼﾞｪｲｱｰﾙﾄﾏﾄﾗﾝﾄﾞ","","福島県いわき市四倉町中島字助五郎1-1","","","0246-38-8770","","","","","","","0","20180718","230157","SYSTEM","20180730","134144","000001"
"0002951","SSKセールス福島工場","SSKセールス福島","ｴｽｴｽｹｲｾｰﾙｽ","","福島県伊達市中志和田30","","","024-583-3411","","","","","","","0","20180718","230157","SYSTEM","20180806","111949","000001"
"0002952","高田工業　泉崎工場","高田工業　泉崎工場","ﾀｶﾀﾞ","","福島県西白河郡泉崎村大字泉崎字大山1-2","","","0248-53-3931","","","","","","","0","20180718","230157","SYSTEM","20180718","230157","SYSTEM"
"0002953","ﾆﾁﾉｰｻｰﾋﾞｽ　鹿島","ﾆﾁﾉｰｻｰﾋﾞｽ　鹿島","ﾆﾁﾉｰｻｰﾋﾞｽ","","茨城県神栖市砂山19","","","0479-46-3535","","","","","","","0","20180718","230157","SYSTEM","20230909","114333","000002"
"0002954","福島乳業","福島乳業","ﾌｸｼﾏ","","福島県福島市飯坂町平野字上前田6-1","","","024-542-6181","","","","","","","0","20180718","230157","SYSTEM","20180718","230157","SYSTEM"
"0003000","トウペ茨城工場","トウペ茨城工場","ﾄｳﾍﾟ","","トウペ茨城工場","","","","","","","","","","0","20180718","230157","SYSTEM","20180718","230157","SYSTEM"
"0003001","ﾃﾞﾙﾀ化成","ﾃﾞﾙﾀ化成","ﾃﾞﾙﾀ","379-2203","群馬県伊勢崎市曲沢町７６３","","","","","","","","","","0","20180718","230157","SYSTEM","20220225","092151","000005"
"0003002","ﾀﾏ化学工業","ﾀﾏ化学工業","ﾀﾏｶｶﾞｸ","340-0807","埼玉県八潮市新町２９","","","","","","","","","","0","20180718","230157","SYSTEM","20220225","092041","000005"
"0003003","東京精溜工業","東京精溜工業","ﾄｳｷｮｳｾｲﾘｭｳ","340-0807","埼玉県八潮市新町２９－４","","","","","","","","","","0","20180718","230157","SYSTEM","20220307","144151","000005"
"0003004","日東化学産業","日東化学産業","ﾆｯﾄｳｶｶﾞｸｻﾝｷﾞｮｳ","251-0014","神奈川県藤沢市宮前６７８","","","","","","","","","","0","20180718","230157","SYSTEM","20220307","144628","000005"
"0003005","立川商店","立川商店","ﾀﾁｶﾜｼｮｳﾃﾝ","","立川商店","","","","","","","","","","0","20180718","230157","SYSTEM","20180718","230157","SYSTEM"
"0003006","東工","東工","ﾄｳｺｳ","","神奈川県大和市つみき野1-1-4","","","0462-74-5461","","","","","","","0","20180718","230157","SYSTEM","20200220","112535","000005"
"0003007","富士フィルム　富士宮","富士フィルム　富士宮","ﾌｼﾞﾌｲﾙﾑ","","富士フィルム　富士宮","","","","","","","","","","0","20180718","230157","SYSTEM","20180718","230157","SYSTEM"
"0003008","第一三共ケミカル","第一三共ケミカル","ﾀﾞｲｲﾁｻﾝｷｮｳ","","第一三共ケミカル","","","","","","","","","","0","20180718","230157","SYSTEM","20180718","230157","SYSTEM"
"0003009","ｺﾞｰﾄﾞｰ 東京工場","ｺﾞｰﾄﾞｰ 東京工場","ｺﾞｰﾄﾞｰ","346-0028","埼玉県久喜市河原井町２３","","","","","","","","","","0","20180718","230157","SYSTEM","20220225","091040","000005"
"0003010","新日本化学工業","新日本化学工業","ｼﾝﾆﾎﾝｶｶﾞｸ","","新日本化学工業","","","","","","","","","","0","20180718","230157","SYSTEM","20180718","230157","SYSTEM"
"0003011","上尾金属工業","上尾金属工業","ｱｹﾞｵｷﾝｿﾞｸ","","上尾金属工業","","","","","","","","","","0","20180718","230157","SYSTEM","20180718","230157","SYSTEM"
"0003012","茨城環境","茨城環境","ｲﾊﾞﾗｷﾞｶﾝｷｮ","","茨城環境","","","","","","","","","","0","20180718","230157","SYSTEM","20180718","230157","SYSTEM"
"0003013","信越化学工業","信越化学工業","ｼﾝｺｼｶｶﾞｸ","","信越化学工業","","","","","","","","","","0","20180718","230157","SYSTEM","20180718","230157","SYSTEM"
"0003014","日光化学工業","日光化学工業","ﾆｯｺｳｶｶﾞｸ","","日光化学工業","","","","","","","","","","0","20180718","230157","SYSTEM","20180718","230157","SYSTEM"
"0005001","吉田化学㈱本社工場","吉田化学㈱本社工場","ﾖｼﾀﾞｶｶﾞｸ","","吉田化学㈱本社","","","","","","","","","","0","20180718","230157","SYSTEM","20230612","145031","000003"
"0005002","吉田化学㈱茨城工場","吉田化学（株茨城工場","ﾖｼﾀﾞｶｶﾞｸｶﾌﾞ","","吉田化学㈱茨城工場","","","","","","","","","","0","20180718","230157","SYSTEM","20230630","152441","000003"
"0005003","赤城乳業　本庄","赤城乳業　本庄","ｱｶｷﾞﾆｭｳｷﾞｮ","","赤城乳業　本庄","","","","","","","","","","0","20180718","230157","SYSTEM","20220412","115351","000003"
"0005004","上尾メッキ工業団地","上尾メッキ工業団地","ｱｹﾞｵﾒ","","上尾メッキ工業団地","","","","","","","","","","0","20180718","230157","SYSTEM","20180718","230157","SYSTEM"
"0005005","旭硝子　鹿島","旭硝子　鹿島","ｱｻﾋｶﾞﾗｽｶｼﾏ","","旭硝子　鹿島","","","","","","","","","","0","20180718","230157","SYSTEM","20180718","230157","SYSTEM"
"0005006","旭硝子　千葉","旭硝子　千葉","ｱｻﾋｶﾞﾗｽﾁﾊﾞ","","旭硝子　千葉","","","","","","","","","","0","20180718","230157","SYSTEM","20180718","230157","SYSTEM"
"0005007","アサヒペンケミカル","アサヒペンケミカル","ｱｻﾋﾍﾟ","","アサヒペンケミカル","","","","","","","","","","0","20180718","230157","SYSTEM","20180718","230157","SYSTEM"
"0005008","伊勢化学（一宮）","伊勢化学（一宮）","ｲｾｲﾁﾉﾐﾔ","","伊勢化学　一宮","","","","","","","","","","0","20180718","230157","SYSTEM","20230612","144917","000003"
"0005009","伊勢化学　白子","伊勢化学　白子","ｲｾｼﾗｺ","","伊勢化学　白子","","","","","","","","","","0","20180718","230157","SYSTEM","20180718","230157","SYSTEM"
"0005010","伊勢化学（白里）","伊勢化学（白里）","ｲｾｶｶﾞｸｼﾗｻﾄ","","伊勢化学（白里）","","","","","","","","","","0","20180718","230157","SYSTEM","20220426","141842","000003"
"0005011","伊勢化学　太東","伊勢化学　太東","ｲｾｶｶﾞｸﾀｲﾄｳ","","伊勢化学　太東","","","","","","","","","","0","20180718","230157","SYSTEM","20180718","230157","SYSTEM"
"0005012","伊勢化学　光","伊勢化学　光","ｲｾﾋｶﾘ","","伊勢化学　光","","","","","","","","","","0","20180718","230157","SYSTEM","20180718","230157","SYSTEM"
"0005013","伊勢化学Ｍプラント","伊勢化学Ｍプラント","ｲｾｶｶﾞｸＭ","","伊勢化学Ｍプラント","","","","","","","","","","0","20180718","230157","SYSTEM","20180718","230157","SYSTEM"
"0005014","磯村農水機工","磯村農水機工","ｲｿﾑﾗﾉ","","磯村農水機工","","","","","","","","","","0","20180718","230157","SYSTEM","20180718","230157","SYSTEM"
"0005015","市光工業蓮田","市光工業蓮田","ｲﾁｺｳﾊ","","市光工業蓮田","","","","","","","","","","0","20180718","230157","SYSTEM","20180718","230157","SYSTEM"
"0005016","市光工業藤岡","市光工業藤岡","ｲﾁｺｳﾌ","","市光工業藤岡","","","","","","","","","","0","20180718","230157","SYSTEM","20180718","230157","SYSTEM"
"0005017","ＩＨＩ石川島播磨重工","ＩＨＩ石川島播磨重工","ｱｲｴｲﾁｱｲｲｼｶ","","ＩＨＩ石川島播磨重工","","","","","","","","","","0","20180718","230157","SYSTEM","20180718","230157","SYSTEM"
"0005018","イハラケミカル工業","イハラケミカル工業","ｲﾊﾗｹﾐ","","イハラケミカル工業","","","","","","","","","","0","20180718","230157","SYSTEM","20180718","230157","SYSTEM"
"0005019","イハラニッケイ化学工業","イハラニッケイ化学工","ｲﾊﾗﾆｯ","","イハラニッケイ化学工業","","","","","","","","","","0","20180718","230157","SYSTEM","20180718","230157","SYSTEM"
"0005020","ＩＭＡＧＩＣＡ東京","ＩＭＡＧＩＣＡ東京","ｲﾏｼﾞｶ","","ＩＭＡＧＩＣＡ東京","","","","","","","","","","0","20180718","230157","SYSTEM","20180718","230157","SYSTEM"
"0005021","岩手東芝エレクトロニクス","岩手東芝エレクトロニ","ｲﾜﾃﾄｳ","","岩手東芝エレクトロニクス","","","","","","","","","","0","20180718","230157","SYSTEM","20180718","230157","SYSTEM"
"0005022","上原ネ-ムブレ-ト","上原ネ-ムブレ-ト","ｳｴﾊﾗ","","上原ネ-ムブレ-ト","","","","","","","","","","0","20180718","230157","SYSTEM","20180718","230157","SYSTEM"
"0005023","臼井協和プラント","臼井協和プラント","ｳｽｲｷｮ","","臼井協和プラント","","","","","","","","","","0","20180718","230157","SYSTEM","20180718","230157","SYSTEM"
"0005024","臼井国際産業","臼井国際産業","ｳｽｲｺｸ","","臼井国際産業","","","","","","","","","","0","20180718","230157","SYSTEM","20180718","230157","SYSTEM"
"0005025","荏原製作所","荏原製作所","ｴﾊﾞﾗ","","荏原製作所","","","","","","","","","","0","20180718","230157","SYSTEM","20180718","230157","SYSTEM"
"0005026","えひめ飲料","えひめ飲料","ｴﾋﾒｲﾝ","","えひめ飲料","","","","","","","","","","0","20180718","230157","SYSTEM","20180718","230157","SYSTEM"
"0005027","大井製作所","大井製作所","ｵｵｲｾｲ","","大井製作所","","","","","","","","","","0","20180718","230157","SYSTEM","20180718","230157","SYSTEM"
"0005028","OKIｾﾐｺﾝﾀﾞｸﾀ八王子","OKIｾﾐｺﾝﾀﾞｸﾀ八王子","ｵｷｾﾐｺﾝﾀﾞｸﾀ","","OKIｾﾐｺﾝﾀﾞｸﾀ八王子","","","","","","","","","","0","20180718","230157","SYSTEM","20180718","230157","SYSTEM"
"0005029","カゴメ那須","カゴメ那須","ｶｺﾞﾒﾅ","","カゴメ那須","","","","","","","","","","0","20180718","230157","SYSTEM","20180718","230157","SYSTEM"
"0005030","カシオ山梨","カシオ山梨","ｶｼｵﾔﾏ","","カシオ山梨","","","","","","","","","","0","20180718","230157","SYSTEM","20180718","230157","SYSTEM"
"0005031","鹿島塩ビモノマ-","鹿島塩ビモノマ-","ｶｼﾏｴﾝ","","鹿島塩ビモノマ-","","","","","","","","","","0","20180718","230157","SYSTEM","20180718","230157","SYSTEM"
"0005032","鹿島石油","鹿島石油","ｶｼﾏｾｷ","","鹿島石油","","","","","","","","","","0","20180718","230157","SYSTEM","20180718","230157","SYSTEM"
"0005033","鹿島電解","鹿島電解","ｶｼﾏﾃﾞﾝｶｲ","","鹿島電解","","","","","","","","","","0","20180718","230157","SYSTEM","20180718","230157","SYSTEM"
"0005034","カツデン","カツデン","ｶﾂﾃﾞﾝ","","カツデン","","","","","","","","","","0","20180718","230157","SYSTEM","20180718","230157","SYSTEM"
"0005035","川鉄鋼板","川鉄鋼板","ｶﾜﾃﾂｺ","","川鉄鋼板","","","","","","","","","","0","20180718","230157","SYSTEM","20180718","230157","SYSTEM"
"0005036","ＪＦＥスチ-ル（株）東日本製鉄所","ＪＦＥスチ-ル（株）","ｼﾞｪｲｴ","","ＪＦＥスチ-ル（株）東日本製鉄所","","","","","","","","","","0","20180718","230157","SYSTEM","20180718","230157","SYSTEM"
"0005037","川崎マイクロエレクトロニクス","川崎マイクロエレクト","ｶﾜｻｷﾏｲｸﾛ","","川崎マイクロエレクトロニクス","","","","","","","","","","0","20180718","230157","SYSTEM","20180718","230157","SYSTEM"
"0005038","環境ＥＮＧ軟水前処理設備","環境ＥＮＧ軟水前処理","ｶﾝEﾅﾝ","","環境ＥＮＧ軟水前処理設備","","","","","","","","","","0","20180718","230157","SYSTEM","20180718","230157","SYSTEM"
"0005039","環境ＥＮＧ西区雨水排水処理設備","環境ＥＮＧ西区雨水排","ｶﾝEﾆｼ","","環境ＥＮＧ西区雨水排水処理設備","","","","","","","","","","0","20180718","230157","SYSTEM","20180718","230157","SYSTEM"
"0005040","環境ＥＮＧクリ-ンステ-ション","環境ＥＮＧクリ-ンス","ｶﾝEｸﾘ","","環境ＥＮＧクリ-ンステ-ション","","","","","","","","","","0","20180718","230157","SYSTEM","20180718","230157","SYSTEM"
"0005041","環境ＥＮＧジックス","環境ＥＮＧジックス","ｶﾝEｼﾞ","","環境ＥＮＧジックス","","","","","","","","","","0","20180718","230157","SYSTEM","20180718","230157","SYSTEM"
"0005042","環境システム","環境システム","ｶﾝｼｽ","","環境システム","","","","","","","","","","0","20180718","230157","SYSTEM","20180718","230157","SYSTEM"
"0005043","日本天然ガス開発　生実","日本天然ガス開発　生","ｶﾞｽｵﾕ","","日本天然ガス開発　生実","","","","","","","","","","0","20180718","230157","SYSTEM","20180718","230157","SYSTEM"
"0005044","日本天然ガス開発 七井戸","日本天然ガス開発 七","ｶﾞｽﾅﾅ","","日本天然ガス開発 七井戸","","","","","","","","","","0","20180718","230157","SYSTEM","20180718","230157","SYSTEM"
"0005045","関東化成工業","関東化成工業","ｶﾝｶｾｲ","","関東化成工業","","","","","","","","","","0","20180718","230157","SYSTEM","20180718","230157","SYSTEM"
"0005046","北里研究所","北里研究所","ｷﾀｻﾞﾄｹﾝｷｭｳ","","北里研究所","","","","","","","","","","0","20180718","230157","SYSTEM","20180718","230157","SYSTEM"
"0005047","北爪商店","北爪商店","ｷﾀﾂﾞﾒ","","北爪商店","","","","","","","","","","0","20180718","230157","SYSTEM","20180718","230157","SYSTEM"
"0005048","杵渕製作所","杵渕製作所","ｷﾈﾌﾞﾁ","","杵渕製作所","","","","","","","","","","0","20180718","230157","SYSTEM","20180718","230157","SYSTEM"
"0005049","キャノンＮＴＣ","キャノンＮＴＣ","ｷｬﾉﾝ","","キャノンＮＴＣ","","","","","","","","","","0","20180718","230157","SYSTEM","20180718","230157","SYSTEM"
"0005050","清原住電","清原住電","ｷﾖﾊﾗ","","清原住電","","","","","","","","","","0","20180718","230157","SYSTEM","20180718","230157","SYSTEM"
"0005051","京菱ケミカル","京菱ケミカル","ｷｮｳﾘｮ","","京菱ケミカル","","","","","","","","","","0","20180718","230157","SYSTEM","20180718","230157","SYSTEM"
"0005052","クラレ鹿島","クラレ鹿島","ｸﾗﾚ","","クラレ鹿島","","","","","","","","","","0","20180718","230157","SYSTEM","20180718","230157","SYSTEM"
"0005053","栗原処分場","栗原処分場","ｸﾘﾊﾗｼ","","栗原処分場","","","","","","","","","","0","20180718","230157","SYSTEM","20180718","230157","SYSTEM"
"0005054","クレシア","クレシア","ｸﾚｼｱ","","クレシア","","","","","","","","","","0","20180718","230157","SYSTEM","20180718","230157","SYSTEM"
"0005055","桑名商事","桑名商事","ｸﾜﾅ","","桑名商事","","","","","","","","","","0","20180718","230157","SYSTEM","20180718","230157","SYSTEM"
"0005056","合同資源","合同資源","ｺﾞｳﾄﾞ","","合同資源","","","","","","","","","","0","20180718","230157","SYSTEM","20220426","135050","000003"
"0005057","甲府浄化センター","甲府浄化センター","ｺｳﾌｼﾞｮｳｶ","","甲府浄化センター","","","","","","","","","","0","20180718","230157","SYSTEM","20180718","230157","SYSTEM"
"0005058","コミヤテクノ","コミヤテクノ","ｺﾐﾔﾃｸ","","コミヤテクノ","","","","","","","","","","0","20180718","230157","SYSTEM","20180718","230157","SYSTEM"
"0005059","古守電化工業","古守電化工業","ｺﾓﾘﾃﾞ","","古守電化工業","","","","","","","","","","0","20180718","230157","SYSTEM","20180718","230157","SYSTEM"
"0005060","斎藤商会","斎藤商会","ｻｲﾄｳｼ","","斎藤商会","","","","","","","","","","0","20180718","230157","SYSTEM","20180718","230157","SYSTEM"
"0005061","三恵","三恵","ｻﾝｹｲ","","三恵","","","","","","","","","","0","20180718","230157","SYSTEM","20180718","230157","SYSTEM"
"0005062","三恵技研","三恵技研","ｻﾝｹｲｷ","","三恵技研","","","","","","","","","","0","20180718","230157","SYSTEM","20180718","230157","SYSTEM"
"0005063","三洋電機東京SS半導体新プラント","三洋電機東京SS半導体","ｻﾝﾖｳﾃ","","三洋電機東京SS半導体新プラント","","","","","","","","","","0","20180718","230157","SYSTEM","20180718","230157","SYSTEM"
"0005064","信越化学工業　鹿島東第2","信越化学工業　鹿島東","ｼﾝｴﾂｶ","","茨城県神栖市東和田1","","","0299-96-3411","","","","","","","0","20180718","230157","SYSTEM","20200220","112259","000005"
"0005065","信越化学工業　松井田","信越化学工業　松井田","ｼﾝｴﾂﾏ","","信越化学工業　松井田","","","","","","","","","","0","20180718","230157","SYSTEM","20180718","230157","SYSTEM"
"0005066","シチズンビジネスエキスパート","シチズンビジネスエキ","ｼﾁｽﾞﾝﾋﾞｼﾞﾈ","","シチズンビジネスエキスパート","","","","","","","","","","0","20180718","230157","SYSTEM","20180718","230157","SYSTEM"
"0005067","ジックス水処理場","ジックス水処理場","ｼﾞｯｸｽ","","ジックス水処理場","","","","","","","","","","0","20180718","230157","SYSTEM","20180718","230157","SYSTEM"
"0005068","ジャパンエナジ-石油開発","ジャパンエナジ-石油","ｼﾞｬﾊﾟ","","ジャパンエナジ-石油開発","","","","","","","","","","0","20180718","230157","SYSTEM","20180718","230157","SYSTEM"
"0005069","湘南ワイパ-サプライ","湘南ワイパ-サプライ","ｼｮｳﾅﾝ","","湘南ワイパ-サプライ","","","","","","","","","","0","20180718","230157","SYSTEM","20180718","230157","SYSTEM"
"0005070","新日本製鉄　君津製鉄所","新日本製鉄　君津製鉄","ｼﾝﾆｯﾃﾂｷﾐﾂ","","新日本製鉄　君津製鉄所","","","","","","","","","","0","20180718","230157","SYSTEM","20180718","230157","SYSTEM"
"0005071","新和エコー","新和エコー","ｼﾝﾜｴｺｰ","","新和エコー","","","","","","","","","","0","20180718","230157","SYSTEM","20180718","230157","SYSTEM"
"0005072","水道機工","水道機工","ｽｲﾄﾞｳ","","水道機工","","","","","","","","","","0","20180718","230157","SYSTEM","20180718","230157","SYSTEM"
"0005073","鈴木商店","鈴木商店","ｽｽﾞｷｼ","","鈴木商店","","","","","","","","","","0","20180718","230157","SYSTEM","20180718","230157","SYSTEM"
"0005074","住友金属工業　ステンレス","住友金属工業　ステン","ｽﾐｷﾝ","","住友金属工業　ステンレス","","","","","","","","","","0","20180718","230157","SYSTEM","20180718","230157","SYSTEM"
"0005075","新日鉄用水センター","新日鉄用水センター","ｼﾝﾆｯﾃﾂﾖｳｽｲ","","新日鉄用水センター","","","","","","","","","","0","20180718","230157","SYSTEM","20180718","230157","SYSTEM"
"0005076","セイコ-インスツルメンツ","セイコ-インスツルメ","ｾｲｺｲﾝ","","セイコ-インスツルメンツ","","","","","","","","","","0","20180718","230157","SYSTEM","20180718","230157","SYSTEM"
"0005077","セイコ-クロック","セイコ-クロック","ｾｲｺｸﾛ","","セイコ-クロック","","","","","","","","","","0","20180718","230157","SYSTEM","20180718","230157","SYSTEM"
"0005078","セイコ-リネン","セイコ-リネン","ｾｲｺﾘﾈ","","セイコ-リネン","","","","","","","","","","0","20180718","230157","SYSTEM","20180718","230157","SYSTEM"
"0005079","誠和工業","誠和工業","ｾｲﾜｺｳ","","誠和工業","","","","","","","","","","0","20180718","230157","SYSTEM","20180718","230157","SYSTEM"
"0005080","ｾﾞｸｾﾙｳﾞｧﾚｵｸﾗｲﾒ-ﾄｺﾝﾄﾛ-ﾙ江南","ｾﾞｸｾﾙｳﾞｧﾚｵｸﾗｲﾒ-ﾄｺﾝﾄﾛ","ｾﾞｸｾﾙ","","ｾﾞｸｾﾙｳﾞｧﾚｵｸﾗｲﾒ-ﾄｺﾝﾄﾛ-ﾙ江南","","","","","","","","","","0","20180718","230157","SYSTEM","20180718","230157","SYSTEM"
"0005081","ボッシュＡＭＳ　狭山","ボッシュＡＭＳ　狭山","ﾎﾞｯｼｭ","","ボッシュＡＭＳ　狭山","","","","","","","","","","0","20180718","230157","SYSTEM","20180718","230157","SYSTEM"
"0005082","ボッシュＡＭＳ　東松山","ボッシュＡＭＳ　東松","ﾎﾞｯｼｭ","","ボッシュＡＭＳ　東松山","","","","","","","","","","0","20180718","230157","SYSTEM","20180718","230157","SYSTEM"
"0005083","ソニ-ケミカル","ソニ-ケミカル","ｿﾆ-ｹﾐ","","ソニ-ケミカル","","","","","","","","","","0","20180718","230157","SYSTEM","20180718","230157","SYSTEM"
"0005084","ダイキン工業　鹿島","ダイキン工業　鹿島","ﾀﾞｲｷﾝ","","ダイキン工業　鹿島","","","","","","","","","","0","20180718","230157","SYSTEM","20180718","230157","SYSTEM"
"0005085","大東化学","大東化学","ﾀﾞｲﾄｳ","","大東化学","","","","","","","","","","0","20180718","230157","SYSTEM","20180718","230157","SYSTEM"
"0005086","大同化工","大同化工","ﾀﾞｲﾄﾞ","","大同化工","","","","","","","","","","0","20180718","230157","SYSTEM","20180718","230157","SYSTEM"
"0005087","大日本印刷市ヶ谷水処理場","大日本印刷市ヶ谷水処","ｲﾝｻﾂｲ","","大日本印刷市ヶ谷水処理場","","","","","","","","","","0","20180718","230157","SYSTEM","20180718","230157","SYSTEM"
"0005088","ＤＮＰ住空間マテリアル","ＤＮＰ住空間マテリア","ｼﾞｭｳｸｳｶﾝﾏﾃ","","ＤＮＰ住空間マテリアル","","","","","","","","","","0","20180718","230157","SYSTEM","20180718","230157","SYSTEM"
"0005089","大日本印刷グラビア","大日本印刷グラビア","ｲﾝｻﾂｸﾞﾗﾋﾞｱ","","大日本印刷グラビア","","","","","","","","","","0","20180718","230157","SYSTEM","20180718","230157","SYSTEM"
"0005090","大日本印刷　鶴瀬","大日本印刷　鶴瀬","ｲﾝﾂﾙｾ","","大日本印刷　鶴瀬","","","","","","","","","","0","20180718","230157","SYSTEM","20180718","230157","SYSTEM"
"0005091","大日本印刷　上福岡","大日本印刷　上福岡","ﾐｸﾛ","","大日本印刷　上福岡","","","","","","","","","","0","20180718","230157","SYSTEM","20180718","230157","SYSTEM"
"0005092","高砂香料　平塚","高砂香料　平塚","ﾀｶｺｳﾋ","","高砂香料　平塚","","","","","","","","","","0","20180718","230157","SYSTEM","20180718","230157","SYSTEM"
"0005093","高砂鉄工","高砂鉄工","ﾀｶｻﾃﾂ","","高砂鉄工","","","","","","","","","","0","20180718","230157","SYSTEM","20180718","230157","SYSTEM"
"0005094","高村工業所","高村工業所","ﾀｶﾑﾗｺｳｷﾞｮｳ","","高村工業所","","","","","","","","","","0","20180718","230157","SYSTEM","20180718","230157","SYSTEM"
"0005095","武田商事","武田商事","ﾀｹﾀﾞｼ","","武田商事","","","","","","","","","","0","20180718","230157","SYSTEM","20180718","230157","SYSTEM"
"0005096","タマ化学工業","タマ化学工業","ﾀﾏｶｶﾞ","","タマ化学工業","","","","","","","","","","0","20180718","230157","SYSTEM","20180718","230157","SYSTEM"
"0005097","タマル工業","タマル工業","ﾀﾏﾙ","","タマル工業","","","","","","","","","","0","20180718","230157","SYSTEM","20180718","230157","SYSTEM"
"0005098","チクマ","チクマ","ﾁｸﾏ","","チクマ","","","","","","","","","","0","20180718","230157","SYSTEM","20180718","230157","SYSTEM"
"0005099","千尋金属","千尋金属","ﾁﾋﾛｷﾝ","","千尋金属","","","","","","","","","","0","20180718","230157","SYSTEM","20180718","230157","SYSTEM"
"0005100","千葉製紙所","千葉製紙所","ﾁﾊﾞｾｲ","","千葉製紙所","","","","","","","","","","0","20180718","230157","SYSTEM","20180718","230157","SYSTEM"
"0005101","中央メッキ","中央メッキ","ﾁｮｳｵｳ","","中央メッキ","","","","","","","","","","0","20180718","230157","SYSTEM","20180718","230157","SYSTEM"
"0005102","東海大付属病院神奈川ニッカサ-ビ","東海大付属病院神奈川","ﾄｳｶｲﾀ","","東海大付属病院神奈川ニッカサ-ビ","","","","","","","","","","0","20180718","230157","SYSTEM","20180718","230157","SYSTEM"
"0005103","東京化精","東京化精","ﾄｳｷｶｾ","","東京化精","","","","","","","","","","0","20180718","230157","SYSTEM","20180718","230157","SYSTEM"
"0005104","東京リネンサプライ","東京リネンサプライ","ﾘﾈﾝ","","東京リネンサプライ","","","","","","","","","","0","20180718","230157","SYSTEM","20180718","230157","SYSTEM"
"0005105","東芝セラミックス小国","東芝セラミックス小国","ﾄｳｼｾﾗ","","東芝セラミックス小国","","","","","","","","","","0","20180718","230157","SYSTEM","20180718","230157","SYSTEM"
"0005106","東芝セラミックス新潟","東芝セラミックス新潟","ﾄｳｾﾗﾆ","","東芝セラミックス新潟","","","","","","","","","","0","20180718","230157","SYSTEM","20180718","230157","SYSTEM"
"0005107","東芝ﾏｲｸﾛｴﾚｸﾄﾛﾆｸｽｾﾝﾀ-","東芝ﾏｲｸﾛｴﾚｸﾄﾛﾆｸｽｾﾝﾀ-","ﾄｳｼﾊﾞ","","東芝ﾏｲｸﾛｴﾚｸﾄﾛﾆｸｽｾﾝﾀ-","","","","","","","","","","0","20180718","230157","SYSTEM","20180718","230157","SYSTEM"
"0005108","東芝　横浜","東芝　横浜","ﾄｳｼﾖｺ","","東芝　横浜","","","","","","","","","","0","20180718","230157","SYSTEM","20180718","230157","SYSTEM"
"0005109","帝人","帝人","ﾃｲｼﾞﾝ","","帝人(旧 東邦テナックス)","","","","","","","","","","0","20180718","230157","SYSTEM","20190402","111825","000005"
"0005110","東北ゴム","東北ゴム","ﾄｳﾎｺﾞ","","東北ゴム","","","","","","","","","","0","20180718","230157","SYSTEM","20180718","230157","SYSTEM"
"0005111","真工社","真工社","ｼﾝｺｳｼｬ","","真工社","","","","","","","","","","0","20180718","230157","SYSTEM","20180718","230157","SYSTEM"
"0005112","新日本石油","新日本石油","ｼﾝﾆﾎﾝｾｷﾕ","","新日本石油","","","","","","","","","","0","20180718","230157","SYSTEM","20180718","230157","SYSTEM"
"0005113","東北セミコンダクタ-","東北セミコンダクタ-","ﾄｳﾎｾﾐ","","東北セミコンダクタ-","","","","","","","","","","0","20180718","230157","SYSTEM","20180718","230157","SYSTEM"
"0005114","東陽イ-シ-工業","東陽イ-シ-工業","ﾄｳﾖｲ-","","東陽イ-シ-工業","","","","","","","","","","0","20180718","230157","SYSTEM","20180718","230157","SYSTEM"
"0005115","東レファインケミカル","東レファインケミカル","ﾄｳﾚ","","あ","","","","","","","","","","0","20180718","230157","SYSTEM","20220510","153026","000003"
"0005116","凸版印刷　沼津","凸版印刷　沼津","ﾄｯﾊﾟﾝｲﾝｻﾂ","","凸版印刷　沼津","","","","","","","","","","0","20180718","230157","SYSTEM","20180718","230157","SYSTEM"
"0005117","名取商会","名取商会","ﾅﾄﾘ","","名取商会","","","","","","","","","","0","20180718","230157","SYSTEM","20180718","230157","SYSTEM"
"0005118","新潟三洋電子","新潟三洋電子","ﾆｲｻﾝﾖ","","新潟三洋電子","","","","","","","","","","0","20180718","230157","SYSTEM","20180718","230157","SYSTEM"
"0005119","日鉱マテリアルズ","日鉱マテリアルズ","ﾆｯｺｳﾏ","","日鉱マテリアルズ","","","","","","","","","","0","20180718","230157","SYSTEM","20180718","230157","SYSTEM"
"0005120","日新製鋼　市川","日新製鋼　市川","ﾆｯｼﾝｾ","","日新製鋼　市川","","","","","","","","","","0","20180718","230157","SYSTEM","20180718","230157","SYSTEM"
"0005121","日鉄建材工業","日鉄建材工業","ﾆｯﾃﾂｹ","","日鉄建材工業","","","","","","","","","","0","20180718","230157","SYSTEM","20180718","230157","SYSTEM"
"0005122","日鉄溶接工業","日鉄溶接工業","ﾆｯﾃﾂﾖ","","日鉄溶接工業","","","","","","","","","","0","20180718","230157","SYSTEM","20180718","230157","SYSTEM"
"0005123","日宝化学","日宝化学","ﾆｯﾎﾟｳ","","日宝化学","","","","","","","","","","0","20180718","230157","SYSTEM","20220920","130514","000003"
"0005124","日本化薬　鹿島","日本化薬　鹿島","ﾆﾎﾝｶｶ","","日本化薬　鹿島","","","","","","","","","","0","20180718","230157","SYSTEM","20180718","230157","SYSTEM"
"0005125","日本化薬　東京","日本化薬　東京","ﾆﾎﾝｶﾄ","","日本化薬　東京","","","","","","","","","","0","20180718","230157","SYSTEM","20180718","230157","SYSTEM"
"0005126","日本航空電子工業","日本航空電子工業","ﾆﾎﾝｺｳ","","日本航空電子工業","","","","","","","","","","0","20180718","230157","SYSTEM","20180718","230157","SYSTEM"
"0005127","日本シイエムケイ新潟サテライト","日本シイエムケイ新潟","ﾆﾎﾝｼｲ","","日本シイエムケイ新潟サテライト","","","","","","","","","","0","20180718","230157","SYSTEM","20180718","230157","SYSTEM"
"0005128","日誠金属","日誠金属","ﾆｯｾｲｷﾝｿﾞｸ","","日誠金属","","","","","","","","","","0","20180718","230157","SYSTEM","20180718","230157","SYSTEM"
"0005129","日本鋼管","日本鋼管","ﾆﾎﾝｺｳ","","日本鋼管","","","","","","","","","","0","20180718","230157","SYSTEM","20180718","230157","SYSTEM"
"0005130","旭化成　東光","旭化成　東光","ｱｻﾋｶｾｲﾄｳｺｳ","","旭化成　東光","","","","","","","","","","0","20180718","230157","SYSTEM","20180718","230157","SYSTEM"
"0005131","日本テキサス","日本テキサス","ﾆﾎﾝﾃｷ","","日本テキサス","","","","","","","","","","0","20180718","230157","SYSTEM","20180718","230157","SYSTEM"
"0005132","日本電解第1","日本電解第1","ﾆﾎﾃﾞ1","","日本電解第1","","","","","","","","","","0","20180718","230157","SYSTEM","20180718","230157","SYSTEM"
"0005133","日本電解第2","日本電解第2","ﾆﾎﾃﾞ2","","日本電解第2","","","","","","","","","","0","20180718","230157","SYSTEM","20180718","230157","SYSTEM"
"0005134","日本電波工業","日本電波工業","ﾆﾎﾃﾞﾊ","","日本電波工業","","","","","","","","","","0","20180718","230157","SYSTEM","20180718","230157","SYSTEM"
"0005136","日本ビクタ-","日本ビクタ-","ﾋﾞｸﾀ-","","日本ビクタ-","","","","","","","","","","0","20180718","230157","SYSTEM","20180718","230157","SYSTEM"
"0005137","日ピス　岩手","日ピス　岩手","ﾆｯﾋﾟｽ","","岩手県一関市東台","","","0191-31-2115","","","","","","","0","20180718","230157","SYSTEM","20180718","230157","SYSTEM"
"0005138","日本ランコ","日本ランコ","ﾆﾎﾝﾗﾝ","","日本ランコ","","","","","","","","","","0","20180718","230157","SYSTEM","20180718","230157","SYSTEM"
"0005139","日本ワコン","日本ワコン","ﾆﾎﾝﾜｺ","","日本ワコン","","","","","","","","","","0","20180718","230157","SYSTEM","20180718","230157","SYSTEM"
"0005140","野村メッキ","野村メッキ","ﾉﾑﾗﾒｯ","","野村メッキ","","","","","","","","","","0","20180718","230157","SYSTEM","20180718","230157","SYSTEM"
"0005141","長谷川香料","長谷川香料","ﾊｾｶｺｳ","","長谷川香料","","","","","","","","","","0","20180718","230157","SYSTEM","20180718","230157","SYSTEM"
"0005142","原化学工業","原化学工業","ﾊﾗｶｶﾞ","","原化学工業","","","","","","","","","","0","20180718","230157","SYSTEM","20180718","230157","SYSTEM"
"0005143","ひかり工業","ひかり工業","ﾋｶﾘｺｳ","","ひかり工業","","","","","","","","","","0","20180718","230157","SYSTEM","20180718","230157","SYSTEM"
"0005144","日立エ-アイシ-","日立エ-アイシ-","ﾋﾀﾃｴ-","","日立エ-アイシ-","","","","","","","","","","0","20180718","230157","SYSTEM","20180718","230157","SYSTEM"
"0005145","アイクリーン","アイクリーン","ｱｲｸﾘｰﾝ","","アイクリーン","","","","","","","","","","0","20180718","230157","SYSTEM","20180718","230157","SYSTEM"
"0005146","日立工機","日立工機","ﾋﾀﾁｺｳ","","日立工機","","","","","","","","","","0","20180718","230157","SYSTEM","20180718","230157","SYSTEM"
"0005147","日本電気秋田","日本電気秋田","ﾆﾁﾃｱｷ","","日本電気秋田","","","","","","","","","","0","20180718","230157","SYSTEM","20180718","230157","SYSTEM"
"0005148","日立中央工業協同組合","日立中央工業協同組合","ﾋﾀﾁﾁｭｳｵｳｺｳ","","日立中央工業協同組合","","","","","","","","","","0","20180718","230157","SYSTEM","20180718","230157","SYSTEM"
"0005149","日立電子デバイス","日立電子デバイス","ﾋﾀﾁﾃﾞ","","日立電子デバイス","","","","","","","","","","0","20180718","230157","SYSTEM","20180718","230157","SYSTEM"
"0005150","日立電線","日立電線","ﾋﾀﾃﾞﾝ","","日立電線","","","","","","","","","","0","20180718","230157","SYSTEM","20180718","230157","SYSTEM"
"0005151","日立電線　高砂","日立電線　高砂","ﾋﾀﾃﾞﾀ","","日立電線　高砂","","","","","","","","","","0","20180718","230157","SYSTEM","20180718","230157","SYSTEM"
"0005152","日立ディスプレイ　茂原","日立ディスプレイ　茂","ﾋﾀﾁﾓﾊ","","日立ディスプレイ　茂原","","","","","","","","","","0","20180718","230157","SYSTEM","20180718","230157","SYSTEM"
"0005153","平塚ケミカル","平塚ケミカル","ﾋﾗﾂｶｹ","","平塚ケミカル","","","","","","","","","","0","20180718","230157","SYSTEM","20180718","230157","SYSTEM"
"0005154","平塚電化工業","平塚電化工業","ﾋﾗﾂｶﾃ","","平塚電化工業","","","","","","","","","","0","20180718","230157","SYSTEM","20180718","230157","SYSTEM"
"0005155","福島製鋼","福島製鋼","ﾌｸｼﾏｾ","","福島製鋼","","","","","","","","","","0","20180718","230157","SYSTEM","20180718","230157","SYSTEM"
"0005156","富士アミドケミカル","富士アミドケミカル","ﾌｼﾞｱﾐ","","富士アミドケミカル","","","","","","","","","","0","20180718","230157","SYSTEM","20180718","230157","SYSTEM"
"0005157","フジクラ","フジクラ","ﾌｼﾞｸﾗ","","フジクラ","","","","","","","","","","0","20180718","230157","SYSTEM","20180718","230157","SYSTEM"
"0005158","SUBARU本工場","SUBARU本工場","ｽﾊﾞﾙﾎﾝｺｳｼﾞｮｳ","","あ","","","","","","","","","","0","20180718","230157","SYSTEM","20190410","113030","000003"
"0005159","富士重工第2","富士重工第2","ﾌｼﾞ2","","富士重工第2","","","","","","","","","","0","20180718","230157","SYSTEM","20180718","230157","SYSTEM"
"0005160","富士通　川崎","富士通　川崎","ﾌｼﾞﾂｳ","","富士通　川崎","","","","","","","","","","0","20180718","230157","SYSTEM","20180718","230157","SYSTEM"
"0005161","富士電機　山梨","富士電機　山梨","ﾌｼﾞﾔﾏ","","富士電機　山梨","","","","","","","","","","0","20180718","230157","SYSTEM","20180718","230157","SYSTEM"
"0005162","富士フイルムマイクロデバイス","富士フイルムマイクロ","ﾌｼﾞﾌｲ","","富士フイルムマイクロデバイス","","","","","","","","","","0","20180718","230157","SYSTEM","20180718","230157","SYSTEM"
"0005163","マキタ沼津","マキタ沼津","ﾏｷﾀﾇﾏﾂﾞ","","マキタ沼津","","","","","","","","","","0","20180718","230157","SYSTEM","20180718","230157","SYSTEM"
"0005164","古河電気工業　ＣＳ","古河電気工業　ＣＳ","ﾌﾙｶﾜ","","古河電気工業　ＣＳ","","","","","","","","","","0","20180718","230157","SYSTEM","20180718","230157","SYSTEM"
"0005165","星山浄化センタ-","星山浄化センタ-","ﾎｼﾔﾏ","","星山浄化センタ-","","","","","","","","","","0","20180718","230157","SYSTEM","20180718","230157","SYSTEM"
"0005166","日本鋼管プラスチック処理","日本鋼管プラスチック","ﾌﾟﾗｽﾁ","","日本鋼管プラスチック処理","","","","","","","","","","0","20180718","230157","SYSTEM","20180718","230157","SYSTEM"
"0005167","フルトンプロダクツ","フルトンプロダクツ","ﾌﾙﾄﾝ","","フルトンプロダクツ","","","","","","","","","","0","20180718","230157","SYSTEM","20180718","230157","SYSTEM"
"0005168","ボッシュブレ-キシステム","ボッシュブレ-キシス","ﾎﾞｯｼｭ","","ボッシュブレ-キシステム","","","","","","","","","","0","20180718","230157","SYSTEM","20180718","230157","SYSTEM"
"0005169","保土ヶ谷ロジスティックス　郡山","保土ヶ谷ロジスティッ","ﾎﾄﾞｶﾞﾔﾛｼﾞｽ","","保土ヶ谷ロジスティックス　郡山","","","","","","","","","","0","20180718","230157","SYSTEM","20180718","230157","SYSTEM"
"0005170","保土ヶ谷ロジスティックス　横浜","保土ヶ谷ロジスティッ","ﾎﾄﾞｶﾞﾔﾛｼﾞｽ","","保土ヶ谷ロジスティックス　横浜","","","","","","","","","","0","20180718","230157","SYSTEM","20180718","230157","SYSTEM"
"0005171","ＨＯＹＡ","ＨＯＹＡ","ﾎﾔ","","ＨＯＹＡ","","","","","","","","","","0","20180718","230157","SYSTEM","20180718","230157","SYSTEM"
"0005172","丸全昭和運輸","丸全昭和運輸","ﾏﾙｾﾞﾝ","","丸全昭和運輸","","","","","","","","","","0","20180718","230157","SYSTEM","20180718","230157","SYSTEM"
"0005173","マルイ工業","マルイ工業","ﾏﾙｲｺｳ","","マルイ工業","","","","","","","","","","0","20180718","230157","SYSTEM","20180718","230157","SYSTEM"
"0005174","三国アセプティック","三国アセプティック","ﾐｸﾆｱｾ","","三国アセプティック","","","","","","","","","","0","20180718","230157","SYSTEM","20180718","230157","SYSTEM"
"0005175","三井デュポンフロロケミカル","三井デュポンフロロケ","ﾐﾂｲﾃﾞ","","三井デュポンフロロケミカル","","","","","","","","","","0","20180718","230157","SYSTEM","20180718","230157","SYSTEM"
"0005176","ミツバ","ミツバ","ﾐﾂﾊﾞ","","ミツバ","","","","","","","","","","0","20180718","230157","SYSTEM","20180718","230157","SYSTEM"
"0005177","MMCスーパーアロイ","MMCスーパーアロイ","MMCｽｰﾊﾟｰｱﾛ","","MMCスーパーアロイ","","","","","","","","","","0","20180718","230157","SYSTEM","20180718","230157","SYSTEM"
"0005178","三菱マテリアルシリコン","三菱マテリアルシリコ","ﾏﾃｼﾘ","","三菱マテリアルシリコン","","","","","","","","","","0","20180718","230157","SYSTEM","20180718","230157","SYSTEM"
"0005179","光村印刷","光村印刷","ﾐﾂﾑﾗ","","光村印刷","","","","","","","","","","0","20180718","230157","SYSTEM","20180718","230157","SYSTEM"
"0005180","三ツ矢　米沢","三ツ矢　米沢","ﾐﾂﾔ","","三ツ矢　米沢","","","","","","","","","","0","20180718","230157","SYSTEM","20180718","230157","SYSTEM"
"0005181","ミネベア　藤沢","ミネベア　藤沢","ﾐﾈﾍﾞｱ","","ミネベア　藤沢","","","","","","","","","","0","20180718","230157","SYSTEM","20180718","230157","SYSTEM"
"0005182","OKIｾﾐｺﾝﾀﾞｸﾀ宮城","OKIｾﾐｺﾝﾀﾞｸﾀ宮城","ｵｷｾﾐｺﾝﾀﾞｸﾀ","","OKIｾﾐｺﾝﾀﾞｸﾀ宮城","","","","","","","","","","0","20180718","230157","SYSTEM","20180718","230157","SYSTEM"
"0005183","三益半導体","三益半導体","ﾐﾏｽﾊﾝ","","三益半導体","","","","","","","","","","0","20180718","230157","SYSTEM","20180718","230157","SYSTEM"
"0005184","ミヤマ","ミヤマ","ﾐﾔﾏ","","ミヤマ","","","","","","","","","","0","20180718","230157","SYSTEM","20180718","230157","SYSTEM"
"0005185","大橋換気所","大橋換気所","ｵｵﾊｼｶﾝｷｼﾞｮ","","大橋換気所","","","","","","","","","","0","20180718","230157","SYSTEM","20180718","230157","SYSTEM"
"0005186","ユニレックス","ユニレックス","ﾕﾆﾚｯｸ","","ユニレックス","","","","","","","","","","0","20180718","230157","SYSTEM","20180718","230157","SYSTEM"
"0005187","横浜金属","横浜金属","ﾖｺﾊﾏｷ","","横浜金属","","","","","","","","","","0","20180718","230157","SYSTEM","20180718","230157","SYSTEM"
"0005188","吉野電化工業第7","吉野電化工業第7","ﾖｼﾉﾃﾞﾝｶ","","吉野電化工業第7","","","","","","","","","","0","20180718","230157","SYSTEM","20180718","230157","SYSTEM"
"0005189","両毛化学","両毛化学","ﾘｮｳﾓｳ","","両毛化学","","","","","","","","","","0","20180718","230157","SYSTEM","20180718","230157","SYSTEM"
"0005190","菱有","菱有","ﾘｮｳﾕｳ","","菱有","","","","","","","","","","0","20180718","230157","SYSTEM","20220509","102235","000003"
"0005191","Ｙ・Ｍ・Ｇ　青梅","Ｙ・Ｍ・Ｇ　青梅","ﾜｲｴﾑｴｼﾞｰｵｳ","","Ｙ・Ｍ・Ｇ　青梅","","","","","","","","","","0","20180718","230157","SYSTEM","20180718","230157","SYSTEM"
"0005192","和漢薬研究所","和漢薬研究所","ﾜｶﾝﾔｸ","","和漢薬研究所","","","","","","","","","","0","20180718","230157","SYSTEM","20180718","230157","SYSTEM"
"0005193","東京製線","東京製線","ﾄｳｷｾｲ","","東京製線","","","","","","","","","","0","20180718","230157","SYSTEM","20180718","230157","SYSTEM"
"0005194","神戸製鋼　真岡","神戸製鋼　真岡","ｺｳﾍﾞｾ","","神戸製鋼　真岡","","","","","","","","","","0","20180718","230157","SYSTEM","20180718","230157","SYSTEM"
"0005195","高崎金属","高崎金属","ﾀｶｻｷﾝ","","高崎金属","","","","","","","","","","0","20180718","230157","SYSTEM","20220509","102242","000003"
"0005196","三郷メッキ","三郷メッキ","ﾐｻﾄﾒｯ","","三郷メッキ","","","","","","","","","","0","20180718","230157","SYSTEM","20180718","230157","SYSTEM"
"0005197","日進化工","日進化工","ﾆｯｼｶｾ","","日進化工","","","","","","","","","","0","20180718","230157","SYSTEM","20180718","230157","SYSTEM"
"0005198","キャノン取手","キャノン取手","ｷｬﾉﾄﾘ","","キャノン取手","","","","","","","","","","0","20180718","230157","SYSTEM","20220509","102249","000003"
"0005199","高砂熱処理","高砂熱処理","ﾀｶﾈﾂ","","高砂熱処理","","","","","","","","","","0","20180718","230157","SYSTEM","20180718","230157","SYSTEM"
"0005200","共同酸素","共同酸素","ｷｮｳｻﾝ","","共同酸素","","","","","","","","","","0","20180718","230157","SYSTEM","20220509","102309","000003"
"0005201","シィエムケイ","シィエムケイ","ｼｨｴﾑｹ","","シィエムケイ","","","","","","","","","","0","20180718","230157","SYSTEM","20180718","230157","SYSTEM"
"0005202","ＹＡＫＩＮ　川崎","ＹＡＫＩＮ　川崎","ﾔｷﾝｶﾜ","","ＹＡＫＩＮ　川崎","","","","","","","","","","0","20180718","230157","SYSTEM","20180718","230157","SYSTEM"
"0005203","東芝　川崎","東芝　川崎","ﾄｳｼｶﾜ","","東芝　川崎","","","","","","","","","","0","20180718","230157","SYSTEM","20180718","230157","SYSTEM"
"0005204","ＩＭＡＧＩＫＡ東京","ＩＭＡＧＩＫＡ東京","ｲﾏｼﾞｶ","","ＩＭＡＧＩＫＡ東京","","","","","","","","","","0","20180718","230157","SYSTEM","20180718","230157","SYSTEM"
"0005205","友基","友基","ﾕｳｷ","","友基","","","","","","","","","","0","20180718","230157","SYSTEM","20180718","230157","SYSTEM"
"0005206","日立　佐倉","日立　佐倉","ﾋﾀﾁｻｸ","","日立　佐倉","","","","","","","","","","0","20180718","230157","SYSTEM","20180718","230157","SYSTEM"
"0005207","住金化工","住金化工","ｽﾐｷｶｺ","","住金化工","","","","","","","","","","0","20180718","230157","SYSTEM","20180718","230157","SYSTEM"
"0005208","川口化学","川口化学","ｶﾜｸﾞﾁ","","川口化学","","","","","","","","","","0","20180718","230157","SYSTEM","20180718","230157","SYSTEM"
"0005209","モリ工業","モリ工業","ﾓﾘｺｳｷ","","モリ工業","","","","","","","","","","0","20180718","230157","SYSTEM","20180718","230157","SYSTEM"
"0005210","信越石英","信越石英","ｼﾝｴﾂｾ","","信越石英","","","","","","","","","","0","20180718","230157","SYSTEM","20180718","230157","SYSTEM"
"0005211","ｺｶ･ｺ-ﾗｲ-ｽﾄｼﾞｬﾊﾟﾝ","ｺｶ･ｺ-ﾗｲ-ｽﾄｼﾞｬﾊﾟﾝ","ｺｶｺ-ﾗ","","ｺｶ･ｺ-ﾗｲ-ｽﾄｼﾞｬﾊﾟﾝ","","","","","","","","","","0","20180718","230157","SYSTEM","20180718","230157","SYSTEM"
"0005212","東京純薬","東京純薬","ﾄｳｷｮｳ","","東京純薬","","","","","","","","","","0","20180718","230157","SYSTEM","20180718","230157","SYSTEM"
"0005213","日立製作所オートモティブ平塚","日立製作所オートモテ","ﾋﾀﾁｵｰﾄﾓﾃｨﾌ","","日立製作所オートモティブ平塚","","","","","","","","","","0","20180718","230157","SYSTEM","20180718","230157","SYSTEM"
"0005214","東京ガス　鶴見","東京ガス　鶴見","ﾄｳｶﾞｽ","","東京ガス　鶴見","","","","","","","","","","0","20180718","230157","SYSTEM","20180718","230157","SYSTEM"
"0005215","アルファ","アルファ","ｱﾙﾌｧ","","アルファ","","","","","","","","","","0","20180718","230157","SYSTEM","20180718","230157","SYSTEM"
"0005216","日鉱金属","日鉱金属","ﾆｯｺｳｷ","","日鉱金属","","","","","","","","","","0","20180718","230157","SYSTEM","20180718","230157","SYSTEM"
"0005217","キャノン取手","キャノン取手","ｷｬﾉﾝﾄ","","キャノン取手","","","","","","","","","","0","20180718","230157","SYSTEM","20180718","230157","SYSTEM"
"0002765","ホテルニュー白亜紀","ホテルニュー白亜紀","ﾎﾃﾙﾆｭｰﾊｸｱｷ","","茨城県ひたちなか市磯崎町4604","","","029-265-7185","","","","","","","0","20180718","230157","SYSTEM","20180718","230157","SYSTEM"
"0002766","ホクエツ関東白沢工場","ホクエツ関東白沢工場","ﾎｸｴﾂｶﾝﾄｳ","","福島県本宮市糠沢字水上356-2","","","0243-44-4222","","","","","","","0","20180718","230157","SYSTEM","20180718","230157","SYSTEM"
"0002767","ＪＲ東日本郡山電力技術センター","ＪＲ東日本郡山電力技","ｼﾞｴｲｱｰﾙﾋｶﾞｼﾆﾎﾝｺｵﾘﾔﾏ","","福島県郡山市燧田195","","","024-932-5796","","","","","","","0","20180718","230157","SYSTEM","20180730","131853","000001"
"0002768","仙台市環境局　松森工場","仙台市環境局　松森工","ｾﾝﾀﾞｲｼｶﾝｷｮ","","宮城県仙台市泉区松森字城前135","","","022-373-5300","","","","","","","0","20180718","230157","SYSTEM","20180718","230157","SYSTEM"
"0002769","シチズンマシナリーミヤノ","シチズンマシナリーミ","ｼﾁｽﾞﾝ","","福島県西白河郡矢吹町赤沢500","","","0248-44-3011","","","","","","","0","20180718","230157","SYSTEM","20180718","230157","SYSTEM"
"0002770","医療法人明精会　美野里","医療法人明精会　美野","ｲﾘｮｳﾎｳｼﾞﾝ","","福島県会津若松市北会津東小松2335","","","0242-56-5000","","","","","","","0","20180718","230157","SYSTEM","20180718","230157","SYSTEM"
"0002771","医療法人明精会　会津西病院","医療法人明精会　会津","ｲﾘｮｳﾎｳｼﾞﾝ","","福島県会津若松市北会津町東小松2335","","","0242-56-2525","","","","","","","0","20180718","230157","SYSTEM","20180718","230157","SYSTEM"
"0002772","栄川酒造　磐梯工場","栄川酒造　磐梯工場","ｴｲｾﾝｼｭｿﾞｳ","","福島県耶麻郡磐梯町更科中曽根平6841-11","","","0242-73-2300","","","","","","","0","20180718","230157","SYSTEM","20180718","230157","SYSTEM"
"0002773","仙台市環境局　葛岡工場","仙台市環境局　葛岡工","ｾﾝﾀﾞｲｼｶﾝｷｮ","","宮城県仙台市青葉区郷六字葛岡57-1","","","022-277-5399","","","","","","","0","20180718","230157","SYSTEM","20180718","230157","SYSTEM"
"0002774","シーズ流東白川中央病院","シーズ流東白川中央病","ｼｰｽﾞﾅｶﾞﾚﾋｶﾞｼｼﾗｶﾜ","","福島県東白川郡棚倉町流森の内52","","","0247-33-3263","","","","","","","0","20180718","230157","SYSTEM","20180730","132108","000001"
"0002775","ホテル　ニューパレス","ホテル　ニューパレス","ﾎﾃﾙﾆｭｰﾊﾟﾚｽ","","福島県会津若松市中町2-78","","","","","","","","","","0","20180718","230157","SYSTEM","20180718","230157","SYSTEM"
"0002776","昭和KDE  会津工場","昭和KDE  会津工場","ｼｮｳﾜ","","福島県南会津郡南会津町田島字皇平甲1717","","","02416-2-2199","","","","","","","0","20180718","230157","SYSTEM","20180718","230157","SYSTEM"
"0002777","福島県立会津総合病院","福島県立会津総合病院","ﾌｸｼﾏｹﾝﾘﾂｱｲ","","福島県会津若松市城前10-75","","","0242-27-2151","","","","","","","0","20180718","230157","SYSTEM","20180718","230157","SYSTEM"
"0002778","千代滝","千代滝","ﾁﾖﾀｷ","","福島県会津若松市東山町湯本寺屋敷43","","","0242-26-0001","","","","","","","0","20180718","230157","SYSTEM","20180718","230157","SYSTEM"
"0002780","会津中央アスコン共同企業体","会津中央アスコン共同","ｱｲﾂﾞﾁｭｳｵｳ","","福島県会津若松市河東町八田字高野下105","","","0242-75-3003","","","","","","","0","20180718","230157","SYSTEM","20180718","230157","SYSTEM"
"0002781","ジューキ会津　西会津","ジューキ会津　西会津","ｼﾞｭｰｷｱｲﾂﾞ","","福島県耶麻郡西会津登世島字上ノ台乙2704","","","0241-45-3226","","","","","","","0","20180718","230157","SYSTEM","20180718","230157","SYSTEM"
"0002782","茨城沿海　平潟油槽所","茨城沿海　平潟油槽所","ｲﾊﾞﾗｷｴﾝｶｲ","","茨城県北茨城市平潟町323","","","","","","","","","","0","20180718","230157","SYSTEM","20180718","230157","SYSTEM"
"0002783","サンクマーレ","サンクマーレ","ｻﾝｸﾏｰﾚ","","福島県耶麻郡北塩原村檜原字剣ヶ峰1093-256","","","0241-32-2261","","","","","","","0","20180718","230157","SYSTEM","20180718","230157","SYSTEM"
"0002784","成田合名会社","成田合名会社","ﾅﾘﾀｺﾞｳﾒｲ","","福島県会津若松市市川原町6-15","","","0242-26-2914","","","","","","","0","20180718","230157","SYSTEM","20180718","230157","SYSTEM"
"0002785","ダイオーズサービシーズ福島工場","ダイオーズサービシー","ﾀﾞｲｵｰｽﾞｻｰﾋ","","福島県いわき市常磐西郷町銭田109-10","","","","","","","","","","0","20180718","230157","SYSTEM","20180718","230157","SYSTEM"
"0002786","ＡＤＥＫＡクリーンエイド","ＡＤＥＫＡクリーンエ","ｱﾃﾞｶｸﾘｰﾝｴｲ","","茨城県龍ヶ崎市向陽台4-1","","","0297-64-1871","","","","","","","0","20180718","230157","SYSTEM","20180718","230157","SYSTEM"
"0002787","古河スカイ　日光工場","古河スカイ　日光工場","ﾌﾙｶﾜｽｶｲ","","栃木県日光市清滝桜ヶ丘1","","","0288-53-5364","","","","","","","0","20180718","230157","SYSTEM","20180718","230157","SYSTEM"
"0002788","会津タムラ製作所","会津タムラ製作所","ｱｲﾂﾞﾀﾑﾗ","","福島県大沼郡会津美里町上村北27-2","","","0242-56-2911","","","","","","","0","20180718","230157","SYSTEM","20180718","230157","SYSTEM"
"0002789","日本蓄電器工業　千葉工場","日本蓄電器工業　千葉","ﾆﾎﾝﾁｸﾃﾞﾝｷ","","千葉県市原市下野長者原567","","","0436-75-1281","","","","","","","0","20180718","230157","SYSTEM","20180718","230157","SYSTEM"
"0002790","ﾙﾈｻｽｴﾚｸﾄﾛﾆｸｽ　高崎","ﾙﾈｻｽｴﾚｸﾄﾛﾆｸｽ　高崎","ﾙﾈｻｽｴﾚｸﾄﾛﾆ","","群馬県高崎市西横手町111","","","027-352-2111","","","","","","","0","20180718","230157","SYSTEM","20180718","230157","SYSTEM"
"0002791","日本ヴォパック","日本ヴォパック","ﾆﾎﾝｳﾞｫﾊﾟｯｸ","","愛知県名古屋市港区潮見町37-7","","","052-611-7611","","","","","","","0","20180718","230157","SYSTEM","20180718","230157","SYSTEM"
"0002792","ジャパンフーズ","ジャパンフーズ","ｼﾞｬﾊﾟﾝﾌｰｽﾞ","","千葉県長生郡長柄町皿木203-1","","","0475-35-5605","","","","","","","0","20180718","230157","SYSTEM","20180718","230157","SYSTEM"
"0002793","渡新工業","渡新工業","ﾜﾀｼﾝｺｳｷﾞｮｳ","","千葉県八千代市古橋字内野1085-24","","","0474-50-3330","","","","","","","0","20180718","230157","SYSTEM","20180718","230157","SYSTEM"
"0002794","東京製綱　北上","東京製綱　北上","ﾄｳｷｮｳｾｲｺｳ","","岩手県北上市北工業団地7-1","","","0197-66-2101","","","","","","","0","20180718","230157","SYSTEM","20180718","230157","SYSTEM"
"0002795","凸版印刷　新潟","凸版印刷　新潟","ﾄｯﾊﾟﾝｲﾝｻﾂ","","新潟県新発田市五十公野字山崎5270","","","0254-22-8961","","","","","","","0","20180718","230157","SYSTEM","20180718","230157","SYSTEM"
"0002796","光村印刷　那須","光村印刷　那須","ﾐﾂﾑﾗｲﾝｻﾂ","","栃木県大田原市下石上1378-7","","","0287-29-2610","","","","","","","0","20180718","230157","SYSTEM","20180718","230157","SYSTEM"
"0002797","会津オリンパス北会津工場","会津オリンパス北会津","ｱｲﾂﾞｵﾘﾝﾊﾟｽ","","福島県会津若松市真宮新町北1丁目95","","","0242-22-2111","","","","","","","0","20180718","230157","SYSTEM","20180718","230157","SYSTEM"
"0002798","会津オリンパス","会津オリンパス","ｱｲﾂﾞｵﾘﾝﾊﾟｽ","","福島県会津若松市門田町大字飯寺字村西500","","","0242-28-2111","","","","","","","0","20180718","230157","SYSTEM","20180718","230157","SYSTEM"
"0002799","裏磐梯ﾚｲｸﾘｿﾞｰﾄ","裏磐梯ﾚｲｸﾘｿﾞｰﾄ","ｳﾗﾊﾞﾝﾀﾞｲﾚｲｸ","","耶麻郡北塩原村大字桧原字湯平山1171-1","","","0241-37-1116","","","","","","","0","20180718","230157","SYSTEM","20180730","132201","000001"
"0002800","山庄商店　油槽所","山庄商店　油槽所","ﾔﾏｼｮｳ","","喜多方市豊川町大字米室字道端5540-9","","","0241-22-1744","","","","","","","0","20180718","230157","SYSTEM","20180718","230157","SYSTEM"
"0002801","坂下マイクロエレクトロニクス工業","坂下マイクロエレクト","ﾊﾞﾝｹﾞﾏｲｸﾛｴ","","河沼郡会津坂下町大字塔寺経塚2493-1","","","0242-83-1414","","","","","","","0","20180718","230157","SYSTEM","20180718","230157","SYSTEM"
"0002802","東信建設（箕輪）","東信建設（箕輪）","ﾄｳｼﾝｹﾝｾﾂ","","耶麻郡猪苗代町佐渡島1057-3","","","0242-64-2134","","","","","","","0","20180718","230157","SYSTEM","20180718","230157","SYSTEM"
"0002803","東電環境ｴﾝｼﾞﾆｱﾘﾝｸﾞ　鹿島現業所","東電環境ｴﾝｼﾞﾆｱﾘﾝｸﾞ","ﾄｳﾃﾞﾝｶﾝｷｮｳ","","茨城県神栖市東和田9","","","","","","","","","","0","20180718","230157","SYSTEM","20180718","230157","SYSTEM"
"0002806","日東ベスト（東根工場）","日東ベスト（東根工場","ﾆｯﾄｳﾍﾞｽﾄ","","日東ベスト（東根工場）","","","","","","","","","","0","20180718","230157","SYSTEM","20180718","230157","SYSTEM"
"0002807","ヤマトテック","ヤマトテック","ﾔﾏﾄﾃｯｸ","","ヤマトテック","","","","","","","","","","0","20180718","230157","SYSTEM","20180718","230157","SYSTEM"
"0002808","古川NDK","古川NDK","ﾌﾙｶﾜｴﾇﾃﾞｨｰ","","宮城県大崎市古川桜ノ目字新高谷地16-1","","","","","","","","","","0","20180718","230157","SYSTEM","20180718","230157","SYSTEM"
"0002809","大和ガルバー","大和ガルバー","ﾔﾏﾄｶﾞﾙﾊﾞｰ","","埼玉県東松山市古凍791","","","","","","","","","","0","20180718","230157","SYSTEM","20180718","230157","SYSTEM"
"0002810","盛岡セイコー工業","盛岡セイコー工業","ﾓﾘｵｶｾｲｺｰ","","岩手郡雫石町字第23地割字板橋61-1","","","","","","","","","","0","20180718","230157","SYSTEM","20180718","230157","SYSTEM"
"0002811","ｿﾆｰｾﾐｺﾝﾀﾞｸﾀ　白石蔵王","ｿﾆｰｾﾐｺﾝﾀﾞｸﾀ　白石蔵","ｿﾆｰｾﾐｺﾝﾀﾞｸ","","宮城県白石市白鳥3丁目53-2","","","0224-22-1123","","","","","","","0","20180718","230157","SYSTEM","20180718","230157","SYSTEM"
"0002813","ホテルリステル猪苗代ウィングタワ","ホテルリステル猪苗代","ﾎﾃﾙﾘｽﾃﾙ","","耶麻郡猪苗代町大字川桁字天王坂2414","","","0242-66-2233","","","","","","","0","20180718","230157","SYSTEM","20180718","230157","SYSTEM"
"0002814","小島電機工業(株)北茨城発電所","小島電機工業(株)北茨","ｺｼﾞﾏﾃﾞﾝｷｺｳ","","茨城県北茨城市磯原町889-1","","","0293-30-6630","","","","","","","0","20180718","230157","SYSTEM","20180718","230157","SYSTEM"
"0002815","介護老人施設ライフケア鶴賀","ライフケア鶴賀","ｶｲｺﾞﾛｳｼﾞﾝｼｾﾂﾗｲﾌｹｱ","","福島県会津若松市一箕町鶴賀舩ケ森東535-1","","","0242-33-0375","","","","","","","0","20180718","230157","SYSTEM","20191004","114114","000001"
"0002816","幸楽苑(郡山)","幸楽苑(郡山)","ｺｳﾗｸｴﾝ","","幸楽苑(郡山)","","","","","","","","","","0","20180718","230157","SYSTEM","20180718","230157","SYSTEM"
"0002817","大玉ｶﾝﾄﾘｰｸﾗﾌﾞ","大玉ｶﾝﾄﾘｰｸﾗﾌﾞ","ｵｵﾀﾏ","","福島県安達郡大玉村玉井字北上台25","","","","","","","","","","0","20180718","230157","SYSTEM","20180718","230157","SYSTEM"
"0002818","日東ベスト　(天童工場)","日東ベスト　(天童工","ﾆｯﾄｳﾍﾞｽﾄ","","日東ベスト　(天童工場)","","","","","","","","","","0","20180718","230157","SYSTEM","20180718","230157","SYSTEM"
"0002819","ジャパンガルバー（伊勢崎）","ジャパンガルバー（伊","ｼﾞｬﾊﾟﾝｶﾞﾙﾊ","","群馬県伊勢崎市","","","","","","","","","","0","20180718","230157","SYSTEM","20180718","230157","SYSTEM"
"0002820","協立エンジ","協立エンジ","ｷｮｳﾘﾂｴﾝｼﾞ","","福島県東白川郡棚倉町棚倉観音向甲10-1","","","","","","","","","","0","20180718","230157","SYSTEM","20180718","230157","SYSTEM"
"0002821","谷口石油精製","谷口石油精製","ﾀﾇｸﾞﾁｾｷﾕｾｲ","","三重県四日市","","","","","","","","","","0","20180718","230157","SYSTEM","20180718","230157","SYSTEM"
"0002822","東洋ゴム　桑名工場","東洋ゴム　桑名工場","ﾄｳﾖｳｺﾞﾑｸﾜﾅ","","東洋ゴム　桑名工場","","","","","","","","","","0","20180718","230157","SYSTEM","20180718","230157","SYSTEM"
"0002823","いわき産商","いわき産商","ｲﾜｷｻﾝｼｮｳ","","福島県いわき市泉町下川薬師前145","","","0246-56-5004","","","","","","","0","20180718","230157","SYSTEM","20180718","230157","SYSTEM"
"0002824","環境ｾﾝﾀー　山都工場","環境ｾﾝﾀー　山都工場","ｶﾝｷｮｳｾﾝﾀｰ","","福島県喜多方市山都町小舟寺ニノ坂山乙2619","","","","","","","","","","0","20180718","230157","SYSTEM","20180718","230157","SYSTEM"
"0002825","デンコー","デンコー","ﾃﾞﾝｺｰ","","埼玉県川越市芳野台2-8-22","","","049-226-8283","","","","","","","0","20180718","230157","SYSTEM","20180718","230157","SYSTEM"
"0002826","南会津地方環境衛生組合","南会津地方環境衛生組","ﾐﾅﾐｱｲﾂﾞ","","福島県南会津郡下郷町落合上下川原90","","","","","","","","","","0","20180718","230157","SYSTEM","20180718","230157","SYSTEM"
"0002827","白河銘醸","白河銘醸","ｼﾗｶﾜﾒｲｼﾞｮｳ","","福島県西白河郡西郷村大字小田倉字庄司4-2","","","0248-25-1121","","","","","","","0","20180718","230157","SYSTEM","20180718","230157","SYSTEM"
"0002828","ルービイ工業","ルービイ工業","ﾙｰﾋﾞｲｺｳｷﾞｮ","","福島県大沼郡会津美里町上村北6-2","","","","","","","","","","0","20180718","230157","SYSTEM","20180718","230157","SYSTEM"
"0002829","当栄ケミカル　長野","当栄ケミカル　長野","ﾄｳｴｲｹﾐｶﾙ","","長野県長野市豊野町大字豊野字下神代742-3","","","0262-57-3111","","","","","","","0","20180718","230157","SYSTEM","20180718","230157","SYSTEM"
"0002830","須賀川市役所　浄水管理センター","須賀川市役所　浄水管","ｽｶｶﾞﾜｼ","","福島県須賀川市大袋町213","","","0248-73-2642","","","","","","","0","20180718","230157","SYSTEM","20180718","230157","SYSTEM"
"0002831","東邦福島　いわき支社","東邦福島　いわき支社","ﾄｳﾎｳﾌｸｼﾏ","","福島県いわき市常磐下船尾町古内297-1","","","","","","","","","","0","20180718","230157","SYSTEM","20180718","230157","SYSTEM"
"0002832","ジャパンガルバー　米沢","ジャパンガルバー　米","ｼﾞｬﾊﾟﾝｶﾞﾙﾊ","","ジャパンガルバー　米沢","","","","","","","","","","0","20180718","230157","SYSTEM","20180718","230157","SYSTEM"
"0002833","山形清掃衛生協同組合","山形清掃衛生協同組合","ﾔﾏｶﾞﾀｾｲｿｳｴ","","山形県山形市嶋南1-11-5","","","023-684-3272","","","","","","","0","20180718","230157","SYSTEM","20180718","230157","SYSTEM"
"0002834","大川ふるさと公園ｺﾐｭﾆﾃｨ","大川ふるさと公園ｺﾐｭﾆ","ｵｵｶﾜﾌﾙｻﾄ","","福島県南会津郡下郷町大字沢田字下林1911","","","","","","","","","","0","20180718","230157","SYSTEM","20180718","230157","SYSTEM"
"0002835","佐藤渡辺","佐藤渡辺","ｻﾄｳﾜﾀﾅﾍﾞ","","福島県石川郡石川町長久保285-1","","","0247-26-3077","","","","","","","0","20180718","230157","SYSTEM","20180718","230157","SYSTEM"
"0002836","丸栄コンクリート","丸栄コンクリート","ﾏﾙｴｲ","","福島県東川郡棚倉町上台88-1","","","0247-33-2288","","","","","","","0","20180718","230157","SYSTEM","20180718","230157","SYSTEM"
"0002837","ｽﾊﾟﾘｿﾞｰﾄあぶくま","ｽﾊﾟﾘｿﾞｰﾄあぶくま","ｽﾊﾟﾘｿﾞｰﾄ","","福島県西白河郡西郷村真船字川谷1","","","","","","","","","","0","20180718","230157","SYSTEM","20180718","230157","SYSTEM"
"0002838","須藤製作所","須藤製作所","ｽﾄﾞｳｾｲｻｸ","","福島県東白川郡矢祭町大字小田川字久保58-8","","","0247-47-2321","","","","","","","0","20180718","230157","SYSTEM","20180718","230157","SYSTEM"
"0002839","特別養護老人ホーム　寿恵園","特別養護老人ホーム","ﾄｸﾍﾞﾂﾖｳｺﾞﾛｳｼﾞﾝﾎｰﾑｼﾞｭ","","福島県東白川郡棚倉町大字棚倉字舘ケ岡79","","","0247-33-6061","","","","","","","0","20180718","230157","SYSTEM","20180730","132431","000001"
"0002840","サンケミファ　落合","サンケミファ　落合","ｻﾝｹﾐﾌｧ","","宮城県仙台市青葉区芋沢字大竹新田8-1","","","022-394-3032","","","","","","","0","20180718","230157","SYSTEM","20180718","230157","SYSTEM"
"0002841","櫻泳ｽｲﾐﾝｸﾞｽｸｰﾙ","櫻泳ｽｲﾐﾝｸﾞｽｸｰﾙ","ｵｳｴｲｽｲﾐﾝｸﾞ","","福島県白河市真舟7-34","","","","","","","","","","0","20180718","230157","SYSTEM","20180718","230157","SYSTEM"
"0002842","いわせ食品　今泉工場","いわせ食品　今泉工場","ｲﾜｾｼｮｸﾋﾝ","","いわせ食品　今泉工場","","","","","","","","","","0","20180718","230157","SYSTEM","20180718","230157","SYSTEM"
"0002843","三谷産業　千葉","三谷産業　千葉","ﾐﾀﾆｻﾝｷﾞｮｳ","","千葉県市原市五井9039","","","0436-25-2300","","","","","","","0","20180718","230157","SYSTEM","20180718","230157","SYSTEM"
"0002844","郡山ﾘｻｲｸﾙ協同組合","郡山ﾘｻｲｸﾙ協同組合","ｺｵﾘﾔﾏﾘｻｲｸﾙ","","郡山ﾘｻｲｸﾙ協同組合","","","","","","","","","","0","20180718","230157","SYSTEM","20180730","133847","000001"
"0002845","昭和ｺﾝｸﾘｰﾄ　福島工場","昭和ｺﾝｸﾘｰﾄ　福島工場","ｼｮｳﾜｺﾝｸﾘｰﾄ","","福島県西白河郡中島村大字滑津字平名塚13","","","","","","","","","","0","20180718","230157","SYSTEM","20180718","230157","SYSTEM"
"0002846","矢吹病院","矢吹病院","ﾔﾌﾞｷﾋﾞｮｳｲﾝ","","福島県西白河郡矢吹町滝八幡100","","","0248-42-3111","","","","","","","0","20180718","230157","SYSTEM","20180718","230157","SYSTEM"
"0002847","東北ポール　白河","東北ポール　白河","ﾄｳﾎｸﾎﾟｰﾙ","","福島県白河市新白河4-13","","","0248-22-2323","","","","","","","0","20180718","230157","SYSTEM","20180718","230157","SYSTEM"
"0002848","フィード・ワン　研究所","フィード・ワン　研究","ﾌｨｰﾄﾞ･ﾜﾝ","","福島県田村郡小野町雁股田大字関場110-30","","","","","","","","","","0","20180718","230157","SYSTEM","20180718","230157","SYSTEM"
"0002849","水野商店","水野商店","ﾐｽﾞﾉ","","水野商店","","","","","","","","","","0","20180718","230157","SYSTEM","20180718","230157","SYSTEM"
"0002850","エーディア　茨城","エーディア　茨城","ｴｰﾃﾞｨｱ","","茨城県稲敷郡阿見町吉原3262-12","","","029-889-2242","","","","","","","0","20180718","230157","SYSTEM","20180718","230157","SYSTEM"
"0002851","郡山ｽｳｨﾝｽｲﾐﾝｸﾞｽｸｰﾙ","郡山ｽｳｨﾝｽｲﾐﾝｸﾞｽｸｰﾙ","ｺｵﾘﾔﾏｽｳｨﾝ","","福島県郡山市亀田1-3-8","","","","","","","","","","0","20180718","230157","SYSTEM","20180718","230157","SYSTEM"
"0002852","東亜合成　広野工場","東亜合成　広野工場","ﾄｳｱｺﾞｳｾｲ","","福島県双葉郡広野町大字上北迫字岩-16沢","","","0270-27-1153","","","","","","","0","20180718","230157","SYSTEM","20180718","230157","SYSTEM"
"0002853","佐藤燃料　中台ｵｲﾙｾﾝﾀｰ","佐藤燃料　中台ｵｲﾙｾﾝﾀ","ｻﾄｳﾈﾝﾘｮｳ","","福島県郡山市富久山町久保田字中台9-1","","","024-942-9264","","","","","","","0","20180718","230157","SYSTEM","20180718","230157","SYSTEM"
"0002854","喜多方学校給食共同調理場","喜多方学校給食共同調","ｷﾀｶﾀｶﾞｯｺｳ","","福島県喜多方市豊川町米室古開142-2","","","","","","","","","","0","20180718","230157","SYSTEM","20180718","230157","SYSTEM"
"0002855","医療法人明信会　今泉西病院","医療法人明信会　今泉","ｲﾘｮｳﾎｳｼﾞﾝﾒ","","福島県郡山市朝日2-18-8","","","","","","","","","","0","20180718","230157","SYSTEM","20180718","230157","SYSTEM"
"0002856","大木産業　小名浜工場","大木産業　小名浜工場","ｵｵｷｻﾝｷﾞｮｳ","","福島県いわき市中部工業団地14-1","","","0246-44-6550","","","","","","","0","20180718","230157","SYSTEM","20180718","230157","SYSTEM"
"0002857","信夫工業　日和田混合所","信夫工業　日和田混合","ｼﾉﾌﾞｺｳｷﾞｮｳ","","福島県日和田町大字高倉字神送坂7","","","","","","","","","","0","20180718","230157","SYSTEM","20180718","230157","SYSTEM"
"0002858","新日鉄住金　鹿島製鉄所","新日鉄住金　鹿島製鉄","ｼﾝﾆｯﾃﾂ","","茨城県鹿嶋市大字光3","","","0299-84-2793","","","","","","","0","20180718","230157","SYSTEM","20180718","230157","SYSTEM"
"0002859","三菱重工　石巻","三菱重工　石巻","ﾐﾂﾋﾞｼｼﾞｭｳｺ","","三菱重工　石巻","","","","","","","","","","0","20180718","230157","SYSTEM","20180718","230157","SYSTEM"
"0002860","三菱重工　山元","三菱重工　山元","ﾐﾂﾋﾞｼｼﾞｭｳｺ","","三菱重工　山元","","","","","","","","","","0","20180718","230157","SYSTEM","20180718","230157","SYSTEM"
"0002861","勿来TAIGAｶﾝﾄﾘｰｸﾗﾌﾞ","勿来TAIGAｶﾝﾄﾘｰｸﾗﾌﾞ","ﾅｺｿﾀｲｶﾞ","","福島県いわき市勿来四沢天ヶ作109","","","0246-64-7111","","","","","","","0","20180718","230157","SYSTEM","20180718","230157","SYSTEM"
"0002862","ファルテック","ファルテック","ﾌｧﾙﾃｯｸ","","福島県いわき市三沢町中三坂湯ノ向105","","","0246-85-2111","","","","","","","0","20180718","230157","SYSTEM","20180718","230157","SYSTEM"
"0002863","SSKプロダクツ　福島工場","SSKプロダクツ　福島","ｴｽｴｽｹｲﾌﾟﾛ","","福島県伊達市中志和田30","","","024-583-3411","","","","","","","0","20180718","230157","SYSTEM","20180730","132739","000001"
"0002864","純正化学　茨城","純正化学　茨城","ｼﾞｭﾝｾｲｶｶﾞｸ","","茨城県北茨城市中郷町日棚字宝壺644-47","","","0293-42-7261","","","","","","","0","20180718","230157","SYSTEM","20180718","230157","SYSTEM"
"0002865","ジプテック小名浜工場","ジプテック小名浜工場","ｼﾞﾌﾟﾃｯｸ","","福島県いわき市小名浜字高山1-305","","","0246-54-2621","","","","","","","0","20180718","230157","SYSTEM","20180718","230157","SYSTEM"
"0002866","小島化学薬品","小島化学薬品","ｺｼﾞﾏｶｶﾞｸﾔｸ","","埼玉県狭山市柏原337-26","","","04-2953-9268","","","","","","","0","20180718","230157","SYSTEM","20180718","230157","SYSTEM"
"0002867","ＫＰＳ","ＫＰＳ","ｹｰﾋﾟｰｴｽ","","ＫＰＳ","","","","","","","","","","0","20180718","230157","SYSTEM","20180718","230157","SYSTEM"
"0002868","安達地方広域行組もとみやｸﾘｰﾝｾﾝﾀｰ","安達地方広域行組もと","ｱﾀﾞﾁﾁﾎｳｺｳｲ","","福島県本宮市本宮字作田113","","","0243-33-5499","","","","","","","0","20180718","230157","SYSTEM","20180718","230157","SYSTEM"
"0002869","エーシーケミカル関東","エーシーケミカル関東","ｴｰｼｰｹﾐｶﾙ","","茨城県稲敷郡阿見町大字星の里3-1","阿見東部工業団地内","","029-833-6002","","","","","","","0","20180718","230157","SYSTEM","20180718","230157","SYSTEM"
"0002870","大陽工業　羽生","大陽工業　羽生","ﾀｲﾖｳｺｳｷﾞｮｳ","","埼玉県羽生市大沼2-47","","","","","","","","","","0","20180718","230157","SYSTEM","20180718","230157","SYSTEM"
"0002871","ティーエムパック","ティーエムパック","ﾃｨｰｴﾑﾊﾟｯｸ","","宮城県仙台市宮城野区港2-4-1","","","022-388-7610","","","","","","","0","20180718","230157","SYSTEM","20180718","230157","SYSTEM"
"0002872","ＪＸ金属ﾌﾟﾚｼｼﾞｮﾝﾃｸﾉﾛｼﾞｰ　江刺","ＪＸ金属ﾌﾟﾚｼｼﾞｮﾝﾃｸﾉﾛ","ｼﾞｪｲｴｯｸｽｷﾝ","","岩手県奥州市江刺区岩谷堂字松長根12-4","","","0197-35-7111","","","","","","","0","20180718","230157","SYSTEM","20180718","230157","SYSTEM"
"0002873","宝酒造　松戸","宝酒造　松戸","ﾀｶﾗｼｭｿﾞｳ","","千葉県松戸市新作字高田111","","","047-362-0413","","","","","","","0","20180718","230157","SYSTEM","20180718","230157","SYSTEM"
"0002874","北越ｺｰﾎﾟﾚｰｼｮﾝ　新潟","北越ｺｰﾎﾟﾚｰｼｮﾝ　新潟","ﾎｸｴﾂｺｰﾎﾟﾚｰｼｮﾝ","","新潟県新潟市東区榎町57","","","025-273-6171","","","","","","","0","20180718","230157","SYSTEM","20230608","133918","000002"
"0002875","いわきサンソセンター本社","いわきサンソセンター","ｲﾜｷｻﾝｿｾﾝﾀｰ","","福島県いわき市錦町徳力41","","","0246-63-3195","","","","","","","0","20180718","230157","SYSTEM","20180718","230157","SYSTEM"
"0002876","ＩＨＩ相馬","ＩＨＩ相馬","ｱｲｴｲﾁｱｲ","","福島県相馬市大野台1-2-1","","","0244-37-3764","","","","","","","0","20180718","230157","SYSTEM","20180718","230157","SYSTEM"
"0002877","菓匠三全","菓匠三全","ｶｼｮｳｻﾝｾﾞﾝ","","宮城県柴田郡大河原町大谷字保科前18","","","","","","","","","","0","20180718","230157","SYSTEM","20180718","230157","SYSTEM"
"0002878","ＮＳＣ　神栖工場","ＮＳＣ　神栖工場","ｴﾇｴｽｼｰ","","茨城県神栖市南浜7JFE条鋼内","","","0299-90-5254","","","","","","","0","20180718","230157","SYSTEM","20180718","230157","SYSTEM"
"0002879","王子マテリア日光工場","王子マテリア日光工場","ｵｳｼﾞﾏﾃﾘｱ","","栃木県宇都宮市白沢町592","","","","","","","","","","0","20180718","230157","SYSTEM","20180718","230157","SYSTEM"
"0002880","大船渡ﾃﾞﾘﾊﾞﾘｰｾﾝﾀｰ","大船渡ﾃﾞﾘﾊﾞﾘｰｾﾝﾀｰ","ｵｵﾌﾅﾄﾃﾞﾘﾊﾞ","","岩手県大船渡市大船渡町字池ノ森33-9","","","","","","","","","","0","20180718","230157","SYSTEM","20180718","230157","SYSTEM"
"0002881","蔵王高原フーズ","蔵王高原フーズ","ｻﾞｵｳｺｳｹﾞﾝﾌｰｽﾞ","","宮城県白石市福岡長袋字沖118-1","","","022-424-2541","","","","","","","0","20180718","230157","SYSTEM","20180730","132614","000001"
"0002882","滝田商店","滝田商店","ﾀｷﾀｼｮｳﾃﾝ","","宮城県刈田郡蔵王町大字曲竹字道路西1","","","","","","","","","","0","20180718","230157","SYSTEM","20180718","230157","SYSTEM"
"0002883","シーズ棚倉生コン","シーズ棚倉生コン","ｼｰｽﾞﾀﾅｸﾗ","","福島県東白川郡棚倉町下山本字松並平34-8","","","0247-33-3233","","","","","","","0","20180718","230157","SYSTEM","20180718","230157","SYSTEM"
"0002884","シーズ流棚倉合材工場","シーズ流棚倉合材工場","ｼｰｽﾞﾅｶﾞﾚﾀﾅｸﾗ","","福島県東白川郡棚倉町大梅段川内303-23","","","","","","","","","","0","20180718","230157","SYSTEM","20180730","133102","000001"
"0002885","ｱｻﾋﾌｰﾄﾞｱﾝﾄﾞﾍﾙｽｹｱ　栃木","ｱｻﾋﾌｰﾄﾞｱﾝﾄﾞﾍﾙｽｹｱ　栃","ｱｻﾋﾌｰﾄﾞｱﾝﾄ","","栃木県下野市小金井18","","","0285-40-7611","","","","","","","0","20180718","230157","SYSTEM","20180718","230157","SYSTEM"
"0002886","北芝電機","北芝電機","ｷﾀｼﾊﾞ","960-1292","福島県福島市松川町字天王原9","","","024-537-2121","","","","","","","0","20180718","230157","SYSTEM","20210205","114427","000001"
"0002887","ｸﾞﾛｰﾊﾞﾙｳｪｰﾊｽﾞ・ｼﾞｬﾊﾟﾝ新潟","ｸﾞﾛｰﾊﾞﾙｳｪｰﾊｽﾞ・ｼﾞｬﾊﾟ","ｸﾞﾛｰﾊﾞﾙｳｪｰ","","新潟県北蒲原郡聖籠町東港6-861-5","","","025-256-3218","","","","","","","0","20180718","230157","SYSTEM","20180718","230157","SYSTEM"
"0002888","盛岡北部行政事務組合","盛岡北部行政事務組合","ﾓﾘｵｶﾎｸﾌﾞｷﾞ","","岩手県八幡平市平舘27地割49","","","","","","","","","","0","20180718","230157","SYSTEM","20180718","230157","SYSTEM"
"0002889","JGE鹿島基地","JGE鹿島基地","ｼﾞ","","JGE鹿島基地","","","","","","","","","","0","20180718","230157","SYSTEM","20180718","230157","SYSTEM"
"0002890","王子マテリア　江戸川","王子マテリア　江戸川","ｵｳｼﾞﾏﾃﾘｱ","","東京都江戸川区東篠崎2-3-2","","","03-3679-1113","","","","","","","0","20180718","230157","SYSTEM","20180718","230157","SYSTEM"
"0002891","伊達地方衛生　汚泥再生処理センタ","伊達地方衛生　汚泥再","ﾀﾞﾃﾁﾎｳｴｲｾｲ","","福島県伊達郡桑折町大字伊達崎字船場東1-1","","","024-575-2372","","","","","","","0","20180718","230157","SYSTEM","20180718","230157","SYSTEM"
"0002892","アサカ理研　いわき","アサカ理研　いわき","ｱｻｶﾘｹﾝ ｲﾜｷ","","福島県いわき市泉町黒須野字江越246-23","","","0246-84-6295","","","","","","","0","20180718","230157","SYSTEM","20180718","230157","SYSTEM"
"0002893","ＤＮＰﾌｧｲﾝｹﾐｶﾙ　宇都宮","ＤＮＰﾌｧｲﾝｹﾐｶﾙ　宇都","ﾃﾞｨｰｴﾇﾋﾟｰ","","ＤＮＰﾌｧｲﾝｹﾐｶﾙ　宇都宮","","","","","","","","","","0","20180718","230157","SYSTEM","20180718","230157","SYSTEM"
"0002894","キョウデン東北茨城（中郷町）","キョウデン東北茨城（","ｷｮｳﾃﾞﾝ","","茨城県北茨城市中郷町日棚字宝壺644-12","","","0293-30-1777","","","","","","","0","20180718","230157","SYSTEM","20180718","230157","SYSTEM"
"0002895","王子チヨダコンテナー　福島","王子チヨダコンテナー","ｵｳｼﾞ","","福島県伊達市保原町字東野崎100","","","024-575-4131","","","","","","","0","20180718","230157","SYSTEM","20180718","230157","SYSTEM"
"0002896","ｴｽｴｽいずみや商店","ｴｽｴｽいずみや商店","ｴｽｴｽｲｽﾞﾐﾔ","","福島県いわき市遠野町字大黒山38-2","","","","","","","","","","0","20180718","230157","SYSTEM","20180718","230157","SYSTEM"
"0002897","アルティア","アルティア","ｱﾙﾃｨｱ","","福島県好間工業団地2-3","","","","","","","","","","0","20180718","230157","SYSTEM","20180718","230157","SYSTEM"
"0002898","東海林石油","東海林石油","ｼｮｳｼﾞｾｷﾕ","","福島県いわき市錦町鳥居西3","","","","","","","","","","0","20180718","230157","SYSTEM","20180718","230157","SYSTEM"
"0002899","三菱重工環境化学ｴﾝｼﾞﾆｱﾘﾝｸﾞ　富岡","三菱重工環境化学ｴﾝｼﾞ","ﾐﾂﾋﾞｼ","","三菱重工環境化学ｴﾝｼﾞﾆｱﾘﾝｸﾞ　富岡","","","","","","","","","","0","20180718","230157","SYSTEM","20180718","230157","SYSTEM"
"0020159","鏡が池碧山亭","鏡が池碧山亭","ｶｶﾞﾐｲｹﾍｷｻﾞﾝﾃｲ","","福島県二本松岳温泉2-13","","","0243-24-2008","","","","","","","0","20180718","230157","SYSTEM","20180725","140942","000001"
"0099996","バキュ-ム作業","バキュ-ム作業","ﾊﾞｷｭ-ﾑｻｷﾞｮ","","バキュ-ム作業","","","","","","","","","","0","20180718","230157","SYSTEM","20180718","230157","SYSTEM"
"0099997","抜き取り作業","抜き取り作業","ﾇｷﾄﾘｻ","","抜き取り作業","","","","","","","","","","0","20180718","230157","SYSTEM","20180718","230157","SYSTEM"
"0099998","構内作業","構内作業","ｺｳﾅｲｻ","","構内作業","","","","","","","","","","0","20180718","230157","SYSTEM","20180718","230157","SYSTEM"
"0099999","総合計","総合計","ｿｳｺﾞｳ","","総合計","","","","","","","","","","0","20180718","230157","SYSTEM","20180718","230157","SYSTEM"
"0010084","秋保グランドホテル","秋保グランドホテル","ｱｷｳｸﾞﾗﾝﾄﾞﾎﾃﾙ","","宮城県仙台市太白区秋保町湯元字枇杷原12-2","","","022-397-3131","","","","","","","0","20180718","230157","SYSTEM","20180730","141519","000001"
"0010087","東北中央病院　（山形）","東北中央病院　（山形","ﾄｳﾎｸﾁｭｳｵｳﾋﾞｮｳｲﾝ","","山形県山形市和合町3丁目2-5","","","0236-23-5111","","","","","","","0","20180718","230157","SYSTEM","20180730","141550","000001"
"0010089","片倉病院","片倉病院","ｶﾀｸﾗﾋﾞｮｳｲﾝ","","宮城県大崎市古川浦町1-37","","","0229-22-0016","","","","","","","0","20180718","230157","SYSTEM","20180730","141610","000001"
"0010091","ＡＳＥジャパン","ＡＳＥジャパン","ｴｰｴｽｲｰｼﾞｬﾊﾟﾝ","","山形県東置賜郡高畠町大字入生田1863","","","0238-57-5182","","","","","","","0","20180718","230157","SYSTEM","20180730","141654","000001"
"0010093","森紙業　柴田事業所","森紙業　柴田事業所","ﾓﾘｼｷﾞｮｳｼﾊﾞﾀ","","宮城県柴田郡柴田町大字中名生字神明堂","","","0224-55-3311","","","","","","","0","20180718","230157","SYSTEM","20180730","141710","000001"
"0010094","鈴木食品製造","鈴木食品製造","ｽｽﾞｷｼｮｸﾋﾝｾｲｿﾞｳ","","山形県寒河江市大字寒河江字仲田141-1","","","0237-86-5161","","","","","","","0","20180718","230157","SYSTEM","20180730","141729","000001"
"0010095","共同企業体仙台東アスコン","共同企業体仙台東アス","ｷｮｳﾄﾞｳｷｷﾞｮｳﾀｲｾﾝﾀﾞｲ","","宮城県仙台市若林区卸町東5-1-36","","","022-288-6996","","","","","","","0","20180718","230157","SYSTEM","20180730","141755","000001"
"0010096","東洋リネンサプライ","東洋リネンサプライ","ﾄｳﾖｳﾘﾈﾝｻﾌﾟﾗｲ","","宮城県黒川郡大和町鶴巣大平字下碇57","","","022-343-2114","","","","","","","0","20180718","230157","SYSTEM","20180730","141832","000001"
"0010097","太平洋工業","太平洋工業","ﾀｲﾍｲﾖｳｺｳｷﾞｮｳ","","宮城県栗原市栗駒猿飛来大長根6","","","0228-49-1311","","","","","","","0","20180718","230157","SYSTEM","20180730","141848","000001"
"0010098","東北クリーンサービス","東北クリーンサービス","ﾄｳﾎｸｸﾘｰﾝ","","岩手県西磐井郡平泉町平泉字高田前","","","0191-46-2227","","","","","","","0","20180718","230157","SYSTEM","20180718","230157","SYSTEM"
"0010100","アズマ化成","アズマ化成","ｱｽﾞﾏｶｾｲ","","山形県米沢市八幡原3丁目4452-19","","","023-828-2555","","","","","","","0","20180718","230157","SYSTEM","20180730","141936","000001"
"0010101","穴原温泉　吉川屋","穴原温泉　吉川屋","ｱﾅﾊﾞﾗｵﾝｾﾝﾖｼｶﾜﾔ","","福島県福島市飯坂町湯野字新湯6","","","024-542-2226","","","","","","","0","20180718","230157","SYSTEM","20180730","142012","000001"
"0010102","ﾛｲﾔﾙﾈｯﾄﾜーｸﾘﾈﾝｻﾌﾟﾗｲ","ﾛｲﾔﾙﾈｯﾄﾜーｸﾘﾈﾝｻﾌﾟﾗｲ","ﾛｲﾔﾙﾈｯﾄﾜｰｸ","","山形県米沢市万世町片子4875-4","","","0238-22-6359","","","","","","","0","20180718","230157","SYSTEM","20180730","142147","000001"
"0010103","前田コンクリート工業　宮城工場","前田コンクリート工業","ﾏｴﾀﾞｺﾝｸﾘｰﾄｺｳｷﾞｮｳ","","宮城県大崎市田尻八幡字袋沢35-5","","","0229-39-1321","","","","","","","0","20180718","230157","SYSTEM","20180730","142206","000001"
"0010105","モガミフーズ","モガミフーズ","ﾓｶﾞﾐﾌｰｽﾞ","","山形県西村山郡河北町谷地字鉾江","","","0237-73-2225","","","","","","","0","20180718","230157","SYSTEM","20180730","142222","000001"
"0010106","岩沼屋","岩沼屋","ｲﾜﾇﾏﾔ","","宮城県仙台市太白区秋保町湯元字薬師107","","","022-398-2026","","","","","","","0","20180718","230157","SYSTEM","20180718","230157","SYSTEM"
"0010107","ホテル瑞鳳","ホテル瑞鳳","ﾎﾃﾙｽﾞｲﾎｳ","","宮城県仙台市太白区秋保町湯元字除26-1","","","022-397-1134","","","","","","","0","20180718","230157","SYSTEM","20180730","142304","000001"
"0010109","サンヨー缶詰　山形工場","サンヨー缶詰　山形工","ｻﾝﾖｰｶﾝﾂﾞﾒﾔﾏｶﾞﾀ","","山形県東置賜郡高畠町大字安久津字加茂川原","2311番地","","0238-52-4860","","","","","","","0","20180718","230157","SYSTEM","20180730","142327","000001"
"0010110","伊藤ハムデイリー　東北工場","伊藤ハムデイリー　東","ｲﾄｳﾊﾑﾃﾞｲﾘｰﾄｳﾎｸ","","宮城県栗原市高清水来光沢20","","","0228-58-3213","","","","","","","0","20180718","230157","SYSTEM","20180730","142355","000001"
"0010111","鈴清食品","鈴清食品","ｽｽﾞｾｲｼｮｸﾋﾝ","","岩手県一関市東山町松川字地蔵平150-1","","","0191-35-2700","","","","","","","0","20180718","230157","SYSTEM","20180730","142409","000001"
"0010112","山形メイコー","山形メイコー","ﾔﾏｶﾞﾀﾒｲｺｰ","","山形県西村山郡河北町谷地字真木250","","","0237-73-4515","","","","","","","0","20180718","230157","SYSTEM","20180730","142437","000001"
"0010113","山形熱供給","山形熱供給","ﾔﾏｶﾞﾀﾈﾂｷｮｳｷｭｳ","","山形県山形市城南町一丁目","","","","","","","","","","0","20180718","230157","SYSTEM","20180730","142457","000001"
"0010114","丸中白土","丸中白土","ﾏﾙﾁｭｳｼﾗﾄﾞ","","福島県福島市飯坂町中野字蛭田66","","","024-542-2361","","","","","","","0","20180718","230157","SYSTEM","20180730","142517","000001"
"0010115","リアスコン","リアスコン","ﾘｱｽｺﾝ","","宮城県仙台市青葉区芋沢字不動堂22-3","","","022-394-5281","","","","","","","0","20180718","230157","SYSTEM","20180718","230157","SYSTEM"
"0010116","ミクロ","ミクロ","ﾐｸﾛ","","山形県天童市石鳥居１丁目1-33","","","023-655-2221","","","","","","","0","20180718","230157","SYSTEM","20180718","230157","SYSTEM"
"0010117","大成農材","大成農材","ﾀｲｾｲﾉｳｻﾞｲ","","宮城県石巻市魚町1丁目2-5","","","0225-22-6618","","","","","","","0","20180718","230157","SYSTEM","20180730","142543","000001"
"0010118","はなしのぶ","はなしのぶ","ﾊﾅｼﾉﾌﾞ","","福島県福島市平石字堰ノ上3","","","024-544-0711","","","","","","","0","20180718","230157","SYSTEM","20180730","142628","000001"
"0010119","石巻専修大学","石巻専修大学","ｲｼﾉﾏｷｾﾝｼｭｳﾀﾞｲｶﾞｸ","","宮城県石巻市南境字新水戸一","","","0225-22-7711","","","","","","","0","20180718","230157","SYSTEM","20180730","142646","000001"
"0010120","イオンモール富谷","イオンモール富谷","ｲｵﾝﾓｰﾙﾄﾐﾔ","","宮城県黒川郡富谷町大清水1-33-1","","","022-348-1381","","","","","","","0","20180718","230157","SYSTEM","20180730","142802","000001"
"0010121","コスモリネンサプライ","コスモリネンサプライ","ｺｽﾓﾘﾈﾝｻﾌﾟﾗｲ","","宮城県仙台市泉区福岡字森下4-9","","","022-379-6311","","","","","","","0","20180718","230157","SYSTEM","20180730","142815","000001"
"0010122","はながさアスコン共同企業体","はながさアスコン共同","ﾊﾅｶﾞｻｱｽｺﾝ","","山形県尾花沢市大字五十沢十二番地","","","0237-24-1071","","","","","","","0","20180718","230157","SYSTEM","20180730","142835","000001"
"0010123","三丸化学","三丸化学","ｻﾝﾏﾙｶｶﾞｸ","","宮城県柴田郡村田町大字村田字西ケ丘12-1","","","022-483-4483","","","","","","","0","20180718","230157","SYSTEM","20210811","150242","000006"
"0010124","ｵｰﾄﾗﾝﾄﾞﾘｰﾀｶﾉ鶴代工場","ｵｰﾄﾗﾝﾄﾞﾘｰﾀｶﾉ鶴代工場","ｵｰﾄﾗﾝﾄﾞﾘｰﾀｶﾉ","","宮城県仙台市若林区鶴代町6-48-2","","","022-239-8271","","","","","","","0","20180718","230157","SYSTEM","20180730","142901","000001"
"0010125","岩手生物工学研究所","岩手生物工学研究所","ｲﾜﾃ","","岩手県北上市成田22-174-4","","","","","","","","","","0","20180718","230157","SYSTEM","20180718","230157","SYSTEM"
"0010126","ﾋﾟｰ・ｴｽ・ｺﾝｸﾘｰﾄ　北上工場","ﾋﾟｰ・ｴｽ・ｺﾝｸﾘｰﾄ　北","ﾋﾟｰｴｽｺﾝｸﾘｰﾄｷﾀｶﾐ","","岩手県北上市村崎野14地割426","","","0197-66-2021","","","","","","","0","20180718","230157","SYSTEM","20180730","142930","000001"
"0010127","新岩手砕石","新岩手砕石","ｼﾝｲﾜﾃｻｲｾｷ","","岩手県奥州市江刺区井手字口沢1-2","","","0197-39-2117","","","","","","","0","20180718","230157","SYSTEM","20180730","142946","000001"
"0010128","トーニチ","トーニチ","ﾄｰﾆﾁ","","福島県福島市瀬上町字新田中通1-3","","","024-552-2603","","","","","","","0","20180718","230157","SYSTEM","20180730","142956","000001"
"0010129","ホテル佐勘","ホテル佐勘","ﾎﾃﾙｻｶﾝ","","宮城県仙台市太白区秋保町湯元字薬師28","","","022-398-2213","","","","","","","0","20180718","230157","SYSTEM","20180730","143038","000001"
"0010130","藤加工所","藤加工所","ﾌｼﾞｶｺｳｼﾞｮ","","福島県相馬郡鹿島町永田字永田48","","","0244-46-5105","","","","","","","0","20180718","230157","SYSTEM","20180730","143052","000001"
"0010131","ゆと森倶楽部","ゆと森倶楽部","ﾕﾄﾓﾘｸﾗｸ","","宮城県刈田郡蔵王町遠刈田温泉字上ノ原128","","","022-434-2311","","","","","","","0","20180718","230157","SYSTEM","20180730","143107","000001"
"0010132","三雄商会","三雄商会","ｻﾝﾕｳｼｮｳｶｲ","","宮城県気仙沼市字新城沖38-1","","","0226-23-7626","","","","","","","0","20180718","230157","SYSTEM","20180730","143344","000001"
"0010134","未来菜園","未来菜園","ﾐﾗｲｻｲｴﾝ","","宮城県黒川郡大衡村駒場字彦右衛門橋197","","","022-347-2258","","","","","","","0","20180718","230157","SYSTEM","20180730","143401","000001"
"0010083","エレック北上","エレック北上","ｴﾚｯｸｷﾀｶﾐ","","岩手県北上市相去町平林21","","","0197-67-2341","","","","","","","0","20180718","230157","SYSTEM","20180730","141501","000001"
"0010203","山形ロイヤル病院","山形ロイヤル病院","ﾔﾏｶﾞﾀﾛｲﾔﾙﾋﾞｮｳｲﾝ","","山形県東根市大森2-3-6","","","0237-43-8080","","","","","","","0","20180718","230157","SYSTEM","20180806","113839","000001"
"0010204","東亜道路工業　岩手工場","東亜道路工業　岩手工","ﾄｳｱﾄﾞｳﾛｺｳｷﾞｮｳｲﾜﾃ","","岩手県胆沢郡金ヶ崎町西根南野中27","","","0197-44-2233","","","","","","","0","20180718","230157","SYSTEM","20180806","113854","000001"
"0010205","アームロック","アームロック","ｱｰﾑﾛｯｸ","","岩手県一関市厳美町字猿鼻51","","","0191-29-2214","","","","","","","0","20180718","230157","SYSTEM","20180806","113916","000001"
"0010206","でん六","でん六","ﾃﾞﾝﾛｸ","","山形県山形市清住町3丁目2-45","","","0236-44-4420","","","","","","","0","20180718","230157","SYSTEM","20180806","113923","000001"
"0010207","鹿島道路　東山アスコン","鹿島道路　東山アスコ","ｶｼﾏﾄﾞｳﾛﾋｶﾞｼﾔﾏ","","山形県西置賜郡飯豊町添川字行人沢3514-53","","","0238-74-2354","","","","","","","0","20180718","230157","SYSTEM","20180806","113951","000001"
"0010208","東北東海","東北東海","ﾄｳﾎｸﾄｳｶｲ","","福島県二本松市高平75-3","","","0243-23-4111","","","","","","","0","20180718","230157","SYSTEM","20180806","114007","000001"
"0010209","共和コンクリート工業　水沢工場","共和コンクリート工業","ｷｮｳﾜｺﾝｸﾘｰﾄｺｳｷﾞｮｳ","","岩手県奥州市水沢区真城字土手根14","","","0197-24-2635","","","","","","","0","20180718","230157","SYSTEM","20180806","114045","000001"
"0010212","ダイナパック　福島事業所","ダイナパック　福島事","ﾀﾞｲﾅﾊﾟｯｸﾌｸｼﾏ","","福島県福島市瀬上町字南中川原1-1","","","024-5553-1121","","","","","","","0","20180718","230157","SYSTEM","20180806","114107","000001"
"0010214","石黒製麺","石黒製麺","ｲｼｸﾞﾛｾｲﾒﾝ","","山形県南陽市宮内783-1","","","022-306-0788","","","","","","","0","20180718","230157","SYSTEM","20180806","114128","000001"
"0010215","フジフーズ　仙台工場","フジフーズ　仙台工場","ﾌｼﾞﾌｰｽﾞｾﾝﾀﾞｲ","","宮城県名取市本郷字焼野17-1","","","022-382-5871","","","","","","","0","20180718","230157","SYSTEM","20180806","114144","000001"
"0010216","大船渡アスコン共同企業体","大船渡アスコン共同企","ｵｵﾌﾅﾄｱｽｺﾝ","","岩手県大船渡市立根町字大畑野85-1","","","0192-25-1450","","","","","","","0","20180718","230157","SYSTEM","20180806","114157","000001"
"0010217","ケー・エス・ケー仙台事業所","ケー・エス・ケー仙台","ｹｰｴｽｹｰｾﾝﾀﾞｲ","","宮城県仙台市宮城野区港4-12-6","","","022-259-6346","","","","","","","0","20180718","230157","SYSTEM","20180806","114220","000001"
"0010220","慈光園","慈光園","ｼﾞｺｳｴﾝ","","山形県長井市小出3453番地","","","0238-88-2711","","","","","","","0","20180718","230157","SYSTEM","20180806","114237","000001"
"0010221","倉元製作所　１号棟・５号棟","倉元製作所　１号棟・","ｸﾗﾓﾄｾｲｻｸｼｮ","","岩手県一関市花泉町油島字内別当19-1","","","0191-82-5110","","","","","","","0","20180718","230157","SYSTEM","20180806","114257","000001"
"0010222","新東北化学工業","新東北化学工業","ｼﾝﾄｳﾎｸｶｶﾞｸ","","宮城県仙台市青葉区上愛子字倉内大森囲","","","022-392-2420","","","","","","","0","20180718","230157","SYSTEM","20180806","114310","000001"
"0010224","山形県食肉公社","山形県食肉公社","ﾔﾏｶﾞﾀｹﾝｼｮｸﾆｸ","","山形県山形市大字中野字的場936","","","023-684-5656","","","","","","","0","20180718","230157","SYSTEM","20180806","114346","000001"
"0010226","ミドルウッド","ミドルウッド","ﾐﾄﾞﾙｳｯﾄﾞ","","山形県米沢市門東町3丁目3-1","","","0238-21-6511","","","","","","","0","20180718","230157","SYSTEM","20200131","155649","000001"
"0010227","小林製薬","小林製薬","ｺﾊﾞﾔｼｾｲｶ","","宮城県黒川郡大和町松坂平4丁目3番","","","022-344-4301","","","","","","","0","20180718","230157","SYSTEM","20180806","114421","000001"
"0010228","志津川支所","志津川支所","ｼﾂﾞｶﾞﾜｼｼｮ","","宮城県本吉町南三陸町志津川字本浜町115","","","0226-47-2025","","","","","","","0","20180718","230157","SYSTEM","20180806","114433","000001"
"0010230","ｲｵﾝﾃﾞｨﾗｲﾄ　ｲｵﾝ山形南","ｲｵﾝﾃﾞｨﾗｲﾄ　ｲｵﾝ山形南","ｲｵﾝﾃﾞｨﾗｲﾄｲｵﾝ","","山形県山形市若宮3-7-8","","","023-647-0315","","","","","","","0","20180718","230157","SYSTEM","20180806","115119","000001"
"0010232","アーレスティ山形","アーレスティ山形","ｱｰﾚｽﾃｨﾔﾏｶﾞﾀ","","山形県西置賜郡白鷹町大字荒砥乙65","","","0238-85-6081","","","","","","","0","20180718","230157","SYSTEM","20180806","115142","000001"
"0010233","介護老人保健施設なかだ","介護老人保健施設なか","ｶｲｺﾞﾛｳｼﾞﾝ","","宮城県登米市中田町石森字蓬田245","","","0220-35-2655","","","","","","","0","20180718","230157","SYSTEM","20180806","115156","000001"
"0010235","千葉油店　八沢SS","千葉油店　八沢SS","ﾁﾊﾞｱﾌﾞﾗﾃﾝ","","岩手県一関市藤沢町砂子田字高田77","","","0191-63-2161","","","","","","","0","20180718","230157","SYSTEM","20180806","115551","000001"
"0010236","岩手金吾堂","岩手金吾堂","ｲﾜﾃｷﾝｺﾞﾄﾞｳ","","岩手県胆沢郡前沢町本杉61-2","","","0197-56-5339","","","","","","","0","20180718","230157","SYSTEM","20180806","115606","000001"
"0010238","仙台機械技術センター","仙台機械技術センター","ｾﾝﾀﾞｲｷｶｲｷﾞｼﾞｭﾂ","","宮城県仙台市宮城野区東六番丁31-2","","","022-291-6049","","","","","","","0","20180718","230157","SYSTEM","20180806","115634","000001"
"0010242","有田屋稲瀬プラント","有田屋稲瀬プラント","ｱﾘﾀﾔｲﾅｾ","","岩手県北上市稲瀬町福田地56-2","","","0197-64-6500","","","","","","","0","20180718","230157","SYSTEM","20180806","115701","000001"
"0010244","鈴木製麺","鈴木製麺","ｽｽﾞｷｾｲﾒﾝ","","山形県天童市清池東2-5-11","","","023-655-5060","","","","","","","0","20180718","230157","SYSTEM","20180806","115717","000001"
"0010245","北上都心開発　さくら野東口","北上都心開発　さくら","ｷﾀｶﾐﾄｼﾝｶｲﾊﾂｻｸﾗﾉ","","岩手県北上市本通り2丁目2-1","","","0197-65-6536","","","","","","","0","20180718","230157","SYSTEM","20180806","115741","000001"
"0010246","北上都心開発　さくら野西口","北上都心開発　さくら","ｷﾀｶﾐﾄｼﾝｶｲﾊﾂｻｸﾗ","","岩手県北上市本通り2丁目2-1","","","0197-65-6536","","","","","","","0","20180718","230157","SYSTEM","20180806","115758","000001"
"0010248","東北イノアック　若柳工場","東北イノアック　若柳","ﾄｳﾎｸｲﾉｱｯｸ","","宮城県栗原市若柳字川東若柳123","","","0228-32-2201","","","","","","","0","20180718","230157","SYSTEM","20180806","115817","000001"
"0010249","東北大蔵電気　石巻工場","東北大蔵電気　石巻工","ﾄｳﾎｸｵｵｸﾗﾃﾞﾝｷ","","宮城県石巻市須江字関ノ入13-2","","","0225-86-6251","","","","","","","0","20180718","230157","SYSTEM","20180806","115903","000001"
"0010250","菊地商店　鳴子","菊地商店鳴子","ｷｸﾁｼｮｳﾃﾝ","","宮城県大崎市鳴子温泉字車湯64-3","","","0229-83-2463","","","","","","","0","20180718","230157","SYSTEM","20191213","140216","000001"
"0010252","カネカ東北スチロール","カネカ東北スチロール","ｶﾈｶﾄｳﾎｸ","","宮城県大崎市鹿児島台広長字前林12-27","","","","","","","","","","0","20180718","230157","SYSTEM","20180806","115930","000001"
"0010254","米鶴酒造","米鶴酒造","ﾖﾈﾂﾙｼｭｿﾞｳ","","山形県東置賜郡高畠町大字二井宿1076","","","0238-52-1130","","","","","","","0","20180718","230157","SYSTEM","20180806","115945","000001"
"0010257","小林香料　米沢工場","小林香料　米沢工場","ｺﾊﾞﾔｼｺｳﾘｮｳ","","山形県米沢市八幡原3丁目","","","0238-28-2248","","","","","","","0","20180718","230157","SYSTEM","20180806","120003","000001"
"0010259","特別養護老人ホーム関生園","特別養護老人ホーム関","ﾄｸﾍﾞﾂﾖｳｺﾞﾛｳｼﾞﾝﾎｰﾑ","","岩手県一関市真柴字はの木立43-102","","","0191-26-4911","","","","","","","0","20180718","230157","SYSTEM","20180806","130743","000001"
"0010261","天童給食センター","天童給食センター","ﾃﾝﾄﾞｳｷｭｳｼｮｸｾﾝﾀｰ","","山形県東根市大字東根字一本木7057-164","","","0237-41-0123","","","","","","","0","20180718","230157","SYSTEM","20180806","130809","000001"
"0010262","東綱商事　北上営業所","東綱商事　北上営業所","ﾄｳｺｳｼｮｳｼﾞ","","岩手県北上市北工業団地7-9","","","0197-66-2641","","","","","","","0","20180718","230157","SYSTEM","20230220","114238","000006"
"0010263","朝日相扶製作所　寒河江工場","朝日相扶製作所　寒河","ｱｻﾋｿｳﾌｾｲｻｸｼｮ","","山形県寒河江市大字八鍬857-1","","","0237-83-2002","","","","","","","0","20180718","230157","SYSTEM","20180806","131013","000001"
"0010264","山形県立米沢東高等学校","山形県立米沢東高等学","ﾔﾏｶﾞﾀｹﾝﾘﾂﾖﾈｻﾞﾜ","","山形県米沢市丸の内2-5-63","","","0238-22-3450","","","","","","","0","20180718","230157","SYSTEM","20180806","131032","000001"
"0010265","日本電産コパル　（一関）","日本電産コパル　（一","ﾆﾎﾝﾃﾞﾝｻﾝｺﾊﾟﾙ","","岩手県一関市赤荻字宮田55","","","0191-25-3311","","","","","","","0","20180718","230157","SYSTEM","20180806","131052","000001"
"0010266","鎌田段ボール工業","鎌田段ボール工業","ｶﾏﾀﾀﾞﾝﾎﾞｰﾙ","","岩手県奥州市水沢区水沢工業団地1-36","","","0197-24-5185","","","","","","","0","20180718","230157","SYSTEM","20180806","131110","000001"
"0010267","天童木工","天童木工","ﾃﾝﾄﾞｳﾓｯｺｳ","","山形県天童市乱川1丁目3-10","","","0236-53-3121","","","","","","","0","20180718","230157","SYSTEM","20180806","131129","000001"
"0010269","北上開発ビル","北上開発ビル","ｷﾀｶﾐｶｲﾊﾂﾋﾞﾙ","","岩手県北上市大通り1-3-1","","","0197-65-2811","","","","","","","0","20180718","230157","SYSTEM","20180806","131152","000001"
"0010270","東北グリコ乳業","東北グリコ乳業","ﾄｳﾎｸｸﾞﾘｺ","","宮城県加美郡加美町米泉西原1","","","022-967-3851","","","","","","","0","20180718","230157","SYSTEM","20180806","131202","000001"
"0010272","ホテル松島大観荘　松風","ホテル松島大観荘　松","ﾎﾃﾙﾏﾂｼﾏﾀﾞｲｶﾝｿｳ","","宮城県宮城郡松島町松島字犬田10-76","","","022-354-2161","","","","","","","0","20180718","230157","SYSTEM","20180806","131244","000001"
"0010273","ホテル松島大観荘　瑞松","ホテル松島大観荘　瑞","ﾎﾃﾙﾏﾂｼﾏﾀﾞｲｶﾝｿｳ","","宮城県宮城郡松島町松島字犬田10-76","","","022-354-2161","","","","","","","0","20180718","230157","SYSTEM","20180806","131306","000001"
"0010274","ＴＫＲ　水沢工場","ＴＫＲ　水沢工場","ﾃｨｹｰｱｰﾙﾐｽﾞｻﾜ","","岩手県奥州市水沢区新城字北野1","","","0197-26-5211","","","","","","","0","20180718","230157","SYSTEM","20180806","131352","000001"
"0010276","保原中央クリニック","保原中央クリニック","ﾎﾊﾞﾗﾁｭｳｵｳ","","福島県伊達市保原町字城ノ内73-1","","","024-575-3231","","","","","","","0","20180718","230157","SYSTEM","20180806","131412","000001"
"0010278","ホテルシティープラザ北上","ホテルシティープラザ","ﾎﾃﾙｼﾃｨｰﾌﾟﾗｻﾞ","","岩手県北上市川岸1丁目14-1","","","0197-63-3800","","","","","","","0","20180718","230157","SYSTEM","20180806","131438","000001"
"0010280","石川染工","石川染工","ｲｼｶﾜｾﾝｺｳ","","山形県東村山郡山辺町大字山辺923","","","023-664-5011","","","","","","","0","20180718","230157","SYSTEM","20180806","131535","000001"
"0010282","大衡共同アスコン企業体","大衡共同アスコン企業","ｵｵﾋﾗｷｮｳﾄﾞｳｱｽｺﾝ","","宮城県黒川郡大衡村大衡字赤坂3-1","","","022-345-4559","","","","","","","0","20180718","230157","SYSTEM","20180806","131556","000001"
"0010283","仙北アスコン共同企業体","仙北アスコン共同企業","ｾﾝﾎﾟｸｱｽｺﾝ","","宮城県黒川郡大郷町川内長福寺山74","","","022-359-3975","","","","","","","0","20180718","230157","SYSTEM","20180806","131607","000001"
"0010284","東北医科薬科大学病院","東北医科薬科大学病院","ﾄｳﾎｸｲｶﾔｯｶﾀﾞｲｶﾞｸ","","宮城県仙台市宮城野区福室1丁目12-1","","","022-259-1221","","","","","","","0","20180718","230157","SYSTEM","20190125","150855","000001"
"0010285","岩手県栽培漁業協会","岩手県栽培漁業協会","ｲﾜﾃｹﾝｻｲﾊﾞｲ","","岩手県大船渡市末崎町字門ノ浜120","","","0192-29-2135","","","","","","","0","20180718","230157","SYSTEM","20180806","131641","000001"
"0010287","東京セメント工業　仙台工場","東京セメント工業　仙","ﾄｳｷｮｳｾﾒﾝﾄ","","宮城県大崎市松山千石字一本松51番地","","","0229-55-3131","","","","","","","0","20180718","230157","SYSTEM","20180806","131659","000001"
"0010288","ホテル壮観　磯崎","ホテル壮観　磯崎","ﾎﾃﾙｿｳｶﾝｲｿｻﾞｷ","","宮城県宮城郡松島町磯崎字浜1-1","","","022-354-2181","","","","","","","0","20180718","230157","SYSTEM","20180806","131716","000001"
"0010291","山形さくら町病院","山形さくら町病院","ﾔﾏｶﾞﾀｻｸﾗ","","山形県山形市桜町2-75","","","","","","","","","","0","20180718","230157","SYSTEM","20180806","131750","000001"
"0010293","前田製管　水沢第2工場","前田製管　水沢第2工","ﾏｴﾀﾞｾｲｶﾝﾐｽﾞｻﾜ","","岩手県奥州市水沢区水沢工業団地3丁目102","","","0197-24-6561","","","","","","","0","20180718","230157","SYSTEM","20180806","131814","000001"
"0010294","ﾛｲﾔﾙﾈｯﾄﾜｰｸ　ﾒﾃﾞｨｶﾙﾘﾈﾝ仙台","ﾛｲﾔﾙﾈｯﾄﾜｰｸ　ﾒﾃﾞｨｶﾙﾘﾈ","ﾛｲﾔﾙﾈｯﾄﾜｰｸ","","宮城県仙台市泉区根白石字山田原27-2","","","022-348-4311","","","","","","","0","20180718","230157","SYSTEM","20180806","131829","000001"
"0010296","ｾﾝﾄﾗﾙｳｪﾙﾈｽｸﾗﾌﾞ南小泉","ｾﾝﾄﾗﾙｳｪﾙﾈｽｸﾗﾌﾞ南小泉","ｾﾝﾄﾗﾙｳｪﾙﾈｽｸﾗﾌﾞ","","宮城県仙台市若林区遠見塚3-2-1","","","022-788-4777","","","","","","","0","20180718","230157","SYSTEM","20180806","131854","000001"
"0010297","山形県米沢中央高等学校","山形県米沢中央高等学","ﾔﾏｶﾞﾀｹﾝﾖﾈｻﾞﾜﾁｭｳｵｳ","","山形県米沢市中央7丁目5-70-4","","","023-822-4223","","","","","","","0","20180718","230157","SYSTEM","20180806","131913","000001"
"0010299","カネイチ　本店","カネイチ　本店","ｶﾈｲﾁﾎﾝﾃﾝ","","宮城県宮城郡七ヶ浜町吉田浜字浜屋敷61-3","","","022-357-2640","","","","","","","0","20180718","230157","SYSTEM","20180806","131930","000001"
"0010300","宮城興業","宮城興業","ﾐﾔｷﾞｺｳｷﾞｮｳ","","山形県南陽市宮内2200","","","0238-47-3155","","","","","","","0","20180718","230157","SYSTEM","20180806","131943","000001"
"0010301","山田乳業　本社工場","山田乳業　本社工場","ﾔﾏﾀﾞﾆｭｳｷﾞｮｳ","","宮城県白石市字屋敷前155","","","0224-26-3181","","","","","","","0","20180718","230157","SYSTEM","20180806","132004","000001"
"0010302","特別養護老人ホームおいたまの郷","特別養護老人ホームお","ﾄｸﾍﾞﾂﾖｳｺﾞﾛｳｼﾞﾝﾎｰﾑ","","山形県米沢市下新田高野28","","","0238-37-7788","","","","","","","0","20180718","230157","SYSTEM","20180806","132035","000001"
"0010303","旭コンクリート工業　仙台工場","旭コンクリート工業","ｱｻﾋｺﾝｸﾘｰﾄｺｳｷﾞｮｳ","","宮城県黒川郡大衡村駒場字下北沢3","","","022-345-0125","","","","","","","0","20180718","230157","SYSTEM","20180806","132053","000001"
"0010304","徳州会ラ・ヴィータ","徳州会ラ・ヴィータ","ﾄｸｼｭｳｶｲﾗｳﾞｨｰﾀ","","山形県山形市清住町3-51","","","023-647-3401","","","","","","","0","20180718","230157","SYSTEM","20180806","132117","000001"
"0010305","山形徳州会病院","山形徳州会病院","ﾔﾏｶﾞﾀﾄｸｼｭｳｶｲﾋﾞｮｳｲﾝ","","山形県山形市清住町2丁目3-51","","","023-647-3434","","","","","","","0","20180718","230157","SYSTEM","20180806","132136","000001"
"0010306","小森マシナリー","小森マシナリー","ｺﾓﾘﾏｼﾅﾘｰ","","山形県東置賜郡高畠町福沢","","","0238-57-5111","","","","","","","0","20180718","230157","SYSTEM","20180806","132149","000001"
"0010308","気仙沼商会バージ船","気仙沼商会バージ船","ｹｾﾝﾇﾏｼｮｳｶｲﾊﾞｰｼﾞｾﾝ","","宮城県気仙沼市朝日町商港2バース","","","0226-22-1600","","","","","","","0","20180718","230157","SYSTEM","20180806","132213","000001"
"0010311","松永牛乳","松永牛乳","ﾏﾂﾅｶﾞﾆｭｳｷﾞｮｳ","","福島県南相馬市原町区上渋佐字原田159","","","","","","","","","","0","20180718","230157","SYSTEM","20180806","132239","000001"
"0010312","同仁社　郡山工場","同仁社　郡山工場","ﾄﾞｳｼﾞﾝｼｬｺｵﾘﾔﾏ","","福島県郡山市田村町金屋字新家70-1","","","024-941-5175","","","","","","","0","20180718","230157","SYSTEM","20180806","132253","000001"
"0010313","景勝園","景勝園","ｹｲｼｮｳｴﾝ","","岩手県北上市和賀町横川目3地割17-2","","","0197-71-6111","","","","","","","0","20180718","230157","SYSTEM","20180806","132302","000001"
"0010315","ミライフ東日本　管洋店","ミライフ東日本　管洋","ﾐﾗｲﾌﾋｶﾞｼﾆﾎﾝｶﾝﾖｳﾃﾝ","","福島県福島市方木田本方木田41-10","","","024-546-5811","","","","","","","0","20180718","230157","SYSTEM","20180806","132325","000001"
"0010319","まちづくりオーガ","まちづくりオーガ","ﾏﾁﾂﾞｸﾘｵｰｶﾞ","","宮城県柴田郡大河原町大谷字町向126-4","","","0224-52-1110","","","","","","","0","20180718","230157","SYSTEM","20210106","132755","000001"
"0010321","福島市東部学校給食センター","福島市東部学校給食セ","ﾌｸｼﾏｼﾄｳﾌﾞｶﾞｯｺｳ","","福島県福島市岡部字根深5-1","","","024-534-5741","","","","","","","0","20180718","230157","SYSTEM","20180806","132409","000001"
"0010323","昭和コンクリート工業　宮城工場","昭和コンクリート工業","ｼｮｳﾜｺﾝｸﾘｰﾄｺｳｷﾞｮｳ","","宮城県栗原市築館字新田20-1","","","0228-22-9531","","","","","","","0","20180718","230157","SYSTEM","20180806","132428","000001"
"0010324","トーモク山形工場","トーモク山形工場","ﾄｰﾓｸﾔﾏｶﾞﾀ","","山形県山形市立谷川3丁目1410","","","023-686-2511","","","","","","","0","20180718","230157","SYSTEM","20180806","132439","000001"
"0010326","大成ロテック　山形合材工場","大成ロテック　山形合","ﾀｲｾｲﾛﾃｯｸﾔﾏｶﾞﾀ","","山形県寒河江市大字日田字平田145-1","","","0237-86-9620","","","","","","","0","20180718","230157","SYSTEM","20180806","132504","000001"
"0010327","明立工業","明立工業","ﾒｲﾘﾂｺｳｷﾞｮｳ","","山形県東根市神町西2丁目2番15号","","","0237-48-1626","","","","","","","0","20180718","230157","SYSTEM","20180806","132525","000001"
"0010328","山辺温泉　保養センター","山辺温泉　保養センタ","ﾔﾏﾍﾞｵﾝｾﾝ","","山形県東村山郡山辺町大字大塚801","","","023-664-7777","","","","","","","0","20180718","230157","SYSTEM","20180806","132543","000001"
"0010331","木の屋石巻水産（本社）","木の屋石巻水産（本社","ｷﾉﾔｲｼﾉﾏｷ","","木の屋石巻水産（本社）","","","","","","","","","","0","20180718","230157","SYSTEM","20180806","132558","000001"
"0010332","社会福祉法人　米沢栄光の里","社会福祉法人　米沢栄","ｼｬｶｲﾌｸｼﾎｳｼﾞﾝﾖﾈｻﾞﾜ","","山形県米沢市万世町梓山5494-1","","","0238-28-7710","","","","","","","0","20180718","230157","SYSTEM","20180806","132632","000001"
"0010333","やすらぎの湯　ゆっぽ","やすらぎの湯　ゆっぽ","ﾔｽﾗｷﾞﾉﾕﾕｯﾎﾟ","","宮城県白石市大平森合字森合沖86","","","0224-22-5526","","","","","","","0","20180718","230157","SYSTEM","20180806","132645","000001"
"0010334","伊藤製鉄所","伊藤製鉄所","ｲﾄｳｾｲﾃﾂ","","宮城県石巻市重吉町2","","","0225-96-1111","","","","","","","0","20180718","230157","SYSTEM","20180806","132658","000001"
"0010335","奥羽乳業協同組合","奥羽乳業協同組合","ｵｳｳﾆｭｳｷﾞｮｳ","","山形県西山村郡河北町大字吉田字花ノ木","2150-3","","0237-72-2255","","","","","","","0","20180718","230157","SYSTEM","20180806","132710","000001"
"0010336","新日本テクノカーボン","新日本テクノカーボン","ｼﾝﾆﾎﾝﾃｸﾉｶｰﾎﾞﾝ","","宮城県黒川郡大郷町川内字中埣山62-6","","","0243-22-0630","","","","","","","0","20180718","230157","SYSTEM","20180806","132725","000001"
"0010337","マルニ食品","マルニ食品","ﾏﾙﾆｼｮｸﾋﾝ","","宮城県登米市南方町鴻ノ木123-1","","","0220-58-5502","","","","","","","0","20180718","230157","SYSTEM","20180806","132736","000001"
"0010341","鳴子保養所玉造荘","鳴子保養所玉造荘","ﾅﾙｺﾎﾖｳｼﾞｮ","","宮城県大崎市鳴子温泉字川渡62","","","0229-84-7330","","","","","","","0","20180718","230157","SYSTEM","20180806","132806","000001"
"0010345","日本金属　岩手工場","日本金属　岩手工場","ﾆﾎﾝｷﾝｿﾞｸｲﾜﾃ","","岩手県北上市和賀町仙人2-10","","","0197-71-8008","","","","","","","0","20180718","230157","SYSTEM","20180806","132827","000001"
"0010346","櫻桃園","櫻桃園","ｵｳﾄｳｴﾝ","","山形県南陽市宮内4401","","","0238-47-2153","","","","","","","0","20180718","230157","SYSTEM","20180806","132834","000001"
"0010350","白石ポリテックス工業","白石ポリテックス工業","ｼﾛｲｼﾎﾟﾘﾃｯｸｽ","","宮城県刈田郡蔵王町宮字上原田東79-1","","","0224-22-8861","","","","","","","0","20180718","230157","SYSTEM","20181012","103927","000001"
"0010353","前田製管　水沢第1工場","前田製管　水沢第1工","ﾏｴﾀﾞｾｲｶﾝﾐｽﾞｻﾜ","","岩手県奥州市水沢区佐倉河字中ノ町13","","","0197-25-6211","","","","","","","0","20180718","230157","SYSTEM","20180806","132921","000001"
"0010356","山形県置賜総合支庁","山形県置賜総合支庁","ﾔﾏｶﾞﾀｹﾝｵｷﾀﾏ","","山形県米沢市金池7丁目1-50","","","023-826-6006","","","","","","","0","20180718","230157","SYSTEM","20180806","132937","000001"
"0010357","宮城鉱化","宮城鉱化","ﾐﾔｷﾞｺｳｶ","","岩手県一関市東山町長坂字町裏329","","","0191-35-3360","","","","","","","0","20180718","230157","SYSTEM","20180806","132947","000001"
"0010358","ホテル瑞鳳　桜離宮","ホテル瑞鳳　桜離宮","ﾎﾃﾙｽﾞｲﾎｳｻｸﾗﾘｷｭｳ","","宮城県仙台市太白区秋保町湯元字除26-1","","","022-397-1111","","","","","","","0","20180718","230157","SYSTEM","20180806","133008","000001"
"0010360","平野組ﾘｻｲｸﾙﾌﾟﾗﾝﾄ","平野組ﾘｻｲｸﾙﾌﾟﾗﾝﾄ","ﾋﾗﾉｸﾞﾐﾘｻｲｸﾙ","","岩手県一関市狐禅寺字草ヶ沢227-26","","","0191-46-2168","","","","","","","0","20180718","230157","SYSTEM","20180806","133028","000001"
"0010362","和歌山産業　臨空工場","和歌山産業　臨空工場","ﾜｶﾔﾏｻﾝｷﾞｮｳﾘﾝｸｳ","","山形県東根市大字野田字三ツ星屋719-1","","","050-3539-1685","","","","","","","0","20180718","230157","SYSTEM","20180806","133044","000001"
"0010365","医療社団法人　花北病院","医療社団法人　花北病","ｲﾘｮｳｼｬﾀﾞﾝﾎｳｼﾞﾝﾊﾅｷﾀ","","岩手県北上市村崎野16地割89-1","","","0197-66-2311","","","","","","","0","20180718","230157","SYSTEM","20180806","133133","000001"
"0010366","大成ロテック　ｵｲﾀﾏｱｽｺﾝ","大成ロテック　ｵｲﾀﾏｱｽ","ﾀｲｾｲﾛﾃｯｸ","","山形県東置賜郡高畠町大字福沢1670-9","","","0238-57-2521","","","","","","","0","20180718","230157","SYSTEM","20180806","133149","000001"
"0010367","イセファーム東北","イセファーム東北","ｲｾﾌｧｰﾑﾄｳﾎｸ","","宮城県加美郡色麻町黒沢字切付7-10","","","0229-65-2644","","","","","","","0","20180718","230157","SYSTEM","20180806","133159","000001"
"0010369","東磐アスコン企業体","東磐アスコン企業体","ﾄｳﾊﾞﾝｱｽｺﾝ","","岩手県一関市大東町摺沢字松原新田138-3","","","0191-75-2727","","","","","","","0","20180718","230157","SYSTEM","20180806","133212","000001"
"0010370","東北文化学園大学","東北文化学園大学","ﾄｳﾎｸﾌﾞﾝｶｶﾞｸｴﾝ","","宮城県仙台市青葉区国見6-45-1","","","022-233-3330","","","","","","","0","20180718","230157","SYSTEM","20180806","133235","000001"
"0010371","フューチャーホテル桜郷　さくら館","フューチャーホテル桜","ﾌｭｰﾁｬｰﾎﾃﾙ","","福島県福島市飯坂町字鍋沢26","","","024-543-0022","","","","","","","0","20180718","230157","SYSTEM","20180806","133246","000001"
"0010372","協同薬品工業","協同薬品工業","ｷｮｳﾄﾞｳﾔｸﾋﾝ","","山形県東置賜郡川西町大字大塚","","","0238-46-2001","","","","","","","0","20180718","230157","SYSTEM","20180806","133258","000001"
"0010374","ホテル瑞鳳（ｴﾝﾊﾟｲｱ）","ホテル瑞鳳（ｴﾝﾊﾟｲｱ）","ﾎﾃﾙｽﾞｲﾎｳｴﾝﾊﾟｲｱ","","宮城県仙台市太白区秋保町湯元字除26-1","","","022-397-1111","","","","","","","0","20180718","230157","SYSTEM","20180806","133324","000001"
"0010375","飯坂ホテル聚楽","飯坂ホテル聚楽","ｲｲｻﾞｶﾎﾃﾙｼﾞｭﾗｸ","","福島県福島市飯坂町西滝の町27","","","024-542-2201","","","","","","","0","20180718","230157","SYSTEM","20180806","133348","000001"
"0010380","須川温泉","須川温泉","ｽｶﾜｵﾝｾﾝ","","岩手県一関市旭1-15","","","0191-23-3948","","","","","","","0","20180718","230157","SYSTEM","20180718","230157","SYSTEM"
"0010381","サンヨー缶詰　本社工場","サンヨー缶詰　本社工","ｻﾝﾖｰｶﾝﾂﾞﾒﾎﾝｼｬ","","福島県福島市仲間町10-13","","","0245-22-0155","","","","","","","0","20180718","230157","SYSTEM","20180806","133621","000001"
"0010382","富士ﾌｲﾙﾑ和光純薬","富士ﾌｲﾙﾑ和光純薬","ﾌｼﾞﾌｲﾙﾑﾜｺｳｼﾞｭﾝﾔｸ","","埼玉県川越市的場1633","","","0492-31-1034","","","","","","","0","20180718","230157","SYSTEM","20220225","092619","000005"
"0010383","日本化薬　高崎","日本化薬　高崎","ﾆﾎﾝｶﾔｸ","370-1208","群馬県高崎市岩鼻町２３９","","","","","","","","","","0","20180718","230157","SYSTEM","20220307","144725","000005"
"0010384","東邦化学工業  追浜工場","東邦化学  追浜","ﾄｳﾎｳ","237-0062","神奈川県横須賀市浦郷町５丁目２９３１","","","","","","","","","","0","20180718","230157","SYSTEM","20220307","144506","000005"
"0010385","ｺﾙｺｰﾄ 渡柳工場","ｺﾙｺｰﾄ 渡柳工場","ｺﾙｺｰﾄ","361-0033","埼玉県行田市渡柳１１３８","","","","","","","","","","0","20180718","230157","SYSTEM","20220225","091450","000005"
"0010386","大平興産","大平興産","ﾀｲﾍｲｺｳｻﾝ","299-1734","千葉県富津市関709","","","","","","","","","","0","20180718","230157","SYSTEM","20220307","143023","000005"
"0010387","武蔵野化学（久喜）","武蔵野化学（久喜）","ﾑｻｼ","340-0203","埼玉県久喜市桜田５丁目１６","","","","","","","","","","0","20180718","230157","SYSTEM","20220307","161607","000005"
"0010429","ｱｼﾞｱ熱処理（本社）","ｱｼﾞｱ熱処理（本社）","ｱｼﾞｱ","372-0854","群馬県伊勢崎市飯島町５４０－２","","","","","","","","","","0","20180718","230157","SYSTEM","20220224","191148","000005"
"0010430","ｾﾝﾄﾗﾙ化工","ｾﾝﾄﾗﾙ化工","ｾﾝﾄﾗﾙ","346-0028","埼玉県久喜市河原井町２３","","","","","","","","","","0","20180718","230157","SYSTEM","20220225","091804","000005"
"0010433","東京化成（深谷）","東京化成（深谷）","ﾄｳｷｮｳｶｾｲ","366-0816","埼玉県深谷市樫合７２５","","","","","","","","","","0","20180718","230157","SYSTEM","20220307","144045","000005"
"0010438","アルケア（千葉）","アルケア（千葉）","ｱﾙｹｱ","","アルケア（千葉）","","","","","","","","","","0","20180718","230157","SYSTEM","20180718","230157","SYSTEM"
"0010448","川研ファイン（埼玉）","川研ファイン（埼玉）","ｶﾜｹﾝ","","川研ファイン（埼玉）","","","","","","","","","","0","20180718","230157","SYSTEM","20180718","230157","SYSTEM"
"0010457","シーシーアイ（埼玉）","シーシーアイ（埼玉）","ｼｰ","","シーシーアイ（埼玉）","","","","","","","","","","0","20180718","230157","SYSTEM","20180718","230157","SYSTEM"
"0010466","秩父清流園","秩父清流園","ﾁﾁﾌﾞｾｲﾘｭｳｴﾝ","369-1802","埼玉県秩父市荒川上田野１５８３","","","","","","","","","","0","20180718","230157","SYSTEM","20220307","143437","000005"
"0010475","日本理化学薬品","日本理化学薬品","ﾆﾎﾝﾘｶｶﾞｸﾔｸﾋﾝ","326-0321","栃木県足利市梁田町６１０","","","","","","","","","","0","20180718","230157","SYSTEM","20220307","145156","000005"
"0010476","日本ｹﾐｶﾙ工業","日本ｹﾐｶﾙ工業","ﾆﾎﾝｹﾐｶﾙｺｳｷﾞｮｳ","424-0055","静岡県静岡市清水区吉川","","","","","","","","","","0","20180718","230157","SYSTEM","20220601","144917","000005"
"0010485","山一化学（那須）","山一化学（那須）","ﾔﾏｲﾁ","","栃木県大田原市蛭田1-221","","","0287-98-2780","","","","","","","0","20180718","230157","SYSTEM","20200220","111528","000005"
"0010501","福島赤十字病院","福島赤十字病院","ﾌｸｼﾏｾｷｼﾞｭｳｼﾞ","","福島県福島市入江町11-31","","","024-534-6101","","","","","","","0","20180718","230157","SYSTEM","20180806","133835","000001"
"0010502","イチサイ　草ヶ沢工場","イチサイ　草ヶ沢工場","ｲﾁｻｲｸｻｶﾞｻﾜ","","岩手県一関市狐禅寺字草ヶ沢36-87","","","0191-26-2243","","","","","","","0","20180718","230157","SYSTEM","20180806","133859","000001"
"0010505","北上済生会病院","北上済生会病院","ｷﾀｶﾐｻｲｾｶｲﾋﾞｮｳｲﾝ","","岩手県北上市花園町1丁目6番8号","","","0197-64-7722","","","","","","","0","20180718","230157","SYSTEM","20180806","134041","000001"
"0010520","三和フーズ","三和フーズ","ｻﾝﾜﾌｰｽﾞ","","山形県東置賜郡高畠町大字安久津2270","","","023-852-0343","","","","","","","0","20180718","230157","SYSTEM","20180806","134111","000001"
"0010522","アイリスフーズ　岩手工場","アイリスフーズ　岩手","ｱｲﾘｽﾌｰｽﾞｲﾜﾃ","","岩手県奥州市胆沢区南都田字広表94","","","0197-46-4811","","","","","","","0","20180718","230157","SYSTEM","20180806","134134","000001"
"0010524","住重環境エンジニアリング","住重環境エンジニアリ","ｽﾐｼﾞｭｳ","","住重環境エンジニアリング","","","","","","","","","","0","20180718","230157","SYSTEM","20180718","230157","SYSTEM"
"0010525","喜助　今泉営業所","喜助　今泉営業所","ｷｽｹｲﾏｲｽﾞﾐ","","山形県長井市字山田1812-288","","","0238-84-1637","","","","","","","0","20180718","230157","SYSTEM","20180806","134330","000001"
"0010526","三井住建道路　福島合材工場","三井住建道路　福島合","ﾐﾂｲｼﾞｭｳｹﾝﾄﾞｳﾛ","","福島県福島市立子山字甚念坊山9番地","","","0245-97-2244","","","","","","","0","20180718","230157","SYSTEM","20180806","134351","000001"
"0010527","マテラス青梅工業","マテラス青梅工業","ﾏﾃﾗｽｵｳﾒ","","宮城県加美郡加美町字木伏31-1","","","022-963-4040","","","","","","","0","20180718","230157","SYSTEM","20180806","134537","000001"
"0010529","高章洗染　リネンサプライ工場","高章洗染　リネンサプ","ｺｳｼｮｳｾﾝｾﾝ","","岩手県北上市鬼柳町川原小屋26-3","","","0197-67-4266","","","","","","","0","20180718","230157","SYSTEM","20180806","134623","000001"
"0010530","特別養護老人ホーム富美岡荘","特別養護老人ホーム富","ﾄｸﾍﾞﾂﾖｳｺﾞﾛｳｼﾞﾝﾎｰﾑ","","岩手県大船渡市猪川町字富岡148","","","0192-27-7111","","","","","","","0","20180718","230157","SYSTEM","20180806","134643","000001"
"0010531","仙台配送センター","仙台配送センター","ｾﾝﾀﾞｲﾊｲｿｳ","","宮城県仙台市太白区西中田1丁目18-40","","","022-242-8861","","","","","","","0","20180718","230157","SYSTEM","20180806","134655","000001"
"0010533","介護老人保健施設サンライフえさし","介護老人保健施設サン","ｶｲｺﾞﾛｳｼﾞﾝﾎｹﾝｼｾﾂ","","岩手県奥州市江刺区岩谷堂字下惣田290-3","","","0197-35-8480","","","","","","","0","20180718","230157","SYSTEM","20180806","134724","000001"
"0010535","テイクオフ・エナジー","テイクオフ・エナジー","ﾃｲｸｵﾌ ｴﾅｼﾞｰ","","宮城県亘理郡亘理町逢隈高屋字柴北95-1","","","0223-34-3666","","","","","","","0","20180718","230157","SYSTEM","20181219","153928","000001"
"0010537","アクアリーナ","アクアリーナ","ｱｸｱﾘｰﾅ","","宮城県宮城郡七ヶ浜町吉田浜字野山5-1","","","022-357-7890","","","","","","","0","20180718","230157","SYSTEM","20180806","134757","000001"
"0010539","仙台空港カントリークラブ","仙台空港カントリーク","ｾﾝﾀﾞｲｸｳｺｳｶﾝﾄﾘｰ","","宮城県名取市愛島北目字大沢2-66","","","022-382-2111","","","","","","","0","20180718","230157","SYSTEM","20180806","134814","000001"
"0010540","マルハニチロ　大江工場","マルハニチロ　大江工","ﾏﾙﾊﾆﾁﾛ","","山形県西村山郡大江町小見字左南38","","","0237-62-3111","","","","","","","0","20180718","230157","SYSTEM","20180806","134923","000001"
"0010541","トプコン山形","トプコン山形","ﾄﾌﾟｺﾝﾔﾏｶﾞﾀ","","山形県山形市大字漆山547","","","023-686-3987","","","","","","","0","20180718","230157","SYSTEM","20180806","134837","000001"
"0010545","不二家乳業","不二家乳業","ﾌｼﾞﾔﾆｭｳｷﾞｮｳ","","岩手県一関市大東町摺沢字沼田27","","","0191-75-2215","","","","","","","0","20180718","230157","SYSTEM","20180806","134933","000001"
"0010550","東北KAT","東北KAT","ﾄｳﾎｸｹｲｴｰﾃｨ","","岩手県北上市相去町山根梨の木43-130","","","0197-71-2570","","","","","","","0","20180718","230157","SYSTEM","20180806","135009","000001"
"0010551","ｼﾞｬﾑｺ航空機整備事業部　整備工場","ｼﾞｬﾑｺ航空機整備事業","ｼﾞｬﾑｺｺｳｸｳｾｲﾋﾞ","","宮城県岩沼市下野郷字新拓70","","","022-322-2126","","","","","","","0","20180718","230157","SYSTEM","20180806","135025","000001"
"0010554","おいたま荘","おいたま荘","ｵｲﾀﾏｿｳ","","山形県長井市今泉1857-6","","","0238-88-9011","","","","","","","0","20180718","230157","SYSTEM","20180806","135039","000001"
"0010556","バーデン家壮鳳","バーデン家壮鳳","ﾊﾞｰﾃﾞﾝｹｿｳﾎｳ","","宮城県刈田郡蔵王町遠刈田温泉字新地東裏山","43-1","","0224-34-3161","","","","","","","0","20180718","230157","SYSTEM","20180806","135218","000001"
"0010560","五色商事","五色商事","ｺﾞｼｷｼｮｳｼﾞ","","宮城県刈田郡蔵王町遠刈田温泉4","","","0224-34-2113","","","","","","","0","20180718","230157","SYSTEM","20180806","135239","000001"
"0010561","介護老人保健施設快老苑金ヶ崎","介護老人保健施設快老","ｶｲｺﾞﾛｳｼﾞﾝﾎｹﾝｼｾﾂ","","岩手県胆沢郡金ヶ崎町西根鑓水103-1","","","0197-44-2475","","","","","","","0","20180718","230157","SYSTEM","20180806","135257","000001"
"0010562","花月ハイランドホテル","花月ハイランドホテル","ｶｹﾞﾂﾊｲﾗﾝﾄﾞ","","福島県福島市町庭坂神ノ森1-20","","","024-542-4104","","","","","","","0","20180718","230157","SYSTEM","20180806","135310","000001"
"0010563","南東北シルクロード館","南東北シルクロード館","ﾐﾅﾐﾄｳﾎｸｼﾙｸﾛｰﾄﾞ","","福島県伊達郡川俣町大字鶴沢字池ノ上30-1","","","024-538-0081","","","","","","","0","20180718","230157","SYSTEM","20180806","135339","000001"
"0010567","新地アグリグリーン2号タンク","新地アグリグリーン2","ｼﾝﾁｱｸﾞﾘ","","福島県相馬郡新地町駒ヶ嶺字鹿狼11-1","","","0424-62-4500","","","","","","","0","20180718","230157","SYSTEM","20180806","135406","000001"
"0010569","世紀東急工業　福島舗材センター","世紀東急工業　福島舗","ｾｲｷﾄｳｷｭｳｺｳｷﾞｮｳﾌｸｼﾏ","","福島県南相馬市小高区女場字山神前24","","","0244-66-1705","","","","","","","0","20180718","230157","SYSTEM","20180806","135426","000001"
"0010570","特別養護老人ホーム白水荘","特別養護老人ホーム白","ﾄｸﾍﾞﾂﾖｳｺﾞﾛｳｼﾞﾝﾎｰﾑ","","山形県東根市大字野川2074-99","","","0237-44-2366","","","","","","","0","20180718","230157","SYSTEM","20180806","135449","000001"
"0010571","デクセリアルズ　なかた事業所","デクセリアルズ　なか","ﾃﾞｸｾﾘｱﾙｽﾞ","","宮城県登米市中田町宝江新井田字加賀野境30","","","0220-35-2800","","","","","","","0","20180718","230157","SYSTEM","20180806","135457","000001"
"0010572","小林ガス　二本松","小林ガス　二本松","ｺﾊﾞﾔｼｶﾞｽ","","福島県二本松若宮二丁目201","","","0243-23-3340","","","","","","","0","20180718","230157","SYSTEM","20180806","135510","000001"
"0010575","岩手ハネダコンクリート","岩手ハネダコンクリー","ｲﾜﾃﾊﾈﾀﾞｺﾝｸﾘｰﾄ","","岩手県奥州市江刺区玉里字上上野121-1","","","0197-36-3311","","","","","","","0","20180718","230157","SYSTEM","20180806","135533","000001"
"0010580","草津ウィズウェイスト","草津ウィズウェイスト","ｸｻﾂ","","草津ウィズウェイスト","","","","","","","","","","0","20180718","230157","SYSTEM","20180718","230157","SYSTEM"
"0010581","クミアイ化学工業","クミアイ化学工業","ｸﾐｱｲｶｶﾞｸ","","宮城県遠刈田郡美里町南小牛田字山の神100","","","0229-33-2311","","","","","","","0","20180718","230157","SYSTEM","20180718","230157","SYSTEM"
"0010584","共和コンクリート工業　岩出山工場","共和コンクリート工業","ｷｮｳﾜｺﾝｸﾘｰﾄ","","宮城県大崎市岩出山字東川原町1-19","","","0229-72-1174","","","","","","","0","20180718","230157","SYSTEM","20180806","135832","000001"
"0010592","愛の郷　老人ホームけやき","愛の郷　老人ホームけ","ｱｲﾉｻﾄﾛｳｼﾞﾝﾎｰﾑｹﾔｷ","","宮城県名取市愛島小豆島字山ノ前49-2","","","022-384-8500","","","","","","","0","20180718","230157","SYSTEM","20180806","140057","000001"
"0010595","三浦バイオマス","三浦バイオマス","ﾐｳﾗ","","三浦バイオマス","","","","","","","","","","0","20180718","230157","SYSTEM","20180718","230157","SYSTEM"
"0010596","ｱｼﾞｱ熱処理（栃木）","ｱｼﾞｱ熱処理（栃木）","ｱｼﾞｱ","322-0603","栃木県栃木市西方町本郷６２１－１","","","","","","","","","","0","20180718","230157","SYSTEM","20220224","191401","000005"
"0010602","日本曹達（市原）","日本曹達（市原）","ﾆﾎﾝ","290-0045","千葉県市原市五井南海岸１２－８","","","","","","","","","","0","20180718","230157","SYSTEM","20220307","144928","000005"
"0010604","ｱｲｶ工業伊勢崎工場","ｱｲｶ工業伊勢崎工場","ｱｲｶｺｳｷﾞｮｳ","372-0833","群馬県伊勢崎市富塚町1021ー1","","","","","","","","","","0","20180718","230157","SYSTEM","20220224","191006","000005"
"0010610","東西工業(宇都宮)","東西工業(宇都宮)","ﾄｳｻﾞｲｺｳｷﾞｮ","","栃木県さくら市鷲宿4480","","","0286-86-4168","","","","","","","0","20180718","230157","SYSTEM","20180718","230157","SYSTEM"
"0010615","東京応化工業(御殿場)","東京応化工業(御殿場)","ﾄｳｷｮｳｵｳｶｺｳｷﾞｮｳ","412-0038","静岡県御殿場市駒門１丁目１","","","","","","","","","","0","20180718","230157","SYSTEM","20220615","110841","000005"
"0010618","気仙沼センター加工業協同組合","気仙沼センター加工業","ｹｾﾝﾇﾏｾﾝﾀｰｶｺｳ","","宮城県気仙沼市朝日町11-4","","","0226-24-3303","","","","","","","0","20180718","230157","SYSTEM","20180806","140116","000001"
"0010620","シナネン扇町基地","シナネン扇町基地","ｼﾅﾈﾝｵｳｷﾞﾏﾁ","","宮城県仙台市宮城野区扇町4丁目7-30","","","022-235-1010","","","","","","","0","20180718","230157","SYSTEM","20180806","140211","000001"
"0010622","大和ハウス工業　東北工場","大和ハウス工業　東北","ﾀﾞｲﾜﾊｳｽｺｳｷﾞｮｳﾄｳﾎｸ","","宮城県大崎市古川小野字中蝦沢133","","","0229-28-3451","","","","","","","0","20180718","230157","SYSTEM","20180806","140236","000001"
"0010623","ＮＥＣトーキン仙台工場","ＮＥＣトーキン仙台工","ｴﾇｲｰｼｰﾄｰｷﾝ","","宮城県仙台市太白区郡山6丁目7-1","","","022-247-6115","","","","","","","0","20180718","230157","SYSTEM","20180806","140259","000001"
"0010624","エコパーク榛名","エコパーク榛名","ｴｺﾊﾟｰｸ","","エコパーク榛名","","","","","","","","","","0","20180718","230157","SYSTEM","20180718","230157","SYSTEM"
"0020000","東日本ｺﾝｸﾘｰﾄ　亘理ＰＣ工場","東日本ｺﾝｸﾘｰﾄ　亘理Ｐ","ﾋｶﾞｼﾆﾎﾝｺﾝｸﾘｰﾄﾜﾀﾘ","","宮城県亘理郡亘理町字北新田7-1","","","0223-34-7811","","","","","","","0","20180718","230157","SYSTEM","20180806","140710","000001"
"0020005","ＤＩＣ千葉","ＤＩＣ千葉","ﾃﾞｨｰ","","ＤＩＣ千葉","","","","","","","","","","0","20180718","230157","SYSTEM","20180718","230157","SYSTEM"
"0020007","果香","果香","ｶｺｳ","","山形県寒河江市中央工業団地15-1","","","0237-86-0105","","","","","","","0","20180718","230157","SYSTEM","20180806","140718","000001"
"0020009","中巨摩環境","中巨摩環境","ﾁｭｳｷｮ","","中巨摩環境","","","","","","","","","","0","20180718","230157","SYSTEM","20180718","230157","SYSTEM"
"0020011","鴨川衛生","鴨川衛生","ｶﾓｶﾞﾜ","","鴨川衛生","","","","","","","","","","0","20180718","230157","SYSTEM","20180718","230157","SYSTEM"
"0020012","ＯＫＩメタルテック","ＯＫＩメタルテック","ｵｰｹｲｱｲﾒﾀﾙ","","福島県福島市笹木野舘１番地","","","024-555-2107","","","","","","","0","20180718","230157","SYSTEM","20180806","140736","000001"
"0020014","サンド","サンド","ｻﾝﾄﾞ","","山形県上山市新金谷827-7","","","023-673-5225","","","","","","","0","20180718","230157","SYSTEM","20180718","230157","SYSTEM"
"0020015","松川浦燃油施設","松川浦燃油施設","ﾏﾂｶﾜｳﾗﾈﾝﾕｼｾﾂ","","福島県相馬市尾浜字追川196","","","0244-32-0292","","","","","","","0","20180718","230157","SYSTEM","20180806","140750","000001"
"0020017","ジェイデバイス宮城","ジェイデバイス宮城","ｼﾞｪｲﾃﾞﾊﾞｲｽ","","宮城県柴田郡村田町大字村田字西ヶ丘1-1","","","0224-83-5111","","","","","","","0","20180718","230157","SYSTEM","20180806","140805","000001"
"0020018","トータルヘルスクリニック","トータルヘルスクリニ","ﾄｰﾀﾙﾍﾙｽ","","山形県南陽市椚塚948-1","","","0238-40-3170","","","","","","","0","20180718","230157","SYSTEM","20180806","140820","000001"
"0020019","ユースポーツクラブ名取","ユースポーツクラブ名","ﾕｰｽﾎﾟｰﾂｸﾗﾌﾞ","","宮城県名取市増田1丁目14-20","","","022-382-1211","","","","","","","0","20180718","230157","SYSTEM","20180806","140844","000001"
"0020020","特別養護老人ホーム百年の里","特別養護老人ホーム百","ﾄｸﾍﾞﾂﾖｳｺﾞﾛｳｼﾞﾝﾎｰﾑ","","岩手県大船渡市立根町字宮田9-1","","","0192-27-7111","","","","","","","0","20180718","230157","SYSTEM","20180806","140904","000001"
"0020021","秋田中央アスコン共同企業体","秋田中央アスコン共同","ｱｷﾀﾁｭｳｵｳｱｽｺﾝ","","秋田県仙北郡協和町上淀川字大橋向203","","","0188-92-2303","","","","","","","0","20180718","230157","SYSTEM","20180806","140922","000001"
"0020022","安藤醸造","安藤醸造","ｱﾝﾄﾞｳｼﾞｮｳｿﾞｳ","","秋田県仙北市角館町下新町27","","","0187-53-2008","","","","","","","0","20180718","230157","SYSTEM","20180806","140934","000001"
"0020023","ＪＦＥエンジニアリング（伊達）","ＪＦＥエンジニアリン","ｼﾞｪｲｴﾌｲｰｴﾝｼﾞﾆｱ","","福島県伊達市霊山町石田字笹平外地内","","","024-572-6701","","","","","","","0","20180718","230157","SYSTEM","20180806","141001","000001"
"0020025","出光（秋田）","出光（秋田）","ｲﾃﾞﾐﾂｱｷﾀ","","秋田県秋田市寺内後城322-4","","","","","","","","","","0","20180718","230157","SYSTEM","20180806","141023","000001"
"0020026","NECプラットフォームズ","NECプラットフォーム","ｴﾇｲｰｼｰ","","宮城県白石市旭町6丁目一番地","","","0224-25-1211","","","","","","","0","20180718","230157","SYSTEM","20180806","141119","000001"
"0020029","東西ＯＴ(塩釜)","東西ＯＴ(塩釜)","ﾄｳｻﾞｲｵｰﾃｨｼｵｶﾞﾏ","","宮城県塩釜市貞山通3丁目29-10","","","","","","","","","","0","20180718","230157","SYSTEM","20180806","141144","000001"
"0020030","長井市置賜生涯学習プラザ","長井市置賜生涯学習プ","ﾅｶﾞｲｼｵｷﾀﾏｼｮｳｶﾞｲ","","山形県長井市九野本1235-1","","","0238-84-6900","","","","","","","0","20180718","230157","SYSTEM","20180806","141203","000001"
"0020031","中小企業大学校　仙台校","中小企業大学校　仙台","ﾁｭｳｼｮｳｷｷﾞｮｳ","","宮城県仙台市青葉区落合4丁目2-5","","","022-392-8811","","","","","","","0","20180718","230157","SYSTEM","20180806","141220","000001"
"0020033","みうら食品　東根製麺工場","みうら食品　東根製麺","ﾐｳﾗｼｮｸﾋﾝﾋｶﾞｼﾈ","","山形県東根市大字沼沢2030-1","","","023-741-4100","","","","","","","0","20180718","230157","SYSTEM","20180806","141241","000001"
"0020034","北上市北部学校給食センター","北上市北部学校給食セ","ｷﾀｶﾐﾎｸﾌﾞ","","岩手県北上市流通センター16-40","","","","","","","","","","0","20180718","230157","SYSTEM","20180806","141253","000001"
"0020036","特別養護老人ホーム　あだたら荘","特別養護老人ホーム","ﾄｸﾍﾞﾂﾖｳｺﾞﾛｳｼﾞﾝﾎｰﾑ","","福島県二本松市安達ヶ原1-291-1","","","","","","","","","","0","20180718","230157","SYSTEM","20180806","141325","000001"
"0020037","毎日新聞首都圏センター福島工場","毎日新聞首都圏センタ","ﾏｲﾆﾁｼﾝﾌﾞﾝ","","福島県福島市佐倉下字二本榎前10-5","","","","","","","","","","0","20180718","230157","SYSTEM","20180806","141334","000001"
"0020039","郡山アスコン共同企業体","郡山アスコン共同企業","ｺｵﾘﾔﾏｱｽｺﾝ","","福島県郡山市熱海町安小島字北吉野20","","","024-984-2527","","","","","","","0","20180718","230157","SYSTEM","20180806","141348","000001"
"0020040","山形県立こども医療療育センター","山形県立こども医療療","ﾔﾏｶﾞﾀｹﾝﾘﾂｺﾄﾞﾓ","","山形県上山氏河崎3-7-1","","","023-673-3366","","","","","","","0","20180718","230157","SYSTEM","20180806","141405","000001"
"0020041","福島市下水道管理センター","福島市下水道管理セン","ﾌｸｼﾏｼｹﾞｽｲﾄﾞｳｶﾝﾘ","","福島県福島市東浜町9-11","","","024-534-0420","","","","","","","0","20180718","230157","SYSTEM","20180806","141422","000001"
"0020042","西会津町温泉健康保養ｾﾝﾀｰﾛｰﾀｽｲﾝ","西会津町温泉健康保養","ﾆｼｱｲﾂﾞﾏﾁｵﾝｾﾝ","","福島県耶麻郡西会津町登世島字下小島187","","","0241-45-2900","","","","","","","0","20180718","230157","SYSTEM","20180806","141448","000001"
"0020043","大七酒造","大七酒造","ﾀﾞｲｼﾁｼｭｿﾞｳ","","福島県二本松市竹田一丁目66","","","0243-23-0007","","","","","","","0","20180718","230157","SYSTEM","20180806","141505","000001"
"0020044","厚生会　仙台厚生病院","厚生会　仙台厚生病院","ｺｳｾｲｶｲｾﾝﾀﾞｲｺｳｾｲ","","宮城県仙台市青葉区広瀬町4-15","","","022-222-6181","","","","","","","0","20180718","230157","SYSTEM","20180806","141527","000001"
"0020045","白成舎","白成舎","ﾊｸｾｲｼｬ","","福島県耶麻郡猪苗代町字城南70","","","0242-62-4353","","","","","","","0","20180718","230157","SYSTEM","20180806","141537","000001"
"0020046","富士ピー・エス　東北工場","富士ピー・エス　東北","ﾌｼﾞﾋﾞｰｴｽﾄｳﾎｸ","","福島県安達郡大玉村玉井字畑田37番地1","大玉第2工業団地","","0243-48-3178","","","","","","","0","20180718","230157","SYSTEM","20180806","141557","000001"
"0020047","坂内セメント工業所（原町）","坂内セメント工業所（","ﾊﾞﾝﾅｲｾﾒﾝﾄ","","福島県南相馬市原町区上渋佐字原田141","","","0244-22-0606","","","","","","","0","20180718","230157","SYSTEM","20180806","141609","000001"
"0020048","グリーンピア岩沼　森のプール","グリーンピア岩沼　森","ｸﾞﾘｰﾝﾋﾟｱｲﾜﾇﾏ","","宮城県岩沼市北長谷字切通1-1","","","0223-25-5122","","","","","","","0","20180718","230157","SYSTEM","20180806","141621","000001"
"0020049","モンタナリゾート","モンタナリゾート","ﾓﾝﾀﾅﾘｿﾞｰﾄ","","宮城県岩沼市北長谷字切通1-1","","","0223-25-5122","","","","","","","0","20180718","230157","SYSTEM","20180806","141633","000001"
"0020050","奥の松酒造","奥の松酒造","ｵｸﾉﾏﾂｼｭｿﾞｳ","","福島県二本松市長命69","","","0243-22-2153","","","","","","","0","20180718","230157","SYSTEM","20180806","141645","000001"
"0020051","ニチノーサービス","ニチノーサービス","ﾆﾁﾉ-ｻｰﾋﾞｽ","","福島県二本松市平石高田4-286","","","","","","","","","","0","20180718","230157","SYSTEM","20200302","092547","000001"
"0020052","仙台味噌醤油　わさび沢工場","仙台味噌醤油　わさび","ｾﾝﾀﾞｲﾐｿｼｮｳﾕﾜｻﾋﾞ","","宮城県志田郡松山町金谷字山葵沢東6-1","","","0229-55-3544","","","","","","","0","20180718","230157","SYSTEM","20180806","141730","000001"
"0020053","総合南東北福祉センター","総合南東北福祉センタ","ｿｳｺﾞｳｳﾐﾅﾐﾄｳﾎｸﾌｸｼ","","福島県郡山市日和田町梅沢字丹波山3-2","","","024-968-1010","","","","","","","0","20180718","230157","SYSTEM","20180806","141753","000001"
"0020054","かんの屋","かんの屋","ｶﾝﾉﾔ","","福島県郡山市西田町大田字宮木田3","","","0247-62-2161","","","","","","","0","20180718","230157","SYSTEM","20180806","141801","000001"
"0020055","吉田セメント工業","吉田セメント工業","ﾖｼﾀﾞｾﾒﾝﾄ","","福島県須賀川市横山町93","","","0248-76-2819","","","","","","","0","20180718","230157","SYSTEM","20180806","141811","000001"
"0020056","白石ひまわり　白石温泉薬師の湯","白石ひまわり　白石温","ｼﾛｲｼﾋﾏﾜﾘｼﾛｲｼｵﾝｾﾝ","","宮城県白石市福岡蔵本字薬師堂28-2","","","0224-48-4126","","","","","","","0","20180718","230157","SYSTEM","20180806","141837","000001"
"0020057","あだたら環境共生センター","あだたら環境共生セン","ｱﾀﾞﾀﾗｶﾝｷｮｳ","","福島県二本松市上竹2-172","","","0243-22-0958","","","","","","","0","20180718","230157","SYSTEM","20180806","141849","000001"
"0020058","ＴＯＨＯピクス郡山","ＴＯＨＯピクス郡山","ﾄｰﾎｰﾋﾞｸｽ","","福島県郡山市痣道場143","郡山中央工業団地","","024-944-1205","","","","","","","0","20180718","230157","SYSTEM","20180806","141916","000001"
"0020059","美希病院","美希病院","ﾐｷﾋﾞｮｳｲﾝ","","岩手県奥州市前沢区古城字丑沢上野100","","","0197-56-6111","","","","","","","0","20180718","230157","SYSTEM","20180806","141927","000001"
"0020060","小沢商会","小沢商会","ｵｻﾞﾜｼｮｳｶｲ","","岩手県奥州市水沢区佐倉河字中ノ町60","","","0197-23-3331","","","","","","","0","20180718","230157","SYSTEM","20180806","141938","000001"
"0020061","竜泉寺の湯　仙台泉店","竜泉寺の湯　仙台泉店","ﾘｭｳｾﾝｼﾞﾉﾕｾﾝﾀﾞｲｲｽﾞﾐﾃﾝ","","宮城県仙台市泉区大沢2-5-9","","","022-374-2683","","","","","","","0","20180718","230157","SYSTEM","20180806","142000","000001"
"0020062","太田綜合病院附属太田熱海病院","太田綜合病院附属太田","ｵｵﾀｿｳｺﾞｳﾋﾞｮｳｲﾝ","","福島県郡山市熱海町5-240","","","024-984-0088","","","","","","","0","20180718","230157","SYSTEM","20180806","142019","000001"
"0020063","白石興産","白石興産","ｼﾛｲｼｺｳｻﾝ","","宮城県白石市字大畑一番1-2","","","0224-25-3101","","","","","","","0","20180718","230157","SYSTEM","20180806","142029","000001"
"0020065","エムテックマツムラ尾花沢事業所","エムテックマツムラ尾","ｴﾑﾃｯｸﾏﾂﾑﾗ","","山形県尾花沢市北町2-2-2","","","0237-22-3903","","","","","","","0","20180718","230157","SYSTEM","20180806","142048","000001"
"0020066","ミドリオートレザー","ミドリオートレザー","ﾐﾄﾞﾘｵｰﾄﾚｻﾞｰ","","山形県山形市三社57-1","","","","","","","","","","0","20180718","230157","SYSTEM","20180806","142103","000001"
"0020067","宮城県自治会館管理組合","宮城県自治会館管理組","ﾐﾔｷﾞｹﾝｼﾞｼﾞｶｲｶﾝ","","宮城県仙台市青葉区上杉1-2-2","","","022-263-3702","","","","","","","0","20180718","230157","SYSTEM","20180806","142132","000001"
"0020070","大崎ゴルフ倶楽部","大崎ゴルフ倶楽部","ｵｵｻｷｺﾞﾙﾌｸﾗﾌﾞ","","宮城県大崎市三本木伊場野字中ノ坊3","","","","","","","","","","0","20180718","230157","SYSTEM","20180806","142217","000001"
"0020072","カネダイ　石油部","カネダイ　石油部","ｶﾈﾀﾞｲｾｷﾕﾌﾞ","","宮城県気仙沼市川口町2-102-1","","","0226-22-2480","","","","","","","0","20180718","230157","SYSTEM","20180806","142232","000001"
"0020073","みやぎ県南中核病院","みやぎ県南中核病院","ﾐﾔｷﾞｹﾝﾅﾝﾁｭｳｶｸ","","宮城県柴田郡大河原町字西38-1","","","0224-51-5500","","","","","","","0","20180718","230157","SYSTEM","20180806","142253","000001"
"0020076","わらべや日洋　福島工場","わらべや日洋　福島工","ﾜﾗﾍﾞﾔﾆﾁﾖｳﾌｸｼﾏ","","福島県郡山市喜久田字双又34-13","","","024-959-1500","","","","","","","0","20180718","230157","SYSTEM","20180806","142321","000001"
"0020077","三友堂病院","三友堂病院","ｻﾝﾕｳﾄﾞｳﾋﾞｮｳｲﾝ","","山形県米沢市中央6丁目1-219","","","0238-24-3700","","","","","","","0","20180718","230157","SYSTEM","20180806","142334","000001"
"0020078","ケイテック","ケイテック","ｹｲﾃｯｸ","","宮城県加美郡加美町字雁原325","","","0229-64-1119","","","","","","","0","20180718","230157","SYSTEM","20180806","142339","000001"
"0020079","日本製乳㈱","日本製乳㈱","ﾆﾎﾝｾｲﾆｭｳ","","山形県東置賜郡高畠町大字糠野目高野壱","694-1","","","","","","","","","0","20180718","230157","SYSTEM","20180806","142345","000001"
"0020080","丸森病院","丸森病院","ﾏﾙﾓﾘﾋﾞｮｳｲﾝ","","宮城県伊具郡丸森町字鳥屋27","","","0224-72-2131","","","","","","","0","20180718","230157","SYSTEM","20180806","142357","000001"
"0020081","松島国際ｶﾝﾄﾘｰｸﾗﾌﾞ","松島国際ｶﾝﾄﾘｰｸﾗﾌﾞ","ﾏﾂｼﾏｺｸｻｲｶﾝﾄﾘｰ","","宮城県黒川郡大郷町中村字谷地際山5-28","","","022-359-2411","","","","","","","0","20180718","230157","SYSTEM","20180806","142412","000001"
"0020095","ﾗｲﾌﾄﾞﾘﾝｸｶﾝﾊﾟﾆｰ　岩手工場","ﾗｲﾌﾄﾞﾘﾝｸｶﾝﾊﾟﾆｰ　岩手","ﾗｲﾌﾄﾞﾘﾝｸｶﾝﾊﾟﾆｰｲﾜﾃ","","岩手県北上市相去町平林21-66","","","0197-63-3878","","","","","","","0","20180718","230157","SYSTEM","20190208","162446","000001"
"0020096","済生会福島総合病院","済生会福島総合病院","ｻｲｾｲｶｲﾌｸｼﾏ","","福島県福島市大森字下原田25番地","","","024-544-5171","","","","","","","0","20180718","230157","SYSTEM","20180806","142635","000001"
"0020100","シチズンマシナリーミヤノ北上","シチズンマシナリーミ","ｼﾁｽﾞﾝﾏｼﾅﾘｰ","","岩手県北上市流通センター15-1","","","0197-68-2500","","","","","","","0","20180718","230157","SYSTEM","20180806","142708","000001"
"0020103","カナエ","カナエ","ｶﾅｴ","","宮城県気仙沼市赤岩港50-1","","","","","","","","","","0","20180718","230157","SYSTEM","20180806","142725","000001"
"0020104","仙台南警察署","仙台南警察署","ｾﾝﾀﾞｲﾐﾅﾐｹｲｻﾂｼｮ","","宮城県仙台市太白区長町6丁目2-7","","","022-246-7171","","","","","","","0","20180718","230157","SYSTEM","20180806","142743","000001"
"0020111","空の庭リゾート","空の庭リゾート","ｿﾗﾉﾆﾜ","","福島県二本松市岳温泉1丁目197-2","","","0243-24-2306","","","","","","","0","20180718","230157","SYSTEM","20180718","230157","SYSTEM"
"0020112","ADEKA　相馬工場","ADEKA　相馬工場","ｱﾃﾞｶ","","福島県相馬市光陽1丁目1-1","","","0244-38-8899","","","","","","","0","20180718","230157","SYSTEM","20220225","090232","000005"
"0020113","THK　山形工場","THK　山形工場","ﾃｨｴｲﾁｹｰﾔﾏｶﾞﾀ","","山形県東根市大字東根甲5600","","","0237-42-3611","","","","","","","0","20180718","230157","SYSTEM","20180806","143006","000001"
"0020114","オヤマ","オヤマ","ｵﾔﾏ","","岩手県一関市室根町折壁字愛宕下161","","","0191-64-3511","","","","","","","0","20180718","230157","SYSTEM","20180718","230157","SYSTEM"
"0020117","新地アグリグリーン1号タンク","新地アグリグリーン1","ｼﾝﾁｱｸﾞﾘ","","福島県相馬郡新地町駒ヶ嶺字鹿狼11-1","","","0424-62-4500","","","","","","","0","20180718","230157","SYSTEM","20180806","143024","000001"
"0020118","朝日扶養製作所　本社","朝日扶養製作所　本社","ｱｻﾋﾌﾖｳｾｲｻｸ","","山形県西村山郡朝日町大字宮宿600-15","","","0237-67-2002","","","","","","","0","20180718","230157","SYSTEM","20200323","112621","000001"
"0020119","ﾀﾞｽｷﾝﾌﾟﾛﾀﾞｸﾄ東北","ﾀﾞｽｷﾝﾌﾟﾛﾀﾞｸﾄ東北","ﾀﾞｽｷﾝﾌﾟﾛﾀﾞｸﾄ","","宮城県仙台市泉区明通4丁目15","","","022-377-0662","","","","","","","0","20180718","230157","SYSTEM","20180806","143103","000001"
"0020120","東北学院大学教養学部泉ｷｬﾝﾊﾟｽ","東北学院大学教養学部","ﾄｳﾎｸｶﾞｸｲﾝﾀﾞｲｶﾞｸ","","宮城県仙台市泉区市坂天神沢9-1","","","022-375-1133","","","","","","","0","20180718","230157","SYSTEM","20180806","143320","000001"
"0020121","石巻魚糧工業","石巻魚糧工業","ｲｼﾉﾏｷｷﾞｮﾘｮｳ","","宮城県石巻市松並1丁目5-2","","","022-595-0329","","","","","","","0","20180718","230157","SYSTEM","20180806","143552","000001"
"0020122","JAﾗｲﾌｸﾘｴｲﾄ福島食材加工ｾﾝﾀｰ","JAﾗｲﾌｸﾘｴｲﾄ福島食材加","ｼﾞｪｲｴｰﾗｲﾌｸﾘｴｲﾄ","","福島県郡山市富久山町久保田字古坦83","","","0249-44-1056","","","","","","","0","20180718","230157","SYSTEM","20180806","143624","000001"
"0020124","東洋産業","東洋産業","ﾄｳﾖｳｻﾝｷﾞｮｳ","","宮城県黒川郡大衡村奥田字岩下","","","","","","","","","","0","20180718","230157","SYSTEM","20180806","143738","000001"
"0020125","ホテルプルミエール箕輪","ホテルプルミエール箕","ﾎﾃﾙﾌﾟﾙﾐｴｰﾙ","","福島県耶麻郡猪苗代町大字横向","","","0242-64-3377","","","","","","","0","20180718","230157","SYSTEM","20180806","143812","000001"
"0020127","JAいわでやま一栗SS　岩出山中学校","JAいわでやま一栗SS","ｼﾞｪｲｴｰｲﾜﾃﾞﾔﾏ","","宮城県大崎市岩出山字松沢202-1","","","0229-72-4441","","","","","","","0","20180718","230157","SYSTEM","20180806","143824","000001"
"0020128","京セラクリスタルデバイス山形","京セラクリスタルデバ","ｷｮｳｾﾗｸﾘｽﾀﾙ","","山形県東根市大字東根甲5850","","","0237-43-5614","","","","","","","0","20180718","230157","SYSTEM","20180806","143905","000001"
"0020129","蔵王長寿園","蔵王長寿園","ｻﾞｵｳﾁｮｳｼﾞｭｴﾝ","","山形県上山市金谷字土矢倉307-1","","","","","","","","","","0","20180718","230157","SYSTEM","20180806","143923","000001"
"0020130","宮城広瀬高等学校","宮城広瀬高等学校","ﾐﾔｷﾞﾋﾛｾｺｳﾄｳｶﾞｯｺｳ","","宮城県仙台市青葉区落合4-4-1","","","022-392-5512","","","","","","","0","20180718","230157","SYSTEM","20180806","143943","000001"
"0020133","ﾏｯｸｱｰｽﾘｿﾞｰﾄ福島","ﾏｯｸｱｰｽﾘｿﾞｰﾄ福島","ﾏｯｸｱｰｽﾘｿﾞｰﾄﾌｸｼﾏ","","福島県耶麻郡猪苗代町字葉山7105","","","0242-62-5100","","","","","","","0","20180718","230157","SYSTEM","20180806","144538","000001"
"0020134","イワセキ配送センター","イワセキ配送センター","ｲﾜｾｷﾊｲｿｳｾﾝﾀｰ","","岩手県奥州市江刺区八丁目1-4-3","","","0197-35-6616","","","","","","","0","20180718","230157","SYSTEM","20180806","144001","000001"
"0020135","宮城県漁協　高橋石油","宮城県漁協　高橋石油","ﾐﾔｷﾞｹﾝｷﾞｮｷｮｳﾀｶﾊｼ","","宮城県石巻市渡波字浜曽根山1-19","","","022-597-5201","","","","","","","0","20180718","230157","SYSTEM","20180806","144018","000001"
"0020136","六原","六原","ﾛｸﾊﾗ","","岩手県胆沢郡金ヶ崎町六原森合43","","","","","","","","","","0","20180718","230157","SYSTEM","20180806","144024","000001"
"0020137","松阪興産　福島工場","松阪興産　福島工場","ﾏﾂｻﾞｶｺｳｻﾝﾌｸｼﾏ","","福島県西白河郡泉崎村大字踏瀬字池ノ入山","8-8","","","","","","","","","0","20180718","230157","SYSTEM","20180806","144036","000001"
"0020138","宮城県仙台西高等学校","宮城県仙台西高等学校","ﾐﾔｷﾞｹﾝｾﾝﾀﾞｲﾆｼ","","宮城県仙台市太白区御堂平5-1","","","022-244-6151","","","","","","","0","20180718","230157","SYSTEM","20180806","144051","000001"
"0020139","尾花沢市役所","尾花沢市役所","ｵﾊﾞﾅｻﾞﾜｼﾔｸｼｮ","","山形県尾花沢市尾花沢2861","","","0237-22-1111","","","","","","","0","20180718","230157","SYSTEM","20180806","144101","000001"
"0020141","裏磐梯猫魔ｽｷｰ場　猫魔ﾘｿﾞｰﾄ","裏磐梯猫魔ｽｷｰ場　猫","ｳﾗﾊﾞﾝﾀﾞｲﾈｺﾏｽｷｰ","","福島県耶麻郡北塩原村大字檜原猫魔山1163","","","0241-32-3001","","","","","","","0","20180718","230157","SYSTEM","20180806","144118","000001"
"0020144","秋山錠剤　福島工場","秋山錠剤　福島工場","ｱｷﾔﾏｼﾞｮｳｻﾞｲﾌｸｼﾏ","","福島県西白河郡泉崎村大字泉崎中核工業団地","","","0248-54-1611","","","","","","","0","20180718","230157","SYSTEM","20180806","144145","000001"
"0020147","ホテルきよ水","ホテルきよ水","ﾎﾃﾙｷｮﾐｽﾞ","","宮城県仙台市太白区秋保町湯元字平倉1番地","","","022-397-2555","","","","","","","0","20180718","230157","SYSTEM","20180806","144205","000001"
"0020148","表蔵王国際ゴルフクラブ","表蔵王国際ゴルフクラ","ｵﾓﾃｻﾞｵｳｺｸｻｲｺﾞﾙﾌ","","宮城県柴田郡柴田町大字船迫字日光48","","","0224-56-1711","","","","","","","0","20180718","230157","SYSTEM","20180806","144218","000001"
"0020150","かんの屋　三春工場","かんの屋　三春工場","ｶﾝﾉﾔﾐﾊﾙ","","福島県田村郡三春町大字鷹巣字後田801","","","","","","","","","","0","20180718","230157","SYSTEM","20180806","144234","000001"
"0020152","ハイジアパーク南陽","ハイジアパーク南陽","ﾊｲｼﾞｱﾊﾟｰｸﾅﾝﾖｳ","","山形県南陽市上野1855-10","","","0238-45-2200","","","","","","","0","20180718","230157","SYSTEM","20180806","144249","000001"
"0020154","クレアネイト一関事業所第二工場","クレアネイト第二工場","ｸﾚｱﾈｲﾄﾀﾞｲﾆｺｳｼﾞｮｳ","","岩手県一関市東台14-25","","","0191-23-8161","","","","","","","0","20180718","230157","SYSTEM","20230329","093201","000006"
"0020155","都生工業　岩手工場","都生工業　岩手工場","ﾄｾｲｺｳｷﾞｮｳｲﾜﾃ","","岩手県奥州市水沢区羽田町字窪34","","","0197-24-9636","","","","","","","0","20180718","230157","SYSTEM","20180806","144321","000001"
"0020156","鹿島道路　南陽舗装工事","鹿島道路　南陽舗装工","ｶｼﾏﾄﾞｳﾛﾅﾝﾖｳﾎｿｳ","","山形県東置賜郡高畠町大字福沢","","","070-2017-7207","","","","","","","0","20180718","230157","SYSTEM","20180806","144339","000001"
"0020158","枡記念病院","枡記念病院","ﾏｽｷﾈﾝﾋﾞｮｳｲﾝ","","福島県二本松市住吉100","","","0242-22-3100","","","","","","","0","20180718","230157","SYSTEM","20180806","144350","000001"
"0010136","庄司製菓","庄司製菓","ｼｮｳｼﾞｾｲｶ","","山形県上山市相生402番地","","","023-672-1801","","","","","","","0","20180718","230157","SYSTEM","20180730","143419","000001"
"0010137","ﾜﾀｷｭｰｾｲﾓｱ　奥州工場","ﾜﾀｷｭｰｾｲﾓｱ　奥州工場","ﾜﾀｷｭｰｾｲﾓｱ","","岩手県奥州市水沢区水沢工業団地2丁目54","","","0197-25-3115","","","","","","","0","20180718","230157","SYSTEM","20180730","143435","000001"
"0010138","トーモク　（岩沼）","トーモク　（岩沼）","ﾄｰﾓｸ","","宮城県岩沼市下野郷字新田155","","","0223-22-1021","","","","","","","0","20180718","230157","SYSTEM","20180730","143443","000001"
"0010139","北上灯油センター","北上灯油セン","ｷﾀｶﾐﾄｳﾕｾﾝﾀｰ","","岩手県北上市村崎野15地割42-8","","","0197-66-2826","","","","","","","0","20180718","230157","SYSTEM","20200110","135849","000001"
"0010140","内田化工　福島工場","内田化工　福島工場","ｳﾁﾀﾞｶｺｳﾌｸｼﾏ","","福島県伊達市細谷26-2","","","0245-84-2646","","","","","","","0","20180718","230157","SYSTEM","20180730","143525","000001"
"0010141","仙台グリコ","仙台グリコ","ｾﾝﾀﾞｲｸﾞﾘｺ","","宮城県加美郡加美町菜切谷字山道3-95","","","0229-63-2861","","","","","","","0","20180718","230157","SYSTEM","20180730","143535","000001"
"0010142","ｸﾞﾘｰﾝｸﾞﾘｰﾝLa楽ﾘｿﾞｰﾄﾎﾃﾙ","ｸﾞﾘｰﾝｸﾞﾘｰﾝLa楽ﾘｿﾞｰﾄﾎ","ｸﾞﾘｰﾝｸﾞﾘｰﾝ","","宮城県仙台市青葉区作並字二橋5-12","","","","","","","","","","0","20180718","230157","SYSTEM","20180730","143608","000001"
"0010143","東北グンゼ","東北グンゼ","ﾄｳﾎｸｸﾞﾝｾﾞ","","山形県寒河江市大字寒河江字仲田10","","","0237-86-4211","","","","","","","0","20180718","230157","SYSTEM","20180730","143629","000001"
"0010144","タスパークホテル（山形）","タスパークホテル（山","ﾀｽﾊﾟｰｸﾎﾃﾙﾔﾏｶﾞﾀ","","山形県長井市館町北6-27","","","0238-88-1833","","","","","","","0","20180718","230157","SYSTEM","20180730","143649","000001"
"0010145","ミツワ企業サーマルセンター","ミツワ企業サーマルセ","ﾐﾂﾜｷｷﾞｮｳｻｰﾏﾙ","","山形県上山市樽下字柏木立山2295-13","","","023-677-2066","","","","","","","0","20180718","230157","SYSTEM","20180730","143718","000001"
"0010147","セイホクパーティクルボード工場","セイホクパーティクル","ｾｲﾎｸﾊﾟｰﾃｨｸﾙ","","宮城県石巻市","","","","","","","","","","0","20180718","230157","SYSTEM","20180730","143747","000001"
"0010148","山形サンケン","山形サンケン","ﾔﾏｶﾞﾀｻﾝｹﾝ","","山形県東根市大字東根甲5600番地2","","","0237-43-5511","","","","","","","0","20180718","230157","SYSTEM","20180730","143800","000001"
"0010149","ＪＡ仙台　六郷配送センター","ＪＡ仙台　六郷配送セ","ｼﾞｪｲｴｰｾﾝﾀﾞｲﾛｸｺﾞｳﾊｲｿｳ","","宮城県仙台市若林区今泉1丁目20-54","","","022-289-2759","","","","","","","0","20180718","230157","SYSTEM","20180730","143837","000001"
"0010150","住田フーズ","住田フーズ","ｽﾐﾀﾌｰｽﾞ","","岩手県気仙郡住田町世田米字火石5番地1","","","0192-46-2275","","","","","","","0","20180718","230157","SYSTEM","20180730","143852","000001"
"0010151","松阪興産　角田工場","松阪興産　角田工場","ﾏﾂｻﾞｶｺｳｻﾝｶｸﾀ","","宮城県角田市字野田前6","","","022-463-3882","","","","","","","0","20180718","230157","SYSTEM","20180730","143908","000001"
"0010153","浜理ＰＦＳＴ","浜理ＰＦＳＴ","ﾊﾏﾘPFST","","山形県米沢市八幡原2丁目4300-18","","","","","","","","","","0","20180718","230157","SYSTEM","20211117","143451","000006"
"0010156","山形協同アスコン共同企業体","山形協同アスコン共同","ﾔﾏｶﾞﾀｷｮｳﾄﾞｱｽｺﾝ","","山形県東根市大字東根乙526-1","","","0237-47-2454","","","","","","","0","20180718","230157","SYSTEM","20180730","144139","000001"
"0010157","共和ｺﾝｸﾘｰﾄ工業　仙北工場","共和ｺﾝｸﾘｰﾄ工業　仙北","ｷｮｳﾜｺﾝｸﾘｰﾄｺｳｷﾞｮｳｾﾝﾎﾟ","","宮城県遠刈田郡美里町関根字船窪6","","","0229-34-2236","","","","","","","0","20180718","230157","SYSTEM","20180730","144200","000001"
"0010159","弘進ゴム","弘進ゴム","ｺｳｼﾝｺﾞﾑ","","宮城県亘理郡亘理町逢隈田沢字北疣石5-1","","","0223-34-3152","","","","","","","0","20180718","230157","SYSTEM","20180730","144215","000001"
"0010160","カガク興商　石巻配送センター","カガク興商　石巻配送","ｶｶﾞｸｺｳｼｮｳｲｼﾉﾏｷﾊｲｿｳ","","宮城県石巻市湊字隠里山11-1","","","","","","","","","","0","20180718","230157","SYSTEM","20180730","144239","000001"
"0010162","共和コンクリート　南陽工場","共和コンクリート　南","ｷｮｳﾜｺﾝｸﾘｰﾄﾅﾝﾖｳ","","山形県南陽市梨郷字中島3405","","","0238-59-0100","","","","","","","0","20180718","230157","SYSTEM","20180730","144306","000001"
"0010165","日東電工　東北事業所","日東電工　東北事業所","ﾆｯﾄｳﾃﾞﾝｺｳﾄｳﾎｸ","","宮城県大崎市岩出山下目字砂田101","","","0229-72-2211","","","","","","","0","20180718","230157","SYSTEM","20180730","144329","000001"
"0010166","鎌田醤油","鎌田醤油","ｶﾏﾀｼｮｳﾕ","","宮城県遠田郡美里町北浦字起谷3","","","022-306-0788","","","","","","","0","20180718","230157","SYSTEM","20180730","144341","000001"
"0010168","スパッシュランドしろいし","スパッシュランドしろ","ｽﾊﾟｯｼｭﾗﾝﾄﾞｼﾛｲｼ","","宮城県白石市小原字西川久保18番地","","","0224-29-2326","","","","","","","0","20180718","230157","SYSTEM","20180730","144415","000001"
"0010169","東ソー・クォーツ米沢工場","東ソー・クォーツ米沢","ﾄｳｿｰｸｫｰﾂﾖﾈｻﾞﾜ","","山形県米沢市八幡原1丁目1-20","","","0238-28-5001","","","","","","","0","20180718","230157","SYSTEM","20180730","144444","000001"
"0010170","ボン・リー宮城","ボン・リー宮城","ﾎﾞﾝﾘｰﾐﾔｷﾞ","","宮城県宮城郡利府町菅谷字新産野原45-1","","","022-356-7666","","","","","","","0","20180718","230157","SYSTEM","20180730","144458","000001"
"0010172","ライフフーズ仙台ファクトリー","ライフフーズ仙台ファ","ﾗｲﾌﾌｰｽﾞｾﾝﾀﾞｲ","","宮城県柴田郡川崎町大字川内字北川原山","59-1","","0224-85-1311","","","","","","","0","20180718","230157","SYSTEM","20180730","144519","000001"
"0010173","上山病院","上山病院","ｶﾐﾔﾏﾋﾞｮｳｲﾝ","","山形県上山市金谷字下河原1370","","","023-672-2551","","","","","","","0","20180718","230157","SYSTEM","20180730","144530","000001"
"0010174","ガイアートT・K気仙沼","ガイアートT・K気仙沼","ｶﾞｲｱｰﾄﾃｨｹｲｹｾﾝﾇﾏ","","宮城県気仙沼切通187-1","","","0226-55-2461","","","","","","","0","20180718","230157","SYSTEM","20180730","144603","000001"
"0010175","伯和会","伯和会","ﾊｸﾜｶｲ","","宮城県白石市福岡蔵本字茶園62-1","","","0224-25-7526","","","","","","","0","20180718","230157","SYSTEM","20180730","144611","000001"
"0010176","岩手製鉄","岩手製鉄","ｲﾜﾃｾｲﾃﾂ","","岩手県北上市和賀町藤根18地割14","","","0197-73-5121","","","","","","","0","20180718","230157","SYSTEM","20180730","144630","000001"
"0010177","ホテル一の坊","ホテル一の坊","ﾎﾃﾙｲﾁﾉﾎﾞｳ","","宮城県仙台市作並字長原8","","","022-395-2131","","","","","","","0","20180718","230157","SYSTEM","20180730","144714","000001"
"0010178","松島ホテル一の坊","松島ホテル一の坊","ﾏﾂｼﾏﾎﾃﾙｲﾁﾉﾎﾞｳ","","宮城県宮城郡松島町高城字浜1-4","","","022-353-3333","","","","","","","0","20180718","230157","SYSTEM","20180730","144724","000001"
"0010179","仙台中央アスコン共同企業体","仙台中央アスコン共同","ｾﾝﾀﾞｲﾁｭｳｵｳｱｽｺﾝ","","宮城県仙台市宮城野区扇町6-2-21","","","022-258-1171","","","","","","","0","20180718","230157","SYSTEM","20180730","144737","000001"
"0010180","技研　河北工場","技研　河北工場","ｷﾞｹﾝｶﾜｷﾀ","","山形県西村山郡河北町大字吉田字花ノ木","1597-8","","0237-71-1211","","","","","","","0","20180718","230157","SYSTEM","20180730","144749","000001"
"0010181","高畠食品工業","高畠食品工業","ﾀｶﾊﾀｼｮｸﾋﾝ","","山形県東置賜郡高畠町大字安久津1557-1","","","023-852-3161","","","","","","","0","20180718","230157","SYSTEM","20180806","113057","000001"
"0010183","日立AIC　北上製造所","日立AIC　北上製造所","ﾋﾀﾁｴｰｱｲｼｰ","","岩手県北上市和賀町仙人1地割","","","0197-74-2336","","","","","","","0","20180718","230157","SYSTEM","20180806","113314","000001"
"0010184","後藤染工","後藤染工","ｺﾞﾄｳｾﾝｺｳ","","山形県東村山郡山辺町大字山辺2888","","","023-664-6032","","","","","","","0","20180718","230157","SYSTEM","20180806","133429","000001"
"0010185","仙台南アスコン共同企業体","仙台南アスコン共同企","ｾﾝﾀﾞｲﾐﾅﾐｱｽｺﾝ","","宮城県岩沼市下野郷字新畑1","","","0223-22-2514","","","","","","","0","20180718","230157","SYSTEM","20180806","113405","000001"
"0010186","石橋ホテル いつくし園","石橋ホテル いつくし","ｲｼﾊﾞｼﾎﾃﾙ","","岩手県一関市厳美町字南滝ノ上15","","","0191-29-2101","","","","","","","0","20180718","230157","SYSTEM","20180806","113425","000001"
"0010187","東北カンパニー　金成配送センター","東北カンパニー　金成","ﾄｳﾎｸｶﾝﾊﾟﾆｰ","","宮城県栗原市金成千谷沢14-1","","","0228-57-4210","","","","","","","0","20180718","230157","SYSTEM","20180806","113446","000001"
"0010188","ホテルニュー小松　好風亭","ホテルニュー小松　好","ﾎﾃﾙﾆｭｰｺﾏﾂ","","宮城県宮城郡松島町松島字仙随35-2","","","022-354-5065","","","","","","","0","20180718","230157","SYSTEM","20180806","113458","000001"
"0010189","特定医療法人　舟山病院","特定医療法人　舟山病","ﾄｸﾃｲｲﾘｮｳﾎｳｼﾞﾝﾌﾅﾔﾏ","","山形県米沢市駅前2-4-8","","","0238-23-4435","","","","","","","0","20180718","230157","SYSTEM","20180806","113540","000001"
"0010190","山形新興","山形新興","ﾔﾏｶﾞﾀｼﾝｺｳ","","山形県西置賜郡白鷹町佐野原638-2","","","0238-87-2009","","","","","","","0","20180718","230157","SYSTEM","20180806","113556","000001"
"0010192","公立加美病院","公立加美病院","ｺｳﾘﾂｶﾐﾋﾞｮｳｲﾝ","","宮城県加美郡色麻町四竈字杉成9","","","0229-66-2760","","","","","","","0","20180718","230157","SYSTEM","20180806","113621","000001"
"0010193","大江戸温泉　仙台コロナの湯","大江戸温泉　仙台コロ","ｵｵｴﾄﾞｵﾝｾﾝｾﾝﾀﾞｲ","","宮城県仙台市宮城野区福室字田中前1-53-1","","","022-786-1426","","","","","","","0","20180718","230157","SYSTEM","20180806","113642","000001"
"0010194","明成ケミカル","明成ケミカル","ﾒｲｾｲｹﾐｶﾙ","","岩手県東磐井郡藤沢町砂子田字高田109","","","0191-63-2600","","","","","","","0","20180718","230157","SYSTEM","20180806","113656","000001"
"0010200","小白川至誠堂病院","小白川至誠堂病院","ｺｼﾞﾗｶﾜ","","山形県山形市東原町1-12-26","","","023-641-6075","","","","","","","0","20180718","230157","SYSTEM","20180718","230157","SYSTEM"
"0010201","ホテル壮観　高城","ホテル壮観　高城","ﾎﾃﾙｿｳｶﾝ","","宮城県宮城郡松島町磯崎字浜1-1","","","","","","","","","","0","20180718","230157","SYSTEM","20180806","113746","000001"
"0001645","ＡＤＥＫＡ　鹿島工場","ＡＤＥＫＡ　鹿島工場","ｱﾃﾞｶ","","茨城県神栖市東和田29","","","0299-97-3360","","","","","","","0","20180718","230157","SYSTEM","20180718","230157","SYSTEM"
"0001647","ノブカワゴム工業所　福島工場","ノブカワゴム工業所","ﾉﾌﾞｶﾜｺﾞﾑｺｳ","","福島県二本松市太田字居守山121","","","0243-47-3100","","","","","","","0","20180718","230157","SYSTEM","20180718","230157","SYSTEM"
"0001650","日立製作所　日立工場","日立製作所　日立工場","ﾋﾀﾁｾｲｻｸｼﾞｮ","","茨城県日立市幸町3-1","","","","","","","","","","0","20180718","230157","SYSTEM","20180718","230157","SYSTEM"
"0001651","舞子浜病院","舞子浜病院","ﾏｲｺﾊﾏ","","舞子浜病院","","","","","","","","","","0","20180718","230157","SYSTEM","20180718","230157","SYSTEM"
"0001652","長春館病院","長春館病院","ﾁｮｳｼｭ","","長春館病院","","","","","","","","","","0","20180718","230157","SYSTEM","20180718","230157","SYSTEM"
"0001656","コープサービス内池醸造","コープサービス内池醸","ｺ-ﾌﾟｻｰﾋﾞｳﾁ","","コープサービス内池醸造","","","","","","","","","","0","20180718","230157","SYSTEM","20180718","230157","SYSTEM"
"0001658","三和石油ガス","三和石油ガス","ｻﾝﾜｾｷﾕｶﾞｽ","","福島県伊達市野崎36","","","024-583-2360","","","","","","","0","20180718","230157","SYSTEM","20180718","230157","SYSTEM"
"0001660","栃木県立温水プ-ル館","栃木県立温水プ-ル館","ﾄﾁｷﾞｹﾝﾘﾂ","","栃木県小山市大字外城371-1","","","0285-24-4773","","","","","","","0","20180718","230157","SYSTEM","20180718","230157","SYSTEM"
"0001661","トクヤマ鹿島工場","トクヤマ鹿島工場","ﾄｸﾔﾏｶ","","トクヤマ鹿島工場","","","","","","","","","","0","20180718","230157","SYSTEM","20180718","230157","SYSTEM"
"0001662","JX日鉱日石ｴﾈﾙｷﾞｰ　仙台製油所","JX日鉱日石ｴﾈﾙｷﾞｰ　仙","ﾆｯｺｳﾆｯｾｷｴﾈ","","宮城県仙台市宮城野区港5-1-1","","","022-363-1122","","","","","","","0","20180718","230157","SYSTEM","20180718","230157","SYSTEM"
"0001663","久慈清掃センタ-","久慈清掃センタ-","ｸｼﾞｾｲｿｳｾﾝﾀ","","岩手県久慈市夏井町字閉井野口９－１８－１","","","0194-53-5318","","","","","","","0","20180718","230157","SYSTEM","20180718","230157","SYSTEM"
"0001665","奥州金ヶ崎行政事務組合","奥州金ヶ崎行政事務組","ｵｳｼｭｳｶﾈｶﾞｻ","","岩手県奥州市水沢区佐倉河字仙人49","","","0197-24-5821","","","","","","","0","20180718","230157","SYSTEM","20180718","230157","SYSTEM"
"0001668","見崎浄水場","見崎浄水場","ﾐｻｷｼﾞ","","見崎浄水場","","","","","","","","","","0","20180718","230157","SYSTEM","20180718","230157","SYSTEM"
"0001669","阿武隈処理場","阿武隈処理場","ｱﾌﾞｸﾏｼｮﾘｼﾞ","","宮城県岩沼市下野郷字赤江川１－３","","","0223-22-1382","","","","","","","0","20180718","230157","SYSTEM","20180718","230157","SYSTEM"
"0001670","北茨城市中郷浄水場","北茨城市中郷浄水場","ﾅｶｺﾞｳｼﾞｮｳｽ","","茨城県北茨城市中郷町石岡小高下1451","","","","","","","","","","0","20180718","230157","SYSTEM","20180718","230157","SYSTEM"
"0001671","ピカット東北","ピカット東北","ﾋﾟｶｯﾄﾄｳﾎｸ","","福島県会津若松市真宮新町北3-56-2","","","0242-58-3387","","","","","","","0","20180718","230157","SYSTEM","20180718","230157","SYSTEM"
"0001672","宮城県大崎広域水道事務所麓山浄水","宮城県大崎広域水道事","ﾌﾓﾄﾔﾏｼﾞｮｳｽ","","宮城県加美郡加美町字麓山1-9","","","022-967-6512","","","","","","","0","20180718","230157","SYSTEM","20180718","230157","SYSTEM"
"0001676","須賀川地方保健環境組合","須賀川地方保健環境組","ｽｶｶﾞﾜﾁﾎｳﾎｹ","","福島県須賀川市大字森宿ビワノ首43-1","","","0248-73-4515","","","","","","","0","20180718","230157","SYSTEM","20180718","230157","SYSTEM"
"0001677","エスエス製薬　成田工場","エスエス製薬　成田工","ｴｽｴｽｾｲﾔｸﾅﾘ","","エスエス製薬　成田工場","","","","","","","","","","0","20180718","230157","SYSTEM","20180718","230157","SYSTEM"
"0001678","会津若松地方水道用水供給","会津若松地方水道用水","ｱｲﾂﾞﾜ","","会津若松地方水道用水供給","","","","","","","","","","0","20180718","230157","SYSTEM","20180718","230157","SYSTEM"
"0001679","ザッツ福島","ザッツ福島","ｻﾞｯﾂﾌｸｼﾏ","","福島県伊達市梁川町やながわ工業団地1-3","","","024-577-4105","","","","","","","0","20180718","230157","SYSTEM","20180718","230157","SYSTEM"
"0001680","産業技術総合研究所つくば南処理場","産業技術総合研究所つ","ｻﾝｷﾞｮ","","産業技術総合研究所つくば南処理場","","","","","","","","","","0","20180718","230157","SYSTEM","20180718","230157","SYSTEM"
"0001681","栗林商店（白虎町）","栗林商店（白虎町）","ｸﾘﾊﾞﾔｼｼｮｳﾃﾝ","","福島県会津若松市白虎町","","","0242-22-1882","","","","","","","0","20180718","230157","SYSTEM","20180730","114316","000001"
"0001682","郡山市水道局堀口浄水場","郡山市水道局堀口浄水","ﾎﾘｸﾞﾁｼﾞｮｳｽ","","福島県郡山市逢瀬町多田野字元寺１－１","","","024-957-3002","","","","","","","0","20180718","230157","SYSTEM","20180718","230157","SYSTEM"
"0001683","ＵＡＣＪカラ-アルミ","ＵＡＣＪカラ-アルミ","ﾕｰｴｰｼｰｼﾞｪｰ","","栃木県宇都宮市平出工業団地20-2","","","028-661-6916","","","","","","","0","20180718","230157","SYSTEM","20180718","230157","SYSTEM"
"0001684","筑波乳業玉里工場","筑波乳業玉里工場","ﾂｸﾊﾞﾆｭｳｷﾞｮ","","茨城県小美玉市上玉里2232","","","0299-26-3131","","","","","","","0","20180718","230157","SYSTEM","20180718","230157","SYSTEM"
"0001685","長谷川建材","長谷川建材","ﾊｾｶﾞﾜｹﾝｻﾞｲ","","福島県耶麻郡西会津町野沢字浦道添甲41-1","","","0241-45-4152","","","","","","","0","20180718","230157","SYSTEM","20180718","230157","SYSTEM"
"0001686","日本ﾃｷｻｽ･ｲﾝｽﾂﾙﾒﾝﾂ会津","日本ﾃｷｻｽ･ｲﾝｽﾂﾙﾒﾝﾂｱｲ","ﾆﾎﾝﾃｷｻｽ","","福島県会津若松市高久工業団地2","","","0242-39-3622","","","","","","","0","20180718","230157","SYSTEM","20230411","132406","000002"
"0001687","新潟工業用水組合","新潟工業用水組合","ﾆｲｶﾞﾀｺｳｷﾞｮ","","新潟県新潟市中央区上所1-11-46","","","025-244-2521","","","","","","","0","20180718","230157","SYSTEM","20180718","230157","SYSTEM"
"0001688","ニッカポリマ","ニッカポリマ","ﾆｯｶﾎﾟﾘﾏ","","栃木県佐野市栄町17-3","","","0283-23-1181","","","","","","","0","20180718","230157","SYSTEM","20180718","230157","SYSTEM"
"0001689","東北協同乳業","東北協同乳業","ﾄｳﾎｸｷｮｳﾄﾞｳﾆｭｳｷﾞｮｳ","","東北協同乳業","","","","","","","","","","0","20180718","230157","SYSTEM","20180730","114231","000001"
"0001691","栃木県県央浄化センター","栃木県県央浄化センタ","ｹﾝｵｳｼﾞｮｳｶｾ","","栃木県河内郡上三川町大字多功1159","","","0285-53-6104","","","","","","","0","20180718","230157","SYSTEM","20180718","230157","SYSTEM"
"0001698","南相馬市クリーン原町センター","南相馬市クリーン原町","ﾐﾅﾐｿｳﾏｼｸﾘｰ","","福島県南相馬市原町区上北高平字東高松37-1","","","0244-24-0063","","","","","","","0","20180718","230157","SYSTEM","20180718","230157","SYSTEM"
"0001699","オルガノ（耶麻郡）","オルガノ（耶麻郡）","ｵﾙｶﾞﾉ","","オルガノ（耶麻郡）","","","","","","","","","","0","20180718","230157","SYSTEM","20180718","230157","SYSTEM"
"0001700","梁川町民プ-ル","梁川町民プ-ル","ﾔﾅｶﾞﾜ","","梁川町民プ-ル","","","","","","","","","","0","20180718","230157","SYSTEM","20180718","230157","SYSTEM"
"0001701","いわき市水道局法田ポンプ場","いわき市水道局法田ポ","ﾊｯﾀﾎﾟﾝﾌﾟｼﾞ","","福島県いわき市山田町西川原地内","","","0246-62-5656","","","","","","","0","20180718","230157","SYSTEM","20180718","230157","SYSTEM"
"0001702","場内作業","場内作業","ｼﾞｮｳﾅ","","場内作業","","","","","","","","","","0","20180718","230157","SYSTEM","20180718","230157","SYSTEM"
"0001707","南相馬市民プール","南相馬市民プール","ﾐﾅﾐｿｳﾏｼﾐﾝﾌ","","福島県南相馬市原町区桜井町２丁目166","","","0244-22-4871","","","","","","","0","20180718","230157","SYSTEM","20180718","230157","SYSTEM"
"0001708","日本メクトロン（稲敷郡）","日本メクトロン（稲敷","ﾆﾎﾝﾒｸ","","日本メクトロン（稲敷郡）","","","","","","","","","","0","20180718","230157","SYSTEM","20180718","230157","SYSTEM"
"0001712","イハラ建成工業　郡山事業所","イハラ建成工業　郡山","ｲﾊﾗｹﾝｾｲ","","福島県田村郡小野町大字塩庭字永志田3-23","","","0247-72-4311","","","","","","","0","20180718","230157","SYSTEM","20180718","230157","SYSTEM"
"0001714","昭和電工　喜多方事業所","昭和電工　喜多方事業","ｼｮｳﾜﾃﾞﾝｺｳｷﾀｶﾀ","","福島県喜多方市字長内7840","","","0241-22-1261","","","","","","","0","20180718","230157","SYSTEM","20180730","115035","000001"
"0001715","ソニーエナジー・デバイス","ソニーエナジー・デバ","ｿﾆｰｴﾅｼﾞｰﾃﾞ","","福島県郡山市日和田町高倉字下杉下１","","","0249-58-5989","","","","","","","0","20180718","230157","SYSTEM","20180718","230157","SYSTEM"
"0001716","アクアスエンジ　関城工場","アクアスエンジ　関城","ｱｸｱｽｴﾝｼﾞｾｷ","","茨城県筑西市舟生下木有戸1534-1","","","0296-20-3783","","","","","","","0","20180718","230157","SYSTEM","20180718","230157","SYSTEM"
"0001718","サッポロビール飲料（株）製造部","サッポロビール飲料（","ｻｯﾎﾟﾛﾋﾞｰﾙｲ","","神奈川県厚木市温水2037","","","0462-25-0293","","","","","","","0","20180718","230157","SYSTEM","20180718","230157","SYSTEM"
"0001719","イグレク　佐原工場","イグレク　佐原工場","ｲｸﾞﾚｸ","","千葉県香取市中洲字新須1232-1","","","0478-56-0691","","","","","","","0","20180718","230157","SYSTEM","20180718","230157","SYSTEM"
"0001720","ロームアンドハース電子材料","ロームアンドハース電","ﾛｰﾑｱﾝﾄﾞﾊｰｽ","","新潟県阿賀野市女堂300","","","0250-62-1552","","","","","","","0","20180718","230157","SYSTEM","20180718","230157","SYSTEM"
"0001721","日本錬水常陸那珂事務所","日本錬水常陸那珂事務","ﾆﾎﾝﾚﾝ","","日本錬水常陸那珂事務所","","","","","","","","","","0","20180718","230157","SYSTEM","20180718","230157","SYSTEM"
"0001722","ﾕﾆﾏﾃｯｸ 第一工場","ﾕﾆﾏﾃｯｸ 第一工場","ﾕﾆﾏﾃｯｸ","","茨城県北茨城磯原町上相田831-2","","","0293-42-2161","","","","","","","0","20180718","230157","SYSTEM","20220225","092847","000005"
"0001724","パナソニック電工　郡山西","パナソニック電工　郡","ﾊﾟﾅｿﾆｯｸﾃﾞﾝ","","福島県郡山市待池台２丁目2-1","","","024-963-1766","","","","","","","0","20180718","230157","SYSTEM","20180718","230157","SYSTEM"
"0001726","太田油脂産業","太田油脂産業","ｵｵﾀﾕｼｻﾝｷﾞｮ","","岩手県花巻市高松第６地割４７","","","0198-31-2010","","","","","","","0","20180718","230157","SYSTEM","20180718","230157","SYSTEM"
"0001727","日化トレ-ディング（日本化成内）","日化トレ-ディング（","ﾆｯｶﾄﾚｰﾃﾞｨﾝ","","日化トレ-ディング（日本化成内）","","","","","","","","","","0","20180718","230157","SYSTEM","20180718","230157","SYSTEM"
"0001728","日立インダストリイズ","日立インダストリイズ","ﾋﾀﾁｲﾝ","","日立インダストリイズ","","","","","","","","","","0","20180718","230157","SYSTEM","20180718","230157","SYSTEM"
"0001729","ｿﾆｰﾌｧｼﾘﾃｨﾏﾈｼﾞﾒﾝﾄ郡山事務所","ｿﾆｰﾌｧｼﾘﾃｨﾏﾈｼﾞﾒﾝﾄ郡山","ｿﾆｰﾌｧｼﾘﾃｨﾏ","","福島県郡山市日和田町高倉下杉下1-1","","","0249-58-3811","","","","","","","0","20180718","230157","SYSTEM","20180718","230157","SYSTEM"
"0001730","保土谷ﾛｼﾞｽﾃｨｯｸｽ郡山営業所","保土谷ﾛｼﾞｽﾃｨｯｸｽ郡山","ﾎﾄﾞｶﾞﾔﾛｼﾞｽ","","福島県郡山市谷島町4-5","","","024-944-1234","","","","","","","0","20180718","230157","SYSTEM","20180718","230157","SYSTEM"
"0001731","東信化学工業","東信化学工業","ﾄｳｼﾝｶｶﾞｸｺｳ","","埼玉県八潮市大字新町29-4","","","048-931-2470","","","","","","","0","20180718","230157","SYSTEM","20180718","230157","SYSTEM"
"0001737","日本電産コパル精密部品","日本電産コパル精密部","ﾆﾎﾝﾃﾞﾝｻﾝｺﾊ","","福島県郡山市富田町字諏訪内３７","","","0249-61-3896","","","","","","","0","20180718","230157","SYSTEM","20180718","230157","SYSTEM"
"0001738","いわきミツウロコガス","いわきミツウロコガス","ｲﾜｷﾐﾂｳﾛｺｶﾞ","","福島県いわき市渡辺泉田狐塚41-2","","","0246-56-8882","","","","","","","0","20180718","230157","SYSTEM","20180718","230157","SYSTEM"
"0001739","東邦亜鉛　藤岡事業所","東邦亜鉛　藤岡事業所","ﾄｳﾎｳｱ","","東邦亜鉛　藤岡事業所","","","","","","","","","","0","20180718","230157","SYSTEM","20180718","230157","SYSTEM"
"0001741","京三電機　第二工場","京三電機　第二工場","ｹｲｻﾝﾃﾞﾝｷ","","茨城県古河市丘里11-3","","","0280-98-1521","","","","","","","0","20180718","230157","SYSTEM","20180718","230157","SYSTEM"
"0001742","東亜道路　北関東","東亜道路　北関東","ﾄｳｱﾄﾞ","","東亜道路　北関東","","","","","","","","","","0","20180718","230157","SYSTEM","20180718","230157","SYSTEM"
"0001743","福島県会津自然の家","福島県会津自然の家","ｱｲﾂﾞｼｾﾞﾝﾉｲ","","福島県河沼郡会津坂下町大字八日沢字西東山","4495-1","","0242-83-2480","","","","","","","0","20180718","230157","SYSTEM","20180718","230157","SYSTEM"
"0001746","三菱伸銅　若松製作所","三菱伸銅　若松製作所","ﾐﾂﾋﾞｼｼﾝﾄﾞｳ","","福島県会津若松市扇町128-7","","","0242-22-7111","","","","","","","0","20180718","230157","SYSTEM","20180718","230157","SYSTEM"
"0001747","細倉金属鉱業","細倉金属鉱業","ﾎｿｸﾗｷﾝｿﾞｸｺ","","宮城県栗原市鶯沢南郷荒町48","","","0228-55-3112","","","","","","","0","20180718","230157","SYSTEM","20180718","230157","SYSTEM"
"0001748","福島キャノン","福島キャノン","ﾌｸｼﾏｷｬﾉﾝ","","福島県福島市佐倉下二本榎２","","","024-593-2115","","","","","","","0","20180718","230157","SYSTEM","20180718","230157","SYSTEM"
"0001749","デンソー岩手","デンソー岩手","ﾃﾞﾝｿｰ","","岩手県胆沢郡金ヶ崎町西根森山4-2","","","0197-44-6646","","","","","","","0","20180718","230157","SYSTEM","20180718","230157","SYSTEM"
"0001751","朝日ラバー第二工場","朝日ラバー第二工場","ｱｻﾋﾗﾊﾞｰﾀﾞｲ","","福島県西白河郡泉崎村大字泉崎字坊頭窪1","","","0248-53-4661","","","","","","","0","20180718","230157","SYSTEM","20180718","230157","SYSTEM"
"0001752","ｿﾆｰﾐｭｰｼﾞｯｸ･ﾏﾆｭﾌｧｸﾁｭｱﾘﾝｸﾞ成形課","ｿﾆｰﾐｭｰｼﾞｯｸ･ﾏﾆｭﾌｧｸﾁｭｱ","ｿﾆｰﾐｭｰｼﾞｯｸ","","ｿﾆｰﾐｭｰｼﾞｯｸ･ﾏﾆｭﾌｧｸﾁｭｱﾘﾝｸﾞ成形課","","","","","","","","","","0","20180718","230157","SYSTEM","20180718","230157","SYSTEM"
"0001753","JX金属（電錬排水）","JX金属（電錬排水）","ｼﾞｪｲｴｯｸｽ","","茨城県日立市白銀町1-1-2","","","0294-23-7153","","","","","","","0","20180718","230157","SYSTEM","20180718","230157","SYSTEM"
"0001754","","","","","","","","","","","","","","","0","20180718","230157","SYSTEM","20180718","230157","SYSTEM"
"0001755","ＥＭデバイス","ＥＭデバイス","ｲｰｴﾑﾃﾞﾊﾞｲｽ","","宮城県白石市旭町7-1-1","","","0224-26-6063","","","","","","","0","20180718","230157","SYSTEM","20190311","092226","000001"
"0001757","","","","","","","","","","","","","","","0","20180718","230157","SYSTEM","20180718","230157","SYSTEM"
"0001762","日本ｻｰﾌｧｸﾀﾝﾄ工業　那須事業所","日本ｻｰﾌｧｸﾀﾝﾄ工業　那","ﾆﾎﾝｻｰﾌｧｸﾀﾝ","","栃木県大田原市上石上1844","","","0287-29-2581","","","","","","","0","20180718","230157","SYSTEM","20180718","230157","SYSTEM"
"0001763","角田ロケット開発センタ-","角田ロケット開発セン","ｶｸﾀﾛｹ","","角田ロケット開発センタ-","","","","","","","","","","0","20180718","230157","SYSTEM","20180718","230157","SYSTEM"
"0001766","シマダヤ郡山工場","シマダヤ郡山工場","ｼﾏﾀﾞﾔ","","福島県本宮市白岩字埋内930","","","0243-44-4181","","","","","","","0","20180718","230157","SYSTEM","20180718","230157","SYSTEM"
"0001768","福島県下水道公社県中浄化センタ-","福島県下水道公社県中","ｹﾝﾁｭｳｼﾞｮｳｶ","","福島県郡山市日和山町高倉字追越８９","県中浄化センター内","","024-968-0551","","","","","","","0","20180718","230157","SYSTEM","20180718","230157","SYSTEM"
"0001773","福島県太陽の国ｴﾈﾙｷﾞｰｾﾝﾀｰ","福島県太陽の国ｴﾈﾙｷﾞｰ","ﾌｸｼﾏｹﾝﾀｲﾖｳ","","福島県西白河郡西郷村大字小田倉字上上野原","5-3","","0248-25-3100","","","","","","","0","20180718","230157","SYSTEM","20180718","230157","SYSTEM"
"0001774","会津高原リゾート","会津高原リゾート","ｱｲﾂﾞｺｳｹﾞﾝﾘ","","福島県南会津郡南会津町高杖原1098","","","0241-78-3220","","","","","","","0","20180718","230157","SYSTEM","20180718","230157","SYSTEM"
"0001775","米沢ダイヤエレクトロニクス","米沢ダイヤエレクトロ","ﾖﾈｻﾞﾜﾀﾞｲﾔｴ","","山形県米沢市八幡原3丁目446-3","","","0238-28-1345","","","","","","","0","20180718","230157","SYSTEM","20180718","230157","SYSTEM"
"0001776","茨城ミツウロコ北茨城店","茨城ミツウロコ北茨城","ｲﾊﾞﾗｷﾐﾂｳﾛｺ","","茨城県北茨城市磯原町磯原1892-12","","","0293-42-0182","","","","","","","0","20180718","230157","SYSTEM","20180718","230157","SYSTEM"
"0001777","ミツエイ　本社","ミツエイ　本社","ﾐﾂｴｲ","","神奈川県相模原市津久井町根小屋1930-5","","","042-784-3743","","","","","","","0","20180718","230157","SYSTEM","20180718","230157","SYSTEM"
"0001787","県立猪苗代高校","県立猪苗代高校","ｹﾝﾘﾂｲﾅﾜｼﾛｺ","","福島県耶麻郡猪苗代町字窪南3664","","","0242-62-3125","","","","","","","0","20180718","230157","SYSTEM","20180718","230157","SYSTEM"
"0001792","東京応化工業　郡山","東京応化工業　郡山","ﾄｳｷｮｳｵｳｶｺｳ","","福島県郡山市待池台1丁目23","","","","","","","","","","0","20180718","230157","SYSTEM","20180718","230157","SYSTEM"
"0001793","東邦アセチレン　郡山","東邦アセチレン　郡山","ﾄｳﾎｳｱ","","東邦アセチレン　郡山","","","","","","","","","","0","20180718","230157","SYSTEM","20180718","230157","SYSTEM"
"0001795","福島充填所","福島充填所","ﾌｸｼﾏｼﾞｭｳﾃﾝ","","福島県福島市上鳥渡字街道南９－１","","","0245-45-2118","","","","","","","0","20180718","230157","SYSTEM","20180718","230157","SYSTEM"
"0001802","山形トラック事業共同組合","山形トラック事業共同","ﾔﾏｶﾞﾀﾄﾗｯｸ","","山形県山形市流通センター4-4-2","","","","","","","","","","0","20180718","230157","SYSTEM","20180718","230157","SYSTEM"
"0001803","ジュ-キ会津プレシジョン","ジュ-キ会津プレシジ","ｼﾞｭ-ｷ","","ジュ-キ会津プレシジョン","","","","","","","","","","0","20180718","230157","SYSTEM","20180718","230157","SYSTEM"
"0001804","日高リネンサプライ","日高リネンサプライ","ﾋﾀﾞｶﾘ","","福島県郡山市日和田町字長岡11-20","","","0249-58-4535","","","","","","","0","20180718","230157","SYSTEM","20180718","230157","SYSTEM"
"0001818","会津坂下町役場","会津坂下町役場","ｱｲﾂﾞﾊﾞﾝｹﾞﾏ","","福島県河沼郡会津坂下町字市中三番甲","","","0242-84-1503","","","","","","","0","20180718","230157","SYSTEM","20180718","230157","SYSTEM"
"0001825","米沢電線","米沢電線","ﾖﾈｻﾞﾜ","","米沢電線","","","","","","","","","","0","20180718","230157","SYSTEM","20180718","230157","SYSTEM"
"0001829","白河地方水道用水供給　芝原浄水場","白河地方水道用水供給","ｼﾊﾞﾊﾗｼﾞｮｳｽ","","福島県西白河郡西郷村大字真船字芝原47-11","","","0248-25-5395","","","","","","","0","20180718","230157","SYSTEM","20180718","230157","SYSTEM"
"0001830","大和鋼管工業","大和鋼管工業","ﾀﾞｲﾜｺｳｶﾝｺｳ","","栃木県さくら市鷲宿4530-1","喜連川工業団地","","028-686-3581","","","","","","","0","20180718","230157","SYSTEM","20180718","230157","SYSTEM"
"0002499","農事組合法人　アグリ新舞子","農事組合法人　アグリ","ｱｸﾞﾘｼﾝﾏｲｺ","","福島県いわき市平下神谷字土井40","","","0246-34-9387","","","","","","","0","20180718","230157","SYSTEM","20180718","230157","SYSTEM"
"0002500","裏磐梯高原ホテル","裏磐梯高原ホテル","ｳﾗﾊﾞﾝﾀﾞｲｺｳ","","福島県耶麻郡北塩原村大字桧原字湯平山1171","","","0241-32-2211","","","","","","","0","20180718","230157","SYSTEM","20180718","230157","SYSTEM"
"0002502","高萩ニッカン","高萩ニッカン","ﾀｶﾊｷﾞﾆｯｶﾝ","","茨城県高萩市大字上手綱3641-9","","","0293-23-1171","","","","","","","0","20180718","230157","SYSTEM","20180718","230157","SYSTEM"
"0002503","オート化学工業北茨城工場","オート化学工業北茨城","ｵｰﾄｶｶﾞｸｺｳｷ","","茨城県北茨城市中郷町日棚1471-28","","","0293-43-6911","","","","","","","0","20180718","230157","SYSTEM","20180718","230157","SYSTEM"
"0002504","宇都宮市上下水道局配水管理センタ","宇都宮市上下水道局配","ｳﾂﾉﾐﾔｼｼﾞｮｳ","","栃木県宇都宮市山本1丁目37-27","","","028-616-1331","","","","","","","0","20180718","230157","SYSTEM","20180718","230157","SYSTEM"
"0002505","常磐共同火力　小名浜ｽﾃｰｼｮﾝ","常磐共同火力　小名浜","ｼﾞｮｳﾊﾞﾝｷｮｳ","","福島県いわき市泉町下川字大剣1-6","","","0246-56-5852","","","","","","","0","20180718","230157","SYSTEM","20180718","230157","SYSTEM"
"0002506","日本軽金属　清水工場","日本軽金属　清水工場","ﾆﾎﾝｹｲｷﾝｿﾞｸ","","静岡県静岡市清水区三保4025-1","","","0543-34-2213","","","","","","","0","20180718","230157","SYSTEM","20180718","230157","SYSTEM"
"0002508","アルス電子　本社第一工業","アルス電子　本社第一","ｱﾙｽﾃﾞﾝｼ","","福島県本宮市本宮字名郷7","","","0243-33-2326","","","","","","","0","20180718","230157","SYSTEM","20180718","230157","SYSTEM"
"0002509","JX金属　HMC工場","JX金属　HMC工場","ｼﾞｪｲｴｯｸｽ","","茨城県日立市宮田町3453","","","0294-23-7186","","日鉱精錬　精銀テルル係","","","","","0","20180718","230157","SYSTEM","20231121","110255","000002"
"0002510","酪王牛乳　郡山工場","酪王牛乳　郡山工場","ﾗｸｵｳｷﾞｭｳﾆｭ","","福島県郡山市大槻町字古屋敷80-1","","","024-951-7731","","","","","","","0","20180718","230157","SYSTEM","20180718","230157","SYSTEM"
"0002511","丸善石油化学　千葉工場資材倉庫","丸善石油化学　千葉工","ﾏﾙｾﾞﾝｾｷﾕｶｶ","","千葉県市原市五井南海岸3","","","0436-25-3154","","","","","","","0","20180718","230157","SYSTEM","20180718","230157","SYSTEM"
"0002512","双葉地方広域　汚泥ﾘｻｲｸﾙｾﾝﾀｰ","双葉地方広域　汚泥ﾘｻ","ｵﾃﾞｲﾘｻｲｸﾙｾ","","福島県双葉郡大熊町大字小入野字東大和久","183-9","","0240-22-3333","","環境福祉課","","","","","0","20180718","230157","SYSTEM","20180718","230157","SYSTEM"
"0002513","市原エコセメント","市原エコセメント","ｲﾁﾊﾗｴｺｾﾒﾝﾄ","","千葉県市原市八幡海岸通1-8","","","0436-42-8884","","","","","","","0","20180718","230157","SYSTEM","20180718","230157","SYSTEM"
"0002514","日立市滑川クリーンセンター","日立市滑川クリーンセ","ﾋﾀﾁｼﾅﾒｶﾜｸﾘ","","茨城県日立市滑川本町5-14-1","","","0294-21-1766","","","","","","","0","20180718","230157","SYSTEM","20180718","230157","SYSTEM"
"0002515","倉元製作所（若柳）","倉元製作所（若柳）","ｸﾗﾓﾄｾｲｻｸｼﾞ","","宮城県栗原市若柳武鎗字花水前１番地１","","","0228-32-5111","","","","","","","0","20180718","230157","SYSTEM","20180718","230157","SYSTEM"
"0002516","宮城県大崎広域水道事務所中峰浄水","宮城県大崎広域水道事","ﾅｶﾐﾈｼﾞｮｳｽｲ","","宮城県黒川郡大和町吉田字中峰134","","","022-345-5389","","","","","","","0","20180718","230157","SYSTEM","20180718","230157","SYSTEM"
"0002517","エルナー東北　白河工場","エルナー東北　白河工","ｴﾙﾅｰﾄｳﾎｸｼﾗ","","福島県西白河郡西郷村米椙山9-23","","","0248-25-5311","","","","","","","0","20180718","230157","SYSTEM","20180718","230157","SYSTEM"
"0002518","サンエイ糖化茨城工場","サンエイ糖化茨城工場","ｻﾝｴｲﾄｳｶ","","茨城県稲敷郡阿見町中央3-16-1","","","0298-87-0515","","","","","","","0","20180718","230157","SYSTEM","20180718","230157","SYSTEM"
"0002519","北上川浄水場","北上川浄水場","ｷﾀｶﾐｶﾞﾜｼﾞｮ","","岩手県北上市北工業団地5-52","","","0197-66-3231","","","","","","","0","20180718","230157","SYSTEM","20180718","230157","SYSTEM"
"0002520","鳥野目浄水場","鳥野目浄水場","ﾄﾘﾉﾒｼﾞｮｳｽｲ","","栃木県那須塩原市東原4","","","0287-62-0229","","","","","","","0","20180718","230157","SYSTEM","20180718","230157","SYSTEM"
"0002521","成田市浄化センター","成田市浄化センター","ﾅﾘﾀｼｼﾞｮｳｶｾ","","千葉県成田市吉倉127-1","","","","","","","","","","0","20180718","230157","SYSTEM","20180718","230157","SYSTEM"
"0002522","三菱製紙　八戸工場","三菱製紙　八戸工場","ﾐﾂﾋﾞｼｾｲｼﾊﾁ","","三菱製紙　八戸工場","","","","","","","","","","0","20180718","230157","SYSTEM","20180718","230157","SYSTEM"
"0002523","伊南川建材","伊南川建材","ｲﾅｶﾞﾜｹﾝｻﾞｲ","","福島県南会津郡南会津町和泉田字大中島","4947-1","","","","","","","","","0","20180718","230157","SYSTEM","20180718","230157","SYSTEM"
"0002525","済生会　川俣病院","済生会　川俣病院","ｻｲｾｲｶｲｶﾜﾏﾀ","","福島県伊達郡川俣町鶴沢川端2-4","","","","","","","","","","0","20180718","230157","SYSTEM","20180718","230157","SYSTEM"
"0002526","松村総合病院","松村総合病院","ﾏﾂﾑﾗｿｳｺﾞｳ","","福島県いわき市平小太郎町1-1","","","","","","","","","","0","20180718","230157","SYSTEM","20180718","230157","SYSTEM"
"0002527","DNPﾌｧｲﾝｹﾐｶﾙ宇都宮","DNPﾌｧｲﾝｹﾐｶﾙ宇都宮","ﾃﾞｨｴﾇﾋﾟｰﾌｧｲﾝｹﾐｶﾙ","322-0606","栃木県栃木市西方町本城1062-8","","","","","","","","","","0","20180718","230157","SYSTEM","20220224","190713","000005"
"0002529","クラリオン製造プロテック","クラリオン製造プロテ","ｸﾗﾘｵﾝｾｲｿﾞｳ","","福島県郡山市田村町金屋字下夕川原50","","","024-944-1822","","","","","","","0","20180718","230157","SYSTEM","20180718","230157","SYSTEM"
"0002530","前橋市民プール","前橋市民プール","ﾏｴﾊﾞｼｼﾐﾝﾌﾟ","","群馬県前橋市細井町460-1","","","0272-34-9211","","","","","","","0","20180718","230157","SYSTEM","20180718","230157","SYSTEM"
"0002531","土浦市衛生センター","土浦市衛生センター","ﾂﾁｳﾗｼｴｲｾｲｾ","","土浦市衛生センター","","","","","","","","","","0","20180718","230157","SYSTEM","20180718","230157","SYSTEM"
"0002532","相互薬工","相互薬工","ｿｳｺﾞﾔｯｺｳ","","福島県いわき市常磐下船尾蛇並28-3","","","0246-43-5200","","","","","","","0","20180718","230157","SYSTEM","20180718","230157","SYSTEM"
"0002533","和光堂㈱栃木工場","和光堂㈱栃木工場","ﾜｺｳﾄﾞｳﾄﾁｷﾞ","","栃木県さくら市富野岡286","","","028-682-8911","","","","","","","0","20180718","230157","SYSTEM","20180718","230157","SYSTEM"
"0002534","森永乳業盛岡工場","森永乳業盛岡工場","ﾓﾘﾅｶﾞﾆｭｳｷﾞ","","岩手県盛岡市青山2-3-14","","","019-647-2121","","","","","","","0","20180718","230157","SYSTEM","20180718","230157","SYSTEM"
"0002535","勿来温泉　関の湯","勿来温泉　関の湯","ﾅｺｿｵﾝｾﾝｾｷﾉ","","福島県いわき市勿来町関田須賀1-4","","","0246-65-1126","","","","","","","0","20180718","230157","SYSTEM","20180718","230157","SYSTEM"
"0002536","大崎広域中央事業所桜ノ目衛生ｾﾝﾀｰ","大崎広域中央事業所桜","ｻｸﾗﾉﾒｴｲｾｲｾ","","宮城県大崎市古川桜ノ目字新高谷347","","","0229-28-2448","","","","","","","0","20180718","230157","SYSTEM","20180718","230157","SYSTEM"
"0002537","クリタ・ケミカル製造㈱","クリタ・ケミカル製造","ｸﾘﾀ･ｹﾐｶﾙ","","福島県いわき市錦町落合80","","","0246-63-2087","","","","","","","0","20180718","230157","SYSTEM","20180718","230157","SYSTEM"
"0002538","大崎広域水道事務所衡東浄水場","大崎広域水道事務所衡","ｵｵｻｷｺｳｲｷｺｳ","","宮城県黒川郡大衡村沖の平9","","","022-345-1602","","","","","","","0","20180718","230157","SYSTEM","20180718","230157","SYSTEM"
"0002539","福島県県中浄化センター","福島県県中浄化センタ","ﾌｸｼﾏｹﾝｼﾞｮｳ","","福島県郡山市日和田町高倉字追越89","","","","","","","","","","0","20180718","230157","SYSTEM","20180718","230157","SYSTEM"
"0002540","第一物産山形","第一物産山形","ﾀﾞｲｲﾁﾌﾞｯｻﾝ","","山形県山形市大字漆山字大段1811-6","","","023-685-5277","","","","","","","0","20180718","230157","SYSTEM","20180718","230157","SYSTEM"
"0002542","公立小野町地方綜合病院","公立小野町地方綜合病","ｺｳﾘﾂｵﾉﾏﾁﾁﾎ","","福島県田村郡小野町大字小野新町字宿ノ後4","","","0247-72-3181","","","","","","","0","20180718","230157","SYSTEM","20180718","230157","SYSTEM"
"0002543","寺岡製作所　茨城工場","寺岡製作所　茨城工場","ﾃﾗｵｶｾｲｻｸｼｮ","","茨城県北茨城市中郷町中郷団地内","","","0293-42-4918","","","","","","","0","20180718","230157","SYSTEM","20180718","230157","SYSTEM"
"0002544","スリーダイヤアイヅ　強清水給油所","スリーダイヤアイヅ","ｽﾘｰﾀﾞｲﾔｱｲﾂ","","福島県会津若松市河東町八田字清水崎781-2","","","0242-94-2053","","","","","","","0","20180718","230157","SYSTEM","20180718","230157","SYSTEM"
"0002545","福島県立宮下病院","福島県立宮下病院","ﾌｸｼﾏｹﾝﾘﾂﾐﾔ","","福島県大沼郡三島町大字宮下字水尻1150","","","0241-52-2321","","","","","","","0","20180718","230157","SYSTEM","20180718","230157","SYSTEM"
"0002546","ﾊﾟﾅｿﾆｯｸ㈱ｾﾐｺﾝﾀﾞｸﾀｰ社　新井工場","ﾊﾟﾅｿﾆｯｸ㈱ｾﾐｺﾝﾀﾞｸﾀｰ社","ﾊﾟﾅｿﾆｯｸｱﾗｲ","","新潟県妙高市栗原4-5-1","","","0255-72-9118","","","","","","","0","20180718","230157","SYSTEM","20180718","230157","SYSTEM"
"0002547","仙台環境開発㈱　青野木処分場","仙台環境開発㈱　青野","ｾﾝﾀﾞｲｶﾝｷｮｳ","","宮城県仙台市青葉区芋沢青野木460-1","","","022-394-5502","","","","","","","0","20180718","230157","SYSTEM","20180718","230157","SYSTEM"
"0002548","中部衛生センター","中部衛生センター","ﾁｭｳﾌﾞｴｲｾｲ","","福島県いわき市常磐藤原滝沢37-1","","","0246-43-3877","","","","","","","0","20180718","230157","SYSTEM","20180718","230157","SYSTEM"
"0002549","八戸市環境部東部終末処理場","八戸市環境部東部終末","ﾊﾁﾉﾍﾄｳﾌﾞｼｭ","","青森県八戸市江陽3-1-111","","","0178-44-8254","","","","","","","0","20180718","230157","SYSTEM","20180718","230157","SYSTEM"
"0002550","テクノメタル㈱","テクノメタル㈱","ﾃｸﾉﾒﾀﾙ","","福島県二本松市高田100","","","0243-23-8124","","","","","","","0","20180718","230157","SYSTEM","20180718","230157","SYSTEM"
"0002551","郵便事業　いわき支店","郵便事業　いわき支店","ﾕｳﾋﾞﾝｼﾞｷﾞｮ","","福島県いわき市平字正月町49-1","","","0246-22-3101","","","","","","","0","20180718","230157","SYSTEM","20180718","230157","SYSTEM"
"0002552","双葉地方広域圏北部衛生センター","双葉地方広域圏北部衛","ﾌﾀﾊﾞﾎｸﾌﾞ","","福島県双葉郡浪江町大字室原於喜津4-1","","","0240-35-5454","","","","","","","0","20180718","230157","SYSTEM","20180718","230157","SYSTEM"
"0002553","八戸圏域水道企業団白山浄水場","八戸圏域水道企業団白","ｼﾛﾔﾏｼﾞｮｳｽｲ","","青森県八戸市南白山台1-11-10","","","0178-27-0800","","","","","","","0","20180718","230157","SYSTEM","20180718","230157","SYSTEM"
"0002554","東北相模ハム","東北相模ハム","ﾄｳﾎｸｻｶﾞﾐﾊﾑ","","福島県白河市白坂字牛清水105","","","0248-25-3113","","","","","","","0","20180718","230157","SYSTEM","20180718","230157","SYSTEM"
"0002555","三井化学㈱　茂原分工場","三井化学㈱　茂原分工","ﾐﾂｲｶｶﾞｸ","","千葉県茂原市東郷1900","","","","","","","","","","0","20180718","230157","SYSTEM","20180718","230157","SYSTEM"
"0002559","いわきゆったり館","いわきゆったり館","ｲﾜｷﾕｯﾀﾘｶﾝ","","福島県いわき市常磐湯本野上浅貝22-1","","","0246-43-0801","","","","","","","0","20180718","230157","SYSTEM","20180718","230157","SYSTEM"
"0002560","鹿島北共同発電㈱","鹿島北共同発電㈱","ｶｼﾏｷﾀｷｮｳﾄﾞ","","茨城県神栖市東和田16","","","0299-96-2111","","","","","","","0","20180718","230157","SYSTEM","20180718","230157","SYSTEM"
"0002562","市川製線㈱","市川製線㈱","ｲﾁｶﾜｾｲｾﾝ","","千葉県習志野市東習志野7-5-1","","","","","","","","","","0","20180718","230157","SYSTEM","20180718","230157","SYSTEM"
"0002563","中央卸売市場","中央卸売市場","ﾁｭｳｵｳｵﾛｼｳﾘ","","福島県いわき市鹿島町鹿島１番地","","","0246-29-6200","","","","","","","0","20180718","230157","SYSTEM","20180718","230157","SYSTEM"
"0002564","池田食品工業","池田食品工業","ｲｹﾀﾞｼｮｸﾋﾝ","","福島県福島市瀬上町字南中川原1","","","","","","","","","","0","20180718","230157","SYSTEM","20180718","230157","SYSTEM"
"0002566","荏原製作所　荏原環境プラント","荏原製作所　荏原環境","ｴﾊﾞﾗｾｲｻｸｼｮ","","福島県福島市仁井田字北原3-3","あらかわｸﾘｰﾝｾﾝﾀｰ内","","024-544-6825","","","","","","","0","20180718","230157","SYSTEM","20180718","230157","SYSTEM"
"0002570","いわき健康センター","いわき健康センター","ｲﾜｷｹﾝｺｳｾﾝﾀ","","福島県いわき市小浜町中の作45-1","","","0246-63-4126","","","","","","","0","20180718","230157","SYSTEM","20180718","230157","SYSTEM"
"0002571","住化加工紙　いわき工場","住化加工紙　いわき工","ｽﾐｶｶｺｳｼｲﾜｷ","","福島県いわき市南台3-1-5","","","0246-62-0911","","","","","","","0","20180718","230157","SYSTEM","20180718","230157","SYSTEM"
"0002573","アクティブリゾーツ裏磐梯","アクティブリゾーツ","ｱｸﾃｨﾌﾞﾘｿﾞｰﾂ","","福島県耶麻郡北塩原村大字桧原字剣ヶ峯","1093-309","","0241-32-3111","","","","","","","0","20180718","230157","SYSTEM","20190108","132151","000001"
"0002574","レンゴー㈱　福島矢吹工場","レンゴー㈱　福島矢吹","ﾚﾝｺﾞｰﾌｸｼﾏ","","福島県西白河郡矢吹町諏訪の前115-1","","","0248-41-2633","","","","","","","0","20180718","230157","SYSTEM","20180718","230157","SYSTEM"
"0002575","小野町ふるさと文化の館","小野町ふるさと文化の","ｵﾉﾏﾁﾌﾙｻﾄ","","福島県田村郡小野町大字小野新町字中通2","","","0247-72-2120","","","","","","","0","20180718","230157","SYSTEM","20180718","230157","SYSTEM"
"0002576","えひめ飲料　茨城工場","えひめ飲料　茨城工場","ｴﾋﾒｲﾝﾘｮｳ","","茨城県常陸太田市岡田町2112","常陸太田工業団地内","","0294-74-3111","","","","","","","0","20180718","230157","SYSTEM","20180718","230157","SYSTEM"
"0002577","東京たまエコセメント","東京たまエコセメント","ﾄｳｷｮｳﾀﾏｴｺｾ","","東京都西多摩郡日の出町大久野7642","","","042-588-7560","","","","","","","0","20180718","230157","SYSTEM","20180718","230157","SYSTEM"
"0002578","ファーマパック　茨城工場","ファーマパック　茨城","ﾌｧｰﾏﾊﾟｯｸ","","茨城県北茨城市中郷町日棚1471-26","","","0293-42-7080","","","","","","","0","20180718","230157","SYSTEM","20180718","230157","SYSTEM"
"0002579","ホリストン　ポリテック㈱","ホリストン　ポリテッ","ﾎﾘｽﾄﾝ ﾎﾟﾘﾃ","","福島県田村郡三春町大字熊耳字太平16","","","0247-62-3366","","","","","","","0","20180718","230157","SYSTEM","20180718","230157","SYSTEM"
"0002580","日ピス　福島製造所","日ピス　福島製造所","ﾆｯﾋﾟｽ","","福島県伊達郡川俣町飯坂字中居1","","","","","","","","","","0","20180718","230157","SYSTEM","20180718","230157","SYSTEM"
"0002583","ロームつくば","ロームつくば","ﾛｰﾑﾂｸﾊﾞ","","茨城県つくば市北原10","","","029-877-3000","","","","","","","0","20180718","230157","SYSTEM","20180718","230157","SYSTEM"
"0002585","東京二十三区　港清掃工場","東京二十三区　港清掃","ﾐﾅﾄｾｲｿｳｺｳｼ","","東京都港区港南5-7-1","","","03-5479-5300","","","","","","","0","20180718","230157","SYSTEM","20180718","230157","SYSTEM"
"0002586","中央化成品　会津工場","中央化成品　会津工場","ﾁｭｳｵｳｶｾｲﾋﾝ","","福島県会津若松市河東町東長原字長谷地111","","","0242-75-3188","","","","","","","0","20180718","230157","SYSTEM","20180718","230157","SYSTEM"
"0002587","小高町第二浄水場","小高町第二浄水場","ｵﾀﾞｶﾏﾁﾀﾞｲﾆ","","福島県南相馬市小高区吉名字地蔵堂2","","","0244-22-3547","","","","","","","0","20180718","230157","SYSTEM","20180718","230157","SYSTEM"
"0002588","化工機プラント環境エンジ","化工機プラント環境エ","ｶｺｳｷﾌﾟﾗﾝﾄ","","千葉県銚子市芦崎町1102","","","0479-33-2796","","","","","","","0","20180718","230157","SYSTEM","20180718","230157","SYSTEM"
"0002589","東京色材工業　いわき","東京色材工業　いわき","ﾄｳｷｮｳｼｷｻﾞｲ","","福島県いわき市泉町黒須野字江越246-20","","","","","","","","","","0","20180718","230157","SYSTEM","20180718","230157","SYSTEM"
"0002590","ﾊﾟﾝﾊﾟｼﾌｨｯｸ･ｶｯﾊﾟｰ","ﾊﾟﾝﾊﾟｼﾌｨｯｸ･ｶｯﾊﾟｰ","ﾊﾟﾝﾊﾟｼﾌｨｯｸ","","茨城県日立市白銀町1-1-2","","","0294-23-7153","","","","","","","0","20180718","230157","SYSTEM","20180718","230157","SYSTEM"
"0002591","東北電力㈱　柳津西山地熱発電所","東北電力㈱　柳津西山","ﾔﾅｲﾂﾞﾆｼﾔﾏﾁ","","福島県河沼郡柳津町大字黒沢","","","0241-43-2634","","","","","","","0","20180718","230157","SYSTEM","20180718","230157","SYSTEM"
"0002592","日立化成工業　下館","日立化成工業　下館","ﾋﾀﾁｶｾｲｺｳｷﾞ","","茨城県筑西市小川1500","","","0296-20-2271","","","","","","","0","20180718","230157","SYSTEM","20180718","230157","SYSTEM"
"0002593","ダイセキMCR篠井工場","ダイセキMCR篠井工場","ﾀﾞｲｾｷｴﾑｼｰｱ","","栃木県宇都宮市篠井町502-2","","","028-669-2955","","","","","","","0","20180718","230157","SYSTEM","20180718","230157","SYSTEM"
"0002595","日立製作所ｵｰﾄﾓﾃｨﾌﾞｼｽﾃｸﾞﾙｰﾌﾟ","日立製作所ｵｰﾄﾓﾃｨﾌﾞｼｽ","ﾋﾀﾁｾｲｻｸｼﾞｮ","","茨城県ひたちなか市大字高場2520","","","0292-73-5111","","","","","","","0","20180718","230157","SYSTEM","20180718","230157","SYSTEM"
"0002596","ＮＯＫメタル株式会社　川俣工場","ＮＯＫメタル株式会社","ｴﾇｵｰｹｲﾒﾀﾙ","","福島県伊達郡川俣町秋山字仲田2-6","","","024-565-2221","","","","","","","0","20180718","230157","SYSTEM","20180718","230157","SYSTEM"
"0002597","リゾートイン磐梯","リゾートイン磐梯","ﾘｿﾞｰﾄｲﾝ","","リゾートイン磐梯","","","","","","","","","","0","20180718","230157","SYSTEM","20180718","230157","SYSTEM"
"0002598","丸紅エネックス","丸紅エネックス","ﾏﾙﾍﾞﾆｴﾈｯｸｽ","","千葉県千葉市美浜区新港235番地","","","","","","","","","","0","20180718","230157","SYSTEM","20180718","230157","SYSTEM"
"0002599","日立造船ﾌﾟﾗﾝﾄｴﾈﾙｷﾞｰ本部茨城発電","日立造船ﾌﾟﾗﾝﾄｴﾈﾙｷﾞｰ","ﾋﾀﾁｿﾞｳｾﾝ","","茨城県常陸大宮市工業団地4","","","0295-52-4703","","","","","","","0","20180718","230157","SYSTEM","20180718","230157","SYSTEM"
"0002600","ﾓﾒﾝﾃｨﾌﾞ･ﾊﾟﾌｫｰﾏﾝｽ･ﾏﾃﾘｱﾙｽﾞ･ｼﾞｬﾊﾟ","ﾓﾒﾝﾃｨﾌﾞ･ﾊﾟﾌｫｰﾏﾝｽ･ﾏﾃﾘ","ﾓﾒﾝﾃｨﾌﾞ･ﾊﾟ","","群馬県太田市西新町133","","","0276-31-6530","","","","","","","0","20180718","230157","SYSTEM","20180718","230157","SYSTEM"
"0002601","日本基礎技術","日本基礎技術","ﾆﾎﾝｷｿｷﾞｼﾞｭ","","宮城県仙台市若林区荒井地内","","","080-2705-7237","","","","","","","0","20180718","230157","SYSTEM","20180718","230157","SYSTEM"
"0001834","南東北病院","南東北病院","ﾐﾅﾐﾄｳﾎｸﾋﾞｮｳｲﾝ","","南東北病院","","","","","","","","","","0","20180718","230157","SYSTEM","20180730","114527","000001"
"0001838","湖北環境衛生組合柏山浄化プラント","湖北環境衛生組合柏山","ｺﾎｸｶﾝ","","湖北環境衛生組合柏山浄化プラント","","","","","","","","","","0","20180718","230157","SYSTEM","20180718","230157","SYSTEM"
"0001839","JX日鉱日石金属（白銀1丁目）","JX日鉱日石金属（白銀","ﾆｯｺｳﾆｯｾｷ","","茨城県日立市白銀町1-1-2","","","0294-23-7153","","","","","","","0","20180718","230157","SYSTEM","20180718","230157","SYSTEM"
"0001841","日立パワーデバイス　原町第二","日立パワーデバイス","ﾋﾀﾁﾊﾟﾜｰﾃﾞﾊ","","福島県南相馬市原町区下太田字小原20番地","","","0244-22-2151","","","","","","","0","20180718","230157","SYSTEM","20180718","230157","SYSTEM"
"0001842","フジクラ電装","フジクラ電装","ﾌｼﾞｸﾗ","","山形県米沢市八幡1丁目","","","0238-23-9211","","","","","","","0","20180718","230157","SYSTEM","20180718","230157","SYSTEM"
"0001843","好間工業用水道浄水場","好間工業用水道浄水場","ﾖｼﾏｺｳ","","好間工業用水道浄水場","","","","","","","","","","0","20180718","230157","SYSTEM","20180718","230157","SYSTEM"
"0001845","イワタニ福島　いわき支店","イワタニ福島　いわき","ｲﾜﾀﾆﾌｸｼﾏｲﾜ","","福島県いわき市泉町下川八合91-2","","","0246-56-2491","","","","","","","0","20180718","230157","SYSTEM","20180718","230157","SYSTEM"
"0001846","三谷産業　新潟","三谷産業　新潟","ﾐﾀﾆｻﾝ","","三谷産業　新潟","","","","","","","","","","0","20180718","230157","SYSTEM","20180718","230157","SYSTEM"
"0001848","三谷産業　名古屋","三谷産業　名古屋","ﾐﾀﾆｻﾝ","","三谷産業　名古屋","","","","","","","","","","0","20180718","230157","SYSTEM","20180718","230157","SYSTEM"
"0001850","三共製粉　滝根工場","三共製粉　滝根工場","ｻﾝｷｮｳ","","三共製粉　滝根工場","","","","","","","","","","0","20180718","230157","SYSTEM","20180718","230157","SYSTEM"
"0001851","ウエスキン商事　茨城事業部","ウエスキン商事　茨城","ｳｴｽｷﾝｼｮｳｼﾞ","","茨城県北茨城市中郷町日棚644-54","","","0293-43-6871","","","","","","","0","20180718","230157","SYSTEM","20180718","230157","SYSTEM"
"0001852","南東北福祉センタ-","南東北福祉センタ-","ﾐﾅﾐﾄｳ","","南東北福祉センタ-","","","","","","","","","","0","20180718","230157","SYSTEM","20180718","230157","SYSTEM"
"0001853","向後スタ-チ","向後スタ-チ","ｺｳｺﾞｽﾀｰﾁ","","千葉県旭市ニ600","","","0479-62-0181","","","","","","","0","20180718","230157","SYSTEM","20180718","230157","SYSTEM"
"0001855","ジャパン・リサイクル","ジャパン・リサイクル","ｼﾞｬﾊﾟ","","ジャパン・リサイクル","","","","","","","","","","0","20180718","230157","SYSTEM","20180718","230157","SYSTEM"
"0001860","日本製鉄（君津）","日本製鉄（君津）","ﾆﾎﾝｾｲﾃﾂ","","千葉県君津市君津１","","","0439-52-2919","","","","","","","0","20180718","230157","SYSTEM","20221024","104645","000003"
"0001861","ライフフーズ　第一工場","ライフフーズ　第一工","ﾗｲﾌﾌｰｽﾞﾀﾞｲ","","福島県郡山市富久山町久保田字古町48-1","","","024-942-1123","","","","","","","0","20180718","230157","SYSTEM","20180718","230157","SYSTEM"
"0001863","三恵化成","三恵化成","ｻﾝｹｲｶｾｲ","","東京都江戸川区松江4-27-7","","","03-3652-0026","","","","","","","0","20180718","230157","SYSTEM","20180718","230157","SYSTEM"
"0001866","コスモ石油　千葉製油所","コスモ石油　千葉製油","ｺｽﾓｾｷﾕﾁﾊﾞｾ","","千葉県市原市五井海岸２","","","0436-23-4113","","","","","","","0","20180718","230157","SYSTEM","20180718","230157","SYSTEM"
"0001867","水戸市水道部楮川浄水場","水戸市水道部楮川浄水","ﾐﾄｼｺｳｽﾞｶﾞﾜ","","茨城県水戸市田野町1662-14","","","029-229-7141","","","","","","","0","20180718","230157","SYSTEM","20180718","230157","SYSTEM"
"0001868","和光化学　高崎本社","和光化学　高崎本社","ﾜｺｳｶｶﾞｸﾀｶｻ","","群馬県高崎市問屋町３－２－３","","","0273-61-6161","","","","","","","0","20180718","230157","SYSTEM","20180718","230157","SYSTEM"
"0001869","日本新金属　秋田工場","日本新金属　秋田工場","ﾆﾎﾝｼﾝｷﾝｿﾞｸ","","秋田県秋田市茨島３－１－１８","","","018-865-7204","","","","","","","0","20180718","230157","SYSTEM","20180718","230157","SYSTEM"
"0001871","小山広域保健衛生組合","小山広域保健衛生組合","ｺﾔﾏｺｳ","","小山広域保健衛生組合","","","","","","","","","","0","20180718","230157","SYSTEM","20180718","230157","SYSTEM"
"0001872","小名浜ポンプ場","小名浜ポンプ場","ｵﾅﾊﾏﾎﾟﾝﾌﾟｼ","","福島県いわき市小名浜字高山３２７","","","0246-53-5060","","","","","","","0","20180718","230157","SYSTEM","20180718","230157","SYSTEM"
"0001878","古河電気工業金属ｶﾝﾊﾟﾆｰ今市工場","古河電気工業金属ｶﾝﾊﾟ","ﾌﾙｶﾜﾃﾞﾝｷｺｳ","","栃木県日光市荊沢601-2","","","0288-22-4911","","","","","","","0","20180718","230157","SYSTEM","20180718","230157","SYSTEM"
"0001879","協和発酵ケミカル","協和発酵ケミカル","ｷｮｳﾜﾊｯｺｳｹﾐ","","千葉県市原市五井南海岸１１－１","","","0436-23-9111","","","","","","","0","20180718","230157","SYSTEM","20180718","230157","SYSTEM"
"0001880","福島日石　福島営業所","福島日石　福島営業所","ﾌｸｼﾏﾆｯｾｷﾌｸ","","福島県福島市笹木野金谷東29","","","024-533-2424","","","","","","","0","20180718","230157","SYSTEM","20180718","230157","SYSTEM"
"0001882","栗田工業　江川事業所","栗田工業　江川事業所","ｸﾘﾀｺｳｷﾞｮｳｴ","","茨城県猿島郡五霞町大字江川字沖の内3-2585","","","0280-84-3011","","","","","","","0","20180718","230157","SYSTEM","20180718","230157","SYSTEM"
"0001884","東北実業　福島支店","東北実業　福島支店","ﾄｳﾎｸｼﾞﾂｷﾞｮ","","福島県福島市鎌田字樋口3-4","","","024-553-1218","","","","","","","0","20180718","230157","SYSTEM","20180718","230157","SYSTEM"
"0001887","共和テクノス","共和テクノス","ｷｮｳﾜﾃｸﾉｽ","","千葉県山武郡芝山町小池2759-3","芝山工業団地内","","","","","","","","","0","20180718","230157","SYSTEM","20180718","230157","SYSTEM"
"0001888","小林（伊勢崎市）","小林（伊勢崎市）","ｺﾊﾞﾔｼ","","群馬県伊勢崎市八寸町4712","","","0270-63-0676","","","","","","","0","20180718","230157","SYSTEM","20180718","230157","SYSTEM"
"0001889","ｿﾆｰｹﾐｶﾙ&ｲﾝﾌｫﾒｰｼｮﾝﾃﾞｨﾊﾞｲｽ","ｿﾆｰｹﾐｶﾙ&ｲﾝﾌｫﾒｰｼｮﾝﾃﾞｨ","ｿﾆｰｹﾐｶﾙｱﾝﾄ","","栃木県鹿沼市さつき町18","","","0289-76-0274","","","","","","","0","20180718","230157","SYSTEM","20180718","230157","SYSTEM"
"0001891","荏原製作所（郡山）","荏原製作所（郡山）","ｴﾊﾞﾗｾｲｻｸｼｮ","","福島県郡山市日和田町高倉字追越８９","県中浄化センター内","","024-968-0551","","","","","","","0","20180718","230157","SYSTEM","20180718","230157","SYSTEM"
"0001892","セントラル硝子　川崎工場","セントラル硝子　川崎","ｾﾝﾄﾗﾙｶﾞﾗｽ","","神奈川県川崎市川崎区浮島町10-2","","","044-266-5531","","","","","","","0","20180718","230157","SYSTEM","20180718","230157","SYSTEM"
"0001893","東京ﾊﾟﾜｰﾃｸﾉﾛｼﾞｰ　常陸那珂","東京ﾊﾟﾜｰﾃｸﾉﾛｼﾞｰ　常","ﾄｳｷｮｳﾊﾟﾜｰﾃ","","茨城県那珂郡東海村照沼768-23","","","029-265-5481","","","","","","","0","20180718","230157","SYSTEM","20180718","230157","SYSTEM"
"0001894","つきみがおか町民センター","つきみがおか町民セン","ﾂｷﾐｶﾞｵｶﾁｮｳ","","福島県河沼郡柳津町大字柳津字諏訪町甲61-2","","","0241-42-2302","","","","","","","0","20180718","230157","SYSTEM","20180718","230157","SYSTEM"
"0001896","相双アスコン","相双アスコン","ｿｳｿｳｱｽｺﾝ","","福島県双葉郡浪江町大字立野字春卯野149-2","","","0240-34-5150","","","","","","","0","20180718","230157","SYSTEM","20180718","230157","SYSTEM"
"0001897","福島アスコン","福島アスコン","ﾌｸｼﾏｱ","","福島アスコン","","","","","","","","","","0","20180718","230157","SYSTEM","20180718","230157","SYSTEM"
"0001900","北日本興産","北日本興産","ｷﾀﾆﾎﾝｺｳｻﾝ","","宮城県岩沼市下野郷字出雲屋敷48","","","0223-24-1201","","","","","","","0","20180718","230157","SYSTEM","20180718","230157","SYSTEM"
"0001902","キャノン　取手事業所　化成品工場","キャノン　取手事業所","ｷｬﾉﾝﾄﾘﾃﾞ","","茨城県取手市白山７－５－１","","","0297-74-2111","","","","","","","0","20180718","230157","SYSTEM","20180718","230157","SYSTEM"
"0001904","石川地方生活環境施設組合し尿施設","石川地方生活環境施設","ｲｼｶﾜ","","石川地方生活環境施設組合し尿施設","","","","","","","","","","0","20180718","230157","SYSTEM","20180718","230157","SYSTEM"
"0001905","共和コンクリート","共和コンクリート","ｷｮｳﾜｺﾝｸﾘｰﾄ","","宮城県遠田郡美里町関根字船窪6","","","0229-34-2236","","","","","","","0","20180718","230157","SYSTEM","20180718","230157","SYSTEM"
"0001906","ケーヒン角田第一工場","ケーヒン角田第一工場","ｹｰﾋﾝｶｸﾀﾀﾞｲ","","宮城県角田市梶賀字高畑南２１３","","","0224-63-1834","","","","","","","0","20180718","230157","SYSTEM","20180718","230157","SYSTEM"
"0001907","日化トレーディング（ＳＰ内）","日化トレーディング（","ﾆｯｶﾄﾚｰﾃﾞｨﾝ","","福島県いわき市小名浜字吹松16-1","","","0246-53-4222","","","","","","","0","20180718","230157","SYSTEM","20180718","230157","SYSTEM"
"0001908","アサカ理研工業　富久山工場","アサカ理研工業　富久","ｱｻｶﾘｹﾝﾌｸﾔﾏ","","福島県郡山市富久山町福原字大鏑２２－１","","","024-922-7913","","","","","","","0","20180718","230157","SYSTEM","20180718","230157","SYSTEM"
"0001909","森永製菓　小山工場","森永製菓　小山工場","ﾓﾘﾅｶﾞｾｲｶｺﾔ","","栃木県小山市大字出井1523-1","","","0285-23-2236","","","","","","","0","20180718","230157","SYSTEM","20180718","230157","SYSTEM"
"0001910","山菱水産　小名浜","山菱水産　小名浜","ﾔﾏﾋﾞｼｽｲｻﾝ","","福島県いわき市小名浜芳浜11-59","","","0246-52-1717","","","","","","","0","20180718","230157","SYSTEM","20180718","230157","SYSTEM"
"0001911","ユニチャームプロダクツ","ユニチャームプロダク","ﾕﾆﾁｬｰﾑﾌﾟﾛﾀ","","福島県東白川郡棚倉町大字金沢内字中背戸続","26","","0247-33-1111","","","","","","","0","20180718","230157","SYSTEM","20180718","230157","SYSTEM"
"0001912","盛岡市水道部　中屋敷浄水場","盛岡市水道部　中屋敷","ﾅｶﾔｼｷｼﾞｮｳｽ","","岩手県盛岡市中屋敷町9-5","","","","","","","","","","0","20180718","230157","SYSTEM","20180718","230157","SYSTEM"
"0001913","ニッカウヰスキー　仙台工場","ニッカウヰスキー　仙","ﾆｯｶｳｲｽｷｰｾﾝ","","宮城県仙台市青葉区ニッカ1","","","022-395-2111","","","","","","","0","20180718","230157","SYSTEM","20180718","230157","SYSTEM"
"0001914","東洋ビュ-ティ-　宇都宮工場","東洋ビュ-ティ-　宇都","ﾄｳﾖｳﾋ","","東洋ビュ-ティ-　宇都宮工場","","","","","","","","","","0","20180718","230157","SYSTEM","20180718","230157","SYSTEM"
"0001917","相馬市第２地区かんがい排水中和","相馬市第２地区かんが","ｿｳﾏｼﾀﾞｲﾆﾁｸ","","福島県相馬市山上地内","","","","","","","","","","0","20180718","230157","SYSTEM","20180718","230157","SYSTEM"
"0001921","大紀アルミニウム工業所結城工場","大紀アルミニウム工業","ﾀｲｷｱﾙﾐﾕｳｷｺ","","茨城県結城市大字結城10677-4","","","0296-32-3311","","","","","","","0","20180718","230157","SYSTEM","20180718","230157","SYSTEM"
"0001922","ｸﾞﾚ-ｽｹﾐｶﾙ　仙台営業所","ｸﾞﾚ-ｽｹﾐｶﾙ　仙台営業","ｸﾞﾚ-ｽ","","ｸﾞﾚ-ｽｹﾐｶﾙ　仙台営業所","","","","","","","","","","0","20180718","230157","SYSTEM","20180718","230157","SYSTEM"
"0001923","東京製鐵　宇都宮工場","東京製鐵　宇都宮工場","ﾄｳｷｮｳ","","東京製鐵　宇都宮工場","","","","","","","","","","0","20180718","230157","SYSTEM","20180718","230157","SYSTEM"
"0001925","会津若松市下水浄化工場","会津若松市下水浄化工","ｱｲﾂﾞﾜｶﾏﾂｼｹ","","福島県会津若松市神指町大字北四合字伊丹堂","９９","","0242-24-7474","","","","","","","0","20180718","230157","SYSTEM","20180718","230157","SYSTEM"
"0001926","日本メクトロン　メクテック事業部","日本メクトロン　メク","ﾆﾎﾝﾒｸﾄﾛﾝﾒｸ","","茨城県つくば市天宝喜757","","","0298-72-2011","","","","","","","0","20180718","230157","SYSTEM","20180718","230157","SYSTEM"
"0001927","ルネサス北日本　ｾﾐｺﾝﾀﾞｸﾀ米沢工場","ルネサス北日本　ｾﾐｺﾝ","ﾙﾈｻｽｷﾀﾆﾎﾝｾ","","山形県米沢市花沢八木橋東3-3274","","","0238-22-7833","","","","","","","0","20180718","230157","SYSTEM","20180718","230157","SYSTEM"
"0001928","猪苗代観光ホテル","猪苗代観光ホテル","ｲﾅﾜｼﾛｶﾝｺｳﾎ","","福島県耶麻郡猪苗代町字葉山7105-270","","","0242-62-4132","","","","","","","0","20180718","230157","SYSTEM","20180718","230157","SYSTEM"
"0001929","瓜連浄水場","瓜連浄水場","ｳﾘｽﾞﾗｼﾞｮｳｽ","","茨城県那珂市瓜面連町瓜連3873","","","029-296-2131","","","","","","","0","20180718","230157","SYSTEM","20180718","230157","SYSTEM"
"0001931","盛岡市水道部沢田浄水場","盛岡市水道部沢田浄水","ｻﾜﾀﾞｼﾞｮｳｽｲ","","岩手県盛岡市東中野字沢田7","","","","","","","","","","0","20180718","230157","SYSTEM","20180718","230157","SYSTEM"
"0001933","福島県立会津総合病院","福島県立会津総合病院","ｹﾝﾘﾂｱｲﾂﾞﾋﾞ","","福島県会津若松市城前１０－７５","","","0242-27-2151","","","","","","","0","20180718","230157","SYSTEM","20180718","230157","SYSTEM"
"0001935","盛岡市水道部米内浄水場","盛岡市水道部米内浄水","ﾖﾈｳﾁｼﾞｮｳｽｲ","","岩手県盛岡市上米内字中居49","","","","","","","","","","0","20180718","230157","SYSTEM","20180718","230157","SYSTEM"
"0001937","エヌエムビ-","エヌエムビ-","ｴﾇｴﾑﾋ","","エヌエムビ-","","","","","","","","","","0","20180718","230157","SYSTEM","20180718","230157","SYSTEM"
"0001938","盛岡市水道部新庄浄水場","盛岡市水道部新庄浄水","ｼﾝｼﾞｮｳｼﾞｮｳ","","岩手県盛岡市加賀野字桜山86","","","019-651-5048","","","","","","","0","20180718","230157","SYSTEM","20180718","230157","SYSTEM"
"0001940","東亜道路　千葉","東亜道路　千葉","ﾄｳｱﾄﾞ","","東亜道路　千葉","","","","","","","","","","0","20180718","230157","SYSTEM","20180718","230157","SYSTEM"
"0001941","片倉コープアグリ　大越工場","片倉コープアグリ　大","ｶﾀｸﾗｺｰﾌﾟ","","福島県田村市大越町大字上大越鷹待田96","","","024-779-2131","","","","","","","0","20180718","230157","SYSTEM","20180718","230157","SYSTEM"
"0001943","南蒲生浄化センター","南蒲生浄化センター","ﾐﾅﾐｶﾞﾓｳｼﾞｮ","","宮城県仙台市宮城野区蒲生字八郎兵工谷地","第二","","022-258-1095","","","","","","","0","20180718","230157","SYSTEM","20180718","230157","SYSTEM"
"0001948","","","","","","","","","","","","","","","0","20180718","230157","SYSTEM","20180718","230157","SYSTEM"
"0001949","東邦ゴム　高田工場","東邦ゴム　高田工場","ﾄｳﾎｳｺﾞﾑﾀｶﾀ","","福島県二本松市平石高田","","","","","","","","","","0","20180718","230157","SYSTEM","20180718","230157","SYSTEM"
"0001950","会津アスコン共同企業体","会津アスコン共同企業","ｱｲﾂﾞｱｽｺﾝｷｮ","","福島県喜多方市慶徳町山科字土堀5355-6","","","0242-83-1882","","","","","","","0","20180718","230157","SYSTEM","20180718","230157","SYSTEM"
"0001951","三共　平塚工場","三共　平塚工場","ｻﾝｷｮｳﾋﾗﾂｶ","","神奈川県平塚市四之宮1-12-1","","","0463-31-6111","","","","","","","0","20180718","230157","SYSTEM","20180718","230157","SYSTEM"
"0001952","ＭＴＩ　会津","ＭＴＩ　会津","ｴﾑﾃｨｱ","","ＭＴＩ　会津","","","","","","","","","","0","20180718","230157","SYSTEM","20180718","230157","SYSTEM"
"0001954","かんぽの宿　郡山","かんぽの宿　郡山","ｶﾝﾎﾟﾉﾔﾄﾞｺｵﾘﾔﾏ","","かんぽの宿　郡山","","","","","","","","","","0","20180718","230157","SYSTEM","20180730","114800","000001"
"0001955","","","","","","","","","","","","","","","0","20180718","230157","SYSTEM","20180718","230157","SYSTEM"
"0001960","八洲ゴム工業","八洲ゴム工業","ﾔｼﾏｺﾞﾑｺｳｷﾞ","","福島県河沼郡会津坂下町大字片門","","","0242-85-2031","","","","","","","0","20180718","230157","SYSTEM","20181105","092916","000001"
"0001961","会津高原高畑スキー場","会津高原高畑スキー場","ｱｲﾂﾞｺｳｹﾞﾝﾀ","","福島県南会津郡南会津町大桃字一の間々20-3","","","0241-76-2231","","","","","","","0","20180718","230157","SYSTEM","20180718","230157","SYSTEM"
"0001962","積水メディカル　岩手工場","積水メディカル　岩手","ｾｷｽｲﾒﾃﾞｨｶﾙ","","岩手県八幡平市松尾第4地割115","","","0195-74-3161","","","","","","","0","20180718","230157","SYSTEM","20180718","230157","SYSTEM"
"0001969","旭ファインマテリアル（郡山市）","旭ファインマテリアル","ｱｻﾋﾌｧｲﾝﾏﾃﾘ","","福島県郡山市待池台1丁目10","","","0249-59-1782","","","","","","","0","20180718","230157","SYSTEM","20180718","230157","SYSTEM"
"0001970","川越市滝の下水処理センタ-","川越市滝の下水処理セ","ﾀｷﾉｹﾞｽｲｼｮﾘ","","埼玉県川越市大字大仙波字滝ノ下１２８７","","","0492-22-4149","","","","","","","0","20180718","230157","SYSTEM","20180718","230157","SYSTEM"
"0001971","郡山市中学校給食センタ-　富久山","郡山市中学校給食セン","ｺｵﾘﾔﾏｼﾁｭｳｶﾞｯｺｳｷｭｳ","","福島県郡山市富久山久保田太郎殿前22","","","0249-44-5081","","","","","","","0","20180718","230157","SYSTEM","20180730","114850","000001"
"0001972","芳賀地区広域行政事務組合第二環境","芳賀地区広域行政事務","ﾊｶﾞﾁｸ","","芳賀地区広域行政事務組合第二環境","","","","","","","","","","0","20180718","230157","SYSTEM","20180718","230157","SYSTEM"
"0001974","古河電気工業金属カンパニー東工場","古河電気工業金属カン","ﾌﾙｶﾜﾃﾞﾝｷｺｳ","","栃木県日光市針貝字茅場1066-24","","","0288-26-8911","","","","","","","0","20180718","230157","SYSTEM","20180718","230157","SYSTEM"
"0001975","栗田工業（広野）","栗田工業（広野）","ｸﾘﾀｺｳｷﾞｮｳﾋ","","福島県双葉郡広野町大字北泊","東京電力㈱広野火力発電所内","","090-4664-4698","","","","","","","0","20180718","230157","SYSTEM","20180718","230157","SYSTEM"
"0001976","郵便事業　郡山支店","郵便事業　郡山支店","ﾕｳﾋﾞﾝｼﾞｷﾞｮｳｺｵﾘﾔﾏ","","福島県郡山市朝日2丁目24-6","","","","","","","","","","0","20180718","230157","SYSTEM","20180730","114942","000001"
"0001982","太平洋セメント　大船渡","太平洋セメント大船渡","ﾀｲﾍｲﾖｾﾒﾝﾄ ｵｵﾌﾅﾄ","","岩手県大船渡市赤崎町字跡浜21-6","","","0192-26-5681","","","","","","","0","20180718","230157","SYSTEM","20190805","142750","000001"
"0001983","堺化学工業　湯本工場","堺化学工業　湯本工場","ｻｶｲｶｶﾞｸﾕﾓﾄ","","福島県いわき市常磐岩ケ岡沢目1-1","","","0246-43-4301","","","","","","","0","20180718","230157","SYSTEM","20180718","230157","SYSTEM"
"0001986","内池醸造","内池醸造","ｳﾁｲｹｼﾞｮｳｿﾞ","","福島県福島市瀬上町字西上新田1-7","","","024-554-6581","","","","","","","0","20180718","230157","SYSTEM","20180718","230157","SYSTEM"
"0001989","ライジング","ライジング","ﾗｲｼﾞﾝｸﾞ","","福島県双葉郡楢葉町大字山田岡字大堤入11-3","","","0240-25-5859","","","","","","","0","20180718","230157","SYSTEM","20180718","230157","SYSTEM"
"0002001","サンビックス","サンビックス","ｻﾝﾋﾞｯｸｽ","","福島県郡山市富久山町福原字長沼13","","","0249-33-5755","","","","","","","0","20180718","230157","SYSTEM","20180718","230157","SYSTEM"
"0002003","タンク洗浄","タンク洗浄","ﾀﾝｸｾﾝ","","タンク洗浄","","","","","","","","","","0","20180718","230157","SYSTEM","20180718","230157","SYSTEM"
"0002005","喜多方市水道課浄水係　熱塩浄水場","喜多方市水道課浄水係","ｱﾂｼｵｼﾞｮｳｽｲ","","福島県喜多方市熱塩加納町相田字上原乙789","","","0241-36-2244","","","","","","","0","20180718","230157","SYSTEM","20180718","230157","SYSTEM"
"0002004","特別養護老人ホ-ム都路まどか荘","特別養護老人ホ-ム都","ﾄｸﾍﾞﾂﾖｳｺﾞﾛｳｼﾞﾝﾎｰﾑ","","福島県田村郡都路村大字古道字寺下60","","","0247-75-3133","","","","","","","0","20180718","230157","SYSTEM","20180730","115230","000001"
"0002006","鹿沼市水道部第一浄水場","鹿沼市水道部第一浄水","ｶﾇﾏｼｽ","","栃木県鹿沼市千手町2599","","","0289-65-3141","","","","","","","0","20180718","230157","SYSTEM","20180718","230157","SYSTEM"
"0002009","山吉青果食品桑折工場","山吉青果食品桑折工場","ﾔﾏｷﾁｾｲｶｼｮｸ","","福島県伊達郡桑折町大字万正寺字宮ノ西1-1","","","024-582-3838","","","","","","","0","20180718","230157","SYSTEM","20180718","230157","SYSTEM"
"0002010","日立アプライアンス","日立アプライアンス","ﾋﾀﾁｱﾌﾟﾗｲｱﾝ","","栃木県下都賀郡大平町大字富田800","","","0282-43-1122","","","","","","","0","20180718","230157","SYSTEM","20180718","230157","SYSTEM"
"0002011","日本ケミファ　茨城工場","日本ケミファ　茨城工","ﾆﾎﾝｹﾐﾌｧｲﾊﾞ","","茨城県筑西市藤ケ谷799-1","","","0296-37-2211","","","","","","","0","20180718","230157","SYSTEM","20180718","230157","SYSTEM"
"0002014","配送センタ-　米沢","配送センタ-　米沢","ﾊｲｿｳｾｾﾝﾀｰ","","山形県米沢市東大通3丁目8-26","","","0238-23-6161","","","","","","","0","20180718","230157","SYSTEM","20180806","143801","000001"
"0002016","昭和電工　喜多方ボイラー用Ｔ","昭和電工　喜多方ボイ","ｼｮｳﾃﾞﾝｺｳｷﾀ","","昭和電工　喜多方ボイラー用Ｔ","","","","","","","","","","0","20180718","230157","SYSTEM","20180718","230157","SYSTEM"
"0002017","サミット小名浜ｴｽﾊﾟﾜ-小名浜発電所","サミット小名浜ｴｽﾊﾟﾜ-","ｻﾐｯﾄｵﾅﾊﾏｴｽ","","福島県いわき市小名浜字渚2-4","","","0246-73-0750","","","","","","","0","20180718","230157","SYSTEM","20180718","230157","SYSTEM"
"0002018","野田市第2清掃工場","野田市第2清掃工場","ﾉﾀﾞｼﾀ","","千葉県野田市船形4236","","","0471-27-1500","","","","","","","0","20180718","230157","SYSTEM","20180718","230157","SYSTEM"
"0002019","永大小名浜パーティクルボード工場","永大小名浜パーティク","ｴｲﾀﾞｲｵﾅﾊﾏ","","福島県いわき市泉町滝尻字亀石2-4","","","0246-56-7352","","","","","","","0","20180718","230157","SYSTEM","20180718","230157","SYSTEM"
"0002020","東京ミツカン　館林工場","東京ミツカン　館林工","ﾄｳｷｮｳ","","群馬県館林市大島町字東部工業団地6031","","","0276-77-2311","","","","","","","0","20180718","230157","SYSTEM","20180718","230157","SYSTEM"
"0002022","三幸化学薬品　仙台倉庫","三幸化学薬品　仙台倉","ｻﾝｺｳｶｶﾞｸﾔｸ","","宮城県仙台市若林区荒井土才敷地内","","","022-288-1151","","","","","","","0","20180718","230157","SYSTEM","20180718","230157","SYSTEM"
"0002024","日本曹達　郡山工場","日本曹達　郡山工場","ﾆﾎﾝｿｳﾀﾞｺｵﾘ","","福島県郡山市笹川1丁目176","","","","","","","","","","0","20180718","230157","SYSTEM","20180718","230157","SYSTEM"
"0002025","大宮町宇留野浄水場","大宮町宇留野浄水場","ｵｵﾐﾔﾏﾁｳﾙﾉｼ","","茨城県常陸大宮市宇留野3030","","","0295-52-0427","","","","","","","0","20180718","230157","SYSTEM","20180718","230157","SYSTEM"
"0002026","日本天然ガス　横芝工場","日本天然ガス　横芝工","ﾆﾎﾝﾃﾝﾈﾝｶﾞｽ","","千葉県山武郡横芝光町屋形2501","","","0479-82-2600","","","","","","","0","20180718","230157","SYSTEM","20180718","230157","SYSTEM"
"0002027","裏磐梯ネコマホテル　独身寮","裏磐梯ネコマホテル","ｳﾗﾊﾞﾝ","","福島県耶麻郡北塩原村大字檜原字剣峰109","","","","","","","","","","0","20180718","230157","SYSTEM","20180718","230157","SYSTEM"
"0002030","群馬県県央第一水道事務所","群馬県県央第一水道事","ｸﾞﾝﾏｹ","","群馬県北群馬郡榛東村大字広馬場411-1","","","0279-54-8464","","","","","","","0","20180718","230157","SYSTEM","20180718","230157","SYSTEM"
"0002031","タンク洗浄休車保証料","タンク洗浄休車保証料","ﾀﾝｸｾﾝ","","タンク洗浄休車保証料","","","","","","","","","","0","20180718","230157","SYSTEM","20180718","230157","SYSTEM"
"0002032","東邦特殊パルプ　小山工場","東邦特殊パルプ　小山","ﾄｳﾎｳﾄｸｼｭﾊﾟ","","栃木県小山市大字間々田340","","","0285-45-1213","","","","","","","0","20180718","230157","SYSTEM","20180718","230157","SYSTEM"
"0002033","日本ｴﾚｸﾄﾛﾆｸｽ　茨城工場","日本ｴﾚｸﾄﾛﾆｸｽ　茨城工","ﾆﾎﾝｴﾚｸﾄﾛﾆｸ","","茨城県北茨城市中郷町日棚字宝喜644-12","","","0293-30-1777","","","","","","","0","20180718","230157","SYSTEM","20180718","230157","SYSTEM"
"0002034","四街道市第2浄水場","四街道市第2浄水場","ﾖﾂｶｲﾄ","","千葉県四街道市山梨1500","","","043-432-0257","","","","","","","0","20180718","230157","SYSTEM","20180718","230157","SYSTEM"
"0002035","遠野地区厚生施設組合し尿処理場","遠野地区厚生施設組合","ﾄｵﾉﾁｸ","","岩手県遠野市綾織町下綾織32-38-1","","","0198-62-2878","","","","","","","0","20180718","230157","SYSTEM","20180718","230157","SYSTEM"
"0002038","住友化学工業　千葉工場","住友化学工業　千葉工","ｽﾐﾄﾓｶｶﾞｸﾁﾊ","","千葉県市原市姉崎海岸5-1","","","0436-61-5800","","","","","","","0","20180718","230157","SYSTEM","20180718","230157","SYSTEM"
"0002039","東邦アーステック南浜プラント","東邦アーステック南浜","ﾄｳﾎｳｱｰｽﾃｯｸ","","新潟県新潟市北区太郎代字浜辺　1-831","","","025-229-2124","","","","","","","0","20180718","230157","SYSTEM","20180718","230157","SYSTEM"
"0002040","大洗・鉾田・水戸環境衛生組合","大洗・鉾田・水戸環境","ｵｵｱﾗｲﾎｺﾀﾐﾄ","","茨城県東茨城郡大洗町成田町4287","","","029-267-2898","","","","","","","0","20180718","230157","SYSTEM","20180718","230157","SYSTEM"
"0002042","JX金属（宮田町）","JX金属（宮田町）","ｼﾞｪｲｴｯｸｽ","","茨城県日立市宮田町3453","","","","","","","","","","0","20180718","230157","SYSTEM","20220617","111407","000002"
"0002048","第一エコー電化株式会社","第一エコー電化株式会","ﾀﾞｲｲﾁｴｺｰﾃﾞ","","茨城県板東市沓掛1988-1","","","0297-44-3821","","","","","","","0","20180718","230157","SYSTEM","20180718","230157","SYSTEM"
"0002049","小山市水道部若木浄水場","小山市水道部若木浄水","ﾜｶｷﾞｼﾞｮｳｽｲ","","栃木県小山市若木町1-8-10","","","0285-24-7618","","","","","","","0","20180718","230157","SYSTEM","20180718","230157","SYSTEM"
"0002050","福島第一食糧","福島第一食糧","ﾌｸｼﾏﾀﾞｲｲﾁｼ","","福島県福島市方木田字仲田23-3","","","","","","","","","","0","20180718","230157","SYSTEM","20180718","230157","SYSTEM"
"0002051","自動車営業センタ-","自動車営業センタ-","ｼﾞﾄﾞｳ","","福島県福島市北矢野目字下成田1-1","","","","","","","","","","0","20180718","230157","SYSTEM","20180718","230157","SYSTEM"
"0002055","ミツエイ　いわき工場","ミツエイ　いわき工場","ﾐﾂｴｲｲﾜｷｺｳｼ","","福島県いわき市中部工業団地6-5","","","0246-72-1218","","","","","","","0","20180718","230157","SYSTEM","20180718","230157","SYSTEM"
"0002059","フジフーズ　福島工場","フジフーズ　福島工場","ﾌｼﾞﾌｰｽﾞﾌｸｼ","","福島県須賀川市横山町45","","","","","","","","","","0","20180718","230157","SYSTEM","20180718","230157","SYSTEM"
"0002060","東海村最終処分場","東海村最終処分場","ﾄｳｶｲｻ","","茨城県那珂郡東海村大字村松2626-3","","","029-283-3890","","","","","","","0","20180718","230157","SYSTEM","20180718","230157","SYSTEM"
"0002061","倉福工業","倉福工業","ｸﾗﾌｸｺ","","宮城県刈田郡蔵王町宮字下原田70-1","","","0224-32-2335","","","","","","","0","20180718","230157","SYSTEM","20180718","230157","SYSTEM"
"0002062","日本特殊化学工業㈱小名浜工場","日本特殊化学工業㈱小","ﾆﾎﾝﾄｸｼｭｶｶﾞ","","いわき市泉町黒須野字江越246-11","","","0246-56-4651","","","","","","","0","20180718","230157","SYSTEM","20180718","230157","SYSTEM"
"0002063","日立製作所素形材本部","日立製作所素形材本部","ﾋﾀﾁｿｹ","","茨城県ひたちなか市堀口832-2","","","029-276-5708","","","","","","","0","20180718","230157","SYSTEM","20180718","230157","SYSTEM"
"0002064","福島ゴム","福島ゴム","ﾌｸｼﾏｺﾞﾑ","","福島県福島市宮代字堂ノ前28","","","024-553-1356","","","","","","","0","20180718","230157","SYSTEM","20180718","230157","SYSTEM"
"0002496","同仁社リースキン事業部","同仁社リースキン事業","ﾄﾞｳｼﾞﾝｼｬﾘｰ","","福島県伊達市伏黒字八反田2-1","","","024-584-2811","","","","","","","0","20180718","230157","SYSTEM","20180718","230157","SYSTEM"
"0002497","社会福祉法人飛鳥　はなまる共和国","社会福祉法人飛鳥　は","ﾊﾅﾏﾙｷｮｳﾜｺｸ","","福島県いわき市平上荒川字林作207-5","","","0246-46-1870","","","","","","","0","20180718","230157","SYSTEM","20180718","230157","SYSTEM"
"0002498","いわき明星大学","いわき明星大学","ｲﾜｷﾒｲｾｲﾀﾞｲ","","福島県いわき市中央台飯野5丁目5-1","","","0246-29-5111","","","","","","","0","20180718","230157","SYSTEM","20180718","230157","SYSTEM"
"0001299","日立製作所　土浦工場","日立製作所　土浦工場","ﾋﾀﾁｾｲ","","日立製作所　土浦工場","","","","","","","","","","0","20180718","230157","SYSTEM","20180718","230157","SYSTEM"
"0001301","日立電線　助川工場","日立電線　助川工場","ﾋﾀﾁﾃﾞ","","日立電線　助川工場","","","","","","","","","","0","20180718","230157","SYSTEM","20180718","230157","SYSTEM"
"0001305","シンニッタン高萩工場","シンニッタン高萩工場","ｼﾝﾆｯﾀ","","茨城県高萩市上手網朝山3333番地3","","","0293-24-6615","","","","","","","0","20180718","230157","SYSTEM","20180718","230157","SYSTEM"
"0001306","ＪＲ東日本郡山工場","ＪＲ東日本郡山工場","ｼﾞｪｲｱｰﾙﾋｶﾞｼﾆﾎﾝｺｵﾘ","","ＪＲ東日本郡山工場","","","","","","","","","","0","20180718","230157","SYSTEM","20180730","112213","000001"
"0001307","昭和コンクリート","昭和コンクリート","ｼｮｳﾜｺﾝｸﾘｰﾄ","","昭和コンクリート","","","","","","","","","","0","20180718","230157","SYSTEM","20180718","230157","SYSTEM"
"0001308","品川リフラクトリーズ","品川リフラクトリーズ","ｼﾅｶﾞﾜﾘﾌﾗｸﾄ","","福島県いわき市常磐岩ケ岡町岩崎1-1","","","0246-43-2121","","","","","","","0","20180718","230157","SYSTEM","20180718","230157","SYSTEM"
"0001309","JR東日本研修センター","JR東日本研修センター","ｼﾞｪｲｱｰﾙﾋｶﾞｼﾆﾎﾝｹﾝｼｭｳ","","JR東日本研修センター","","","","","","","","","","0","20180718","230157","SYSTEM","20180730","112313","000001"
"0001310","三景織物（サンテックいわき）","三景織物（サンテック","ｻﾝｹｲｵﾘﾓﾉ","","福島県いわき市好間工業団地1-33","","","0246-36-8811","","","","","","","0","20180718","230157","SYSTEM","20180718","230157","SYSTEM"
"0001312","スタンレーいわき製作所","スタンレーいわき製作","ｽﾀﾝﾚｰ","","スタンレーいわき製作所","","","","","","","","","","0","20180718","230157","SYSTEM","20180718","230157","SYSTEM"
"0001314","高橋工材","高橋工材","ﾀｶﾊｼｺｳｻﾞｲ","","福島県東白川郡棚倉町大字強梨字俵内123","","","0247-35-201","","","","","","","0","20180718","230157","SYSTEM","20180718","230157","SYSTEM"
"0001316","棚倉砕石工場","棚倉砕石工場","ﾀﾅｸﾗｻｲｾｷ","","棚倉砕石砕石工場","","","","","","","","","","0","20180718","230157","SYSTEM","20180730","112606","000001"
"0001321","三菱製鋼　宇都宮製作所","三菱製鋼　宇都宮製作","ﾐﾂﾋﾞｼｾｲｺｳｳ","","栃木県宇都宮市平出工業団地１","","","0286-61-4120","","","","","","","0","20180718","230157","SYSTEM","20180718","230157","SYSTEM"
"0001328","棚倉田舎倶楽部","棚倉田舎倶楽部","ﾀﾅｸﾞﾗ","","棚倉田舎倶楽部","","","","","","","","","","0","20180718","230157","SYSTEM","20180718","230157","SYSTEM"
"0001331","ソーダ仙台","ソーダ仙台","ｿｰﾀﾞｾ","","ソーダ仙台","","","","","","","","","","0","20180718","230157","SYSTEM","20180718","230157","SYSTEM"
"0001332","東北実業郡山支店","東北実業郡山支店","ﾄｳﾎｸｼﾞﾂｷﾞｮ","","福島県郡山市田村町金屋字川久保41","","","024-944-8881","","","","","","","0","20180718","230157","SYSTEM","20180718","230157","SYSTEM"
"0001335","田人カントリークラブ","田人カントリークラブ","ﾀﾋﾞﾄｶﾝﾄﾘｰｸﾗﾌﾞ","","田人カントリークラブ","","","","","","","","","","0","20180718","230157","SYSTEM","20180730","112703","000001"
"0001339","日本ベクトンディッキンソン","日本ベクトンディッキ","ﾆﾎﾝﾍﾞｸﾄﾝ","","福島県福島市土船字五反田1","","","024-594-1682","","","","","","","0","20180718","230157","SYSTEM","20180730","112734","000001"
"0001345","日東粉化工業","日東粉化工業","ﾆｯﾄｳﾌ","","日東粉化工業","","","","","","","","","","0","20180718","230157","SYSTEM","20180718","230157","SYSTEM"
"0001346","日東大都工業","日東大都工業","ﾆｯﾄｳﾀ","","日東大都工業","","","","","","","","","","0","20180718","230157","SYSTEM","20180718","230157","SYSTEM"
"0001347","NIPPOｺｰﾎﾟﾚｰｼｮﾝいわき合材工場","NIPPOｺｰﾎﾟﾚｰｼｮﾝいわき","ﾆｯﾎﾟｺｰﾎﾟﾚｰ","","福島県いわき市好間町北好間字猪ノ鼻41-1","","","0246-36-3000","","","","","","","0","20180718","230157","SYSTEM","20180718","230157","SYSTEM"
"0001348","日東グラスファイバー","日東グラスファイバー","ﾆｯﾄｳｸﾞﾗｽﾌｧ","","福島県郡山市富久山町福原字塩島1","","","0249-33-5567","","","","","","","0","20180718","230157","SYSTEM","20180718","230157","SYSTEM"
"0001349","日東理研","日東理研","ﾆｯﾄｳﾘ","","日東理研","","","","","","","","","","0","20180718","230157","SYSTEM","20180718","230157","SYSTEM"
"0001352","福島県醤油醸造協同組合","福島県醤油醸造協同組","ﾌｸｼﾏｹ","","福島県醤油醸造協同組合","","","","","","","","","","0","20180718","230157","SYSTEM","20180718","230157","SYSTEM"
"0001354","日立電線 日高工場","日立電線 日高工場","ﾋﾀﾁﾃﾞﾝｾﾝﾋﾀ","","茨城県日立市小木津町3500","","","0294-42-3151","","","","","","","0","20180718","230157","SYSTEM","20180718","230157","SYSTEM"
"0001355","日本ハイテクノロジーズ","日本ハイテクノロジー","ﾆﾎﾝﾊｲ","","日本ハイテクノロジーズ","","","","","","","","","","0","20180718","230157","SYSTEM","20180718","230157","SYSTEM"
"0001360","ベン","ベン","ﾍﾞﾝ","","福島県いわき市好間工業団地13","","","0246-36-7557","","","","","","","0","20180718","230157","SYSTEM","20180718","230157","SYSTEM"
"0001361","塙厚生病院","塙厚生病院","ﾊﾅﾜｺｳｾｲ","","塙厚生病院","","","","","","","","","","0","20180718","230157","SYSTEM","20180730","112831","000001"
"0001362","東白川農商高校","東白川農商高校","ﾋｶﾞｼｼﾗｶﾜ","","東白川農商高校","","","","","","","","","","0","20180718","230157","SYSTEM","20180730","112917","000001"
"0001364","裏磐梯グランデコ東急ホテル","裏磐梯グランデコ","ｳﾗﾊﾞﾝﾀﾞｲｸﾞﾗﾝﾃﾞｺﾄｳｷｭｳ","","福島県耶麻郡北塩原村大字檜原字西吾妻山","1102","","0241-32-3203","","","","","","","0","20180718","230157","SYSTEM","20181009","153107","000001"
"0001365","東白川中央病院","東白川中央病院","ﾋｶﾞｼｼﾗｶﾜﾁｭｳｵｳ","","東白川中央病院","","","","","","","","","","0","20180718","230157","SYSTEM","20180730","113051","000001"
"0001369","富士通ﾌｧｼﾘﾃｨｰｽﾞ会津若松","富士通ﾌｧｼﾘﾃｨｰｽﾞ会津","ﾌｼﾞﾂｳｱｲﾂﾞ","","福島県会津若松市門田工業団地4","","","0242-28-6120","","","","","","","0","20180718","230157","SYSTEM","20180718","230157","SYSTEM"
"0001377","松村総合病院","松村総合病院","ﾏﾂﾑﾗｿｳｺﾞｳ","","松村総合病院","","","","","","","","","","0","20180718","230157","SYSTEM","20180730","113135","000001"
"0001380","宮城シマダヤ郡山工場","宮城シマダヤ郡山工場","ﾐﾔｷﾞｼﾏﾀﾞﾔｺ","","福島県本宮市白岩字埋内930","","","0243-44-4181","","","","","","","0","20180718","230157","SYSTEM","20180718","230157","SYSTEM"
"0001381","湯遊ランドはなわ","湯遊ランドはなわ","ﾕｳﾕｳﾗﾝﾄﾞﾊﾅﾜ","","福島県東白川群塙町湯岐字立石21","","","0247-43-3000","","","","","","","0","20180718","230157","SYSTEM","20180730","113214","000001"
"0001382","ユーパル矢祭","ユーパル矢祭","ﾕｰﾊﾟﾙ","","ユーパル矢祭","","","","","","","","","","0","20180718","230157","SYSTEM","20180718","230157","SYSTEM"
"0001384","八溝砕石","八溝砕石","ﾔﾐｿﾞｻ","","八溝砕石","","","","","","","","","","0","20180718","230157","SYSTEM","20180718","230157","SYSTEM"
"0001386","ルネッサンス棚倉","ルネッサンス棚倉","ﾙﾈｯｻﾝ","","ルネッサンス棚倉","","","","","","","","","","0","20180718","230157","SYSTEM","20180718","230157","SYSTEM"
"0001387","レンゴー郡山工場","レンゴー郡山工場","ﾚﾝｺﾞｰｺｵﾘﾔﾏ","","福島県郡山市田村町山中字地照田","","","0249-55-2510","","","","","","","0","20180718","230157","SYSTEM","20180718","230157","SYSTEM"
"0001388","ルービィ工業","ルービィ工業","ﾙｰﾋﾞｨ","","ルービィ工業","","","","","","","","","","0","20180718","230157","SYSTEM","20180718","230157","SYSTEM"
"0001391","会津若松　ワシントンホテル","会津若松　ワシントン","ｱｲﾂﾞﾜｶﾏﾂﾜｼ","","福島県会津若松市白虎町201","","","0242-22-6111","","","","","","","0","20180718","230157","SYSTEM","20180718","230157","SYSTEM"
"0001393","日本原子力研究所　東海研究所","日本原子力研究所　東","ﾆﾎﾝｹﾞﾝｼﾘｮｸ","","茨城県那珂郡東海村大字白方白根2-4","","","","","","","","","","0","20180718","230157","SYSTEM","20180718","230157","SYSTEM"
"0001396","長岡中央浄化センター","長岡中央浄化センター","ﾅｶﾞｵｶﾁｭｳｵｳ","","新潟県長岡市寿3-4-3","","","0258-24-1646","","","","","","","0","20180718","230157","SYSTEM","20180718","230157","SYSTEM"
"0001397","長野県企業局上田水道管理事務所","長野県企業局上田水道","ｳｴﾀﾞｽｲﾄﾞｳ","","長野県上田市諏訪形613","","","0268-22-2110","","","","","","","0","20180718","230157","SYSTEM","20180718","230157","SYSTEM"
"0001430","グリーンアカデミーCC","グリーンアカデミーCC","ｸﾞﾘｰﾝｱｶﾃﾞﾐ","","福島県石川郡石川町中田字山桑248","","","0247-26-1171","","","","","","","0","20180718","230157","SYSTEM","20180718","230157","SYSTEM"
"0001443","荏原工業洗浄","荏原工業洗浄","ｴﾊﾞﾗｺ","","荏原工業洗浄","","","","","","","","","","0","20180718","230157","SYSTEM","20180718","230157","SYSTEM"
"0002065","東レフィルム加工㈱福島工場","東レフィルム加工㈱福","ﾄｳﾚﾌｨﾙﾑｶｺｳ","","福島県岩瀬郡鏡石町大字成田諏訪町380-8","","","0248-62-2200","","","","","","","0","20180718","230157","SYSTEM","20180718","230157","SYSTEM"
"0002066","栗田工業(小名浜)","栗田工業(小名浜)","ｸﾘﾀｺｳｷﾞｮｳｵ","","福島県いわき市小名浜字渚2-4ｻﾐｯﾄ小名浜","ｴｽﾊﾟﾜ-内","","0246-73-0750","","","","","","","0","20180718","230157","SYSTEM","20180718","230157","SYSTEM"
"0002067","郡山浄化センタ-","郡山浄化センタ-","ｺｵﾘﾔﾏｼﾞｮｳｶ","","福島県郡山市横塚3-1-1","","","0249-44-1267","","","","","","","0","20180718","230157","SYSTEM","20180806","142141","000001"
"0002068","阿部紙工","阿部紙工","ｱﾍﾞｼｺｳ","","福島県福島市庄野字柿場1-1","","","024-593-5111","","","","","","","0","20180718","230157","SYSTEM","20180718","230157","SYSTEM"
"0002070","オイシア","オイシア","ｵｲｼｱ","","栃木県宇都宮市清原工業団地23-7","","","028-667-7777","","","","","","","0","20180718","230157","SYSTEM","20180718","230157","SYSTEM"
"0002071","日本曹達　高岡工場","日本曹達　高岡工場","ﾆﾎﾝｿｳﾀﾞﾀｶｵ","","富山県高岡市向野本町３００","","","0766-26-0232","","","","","","","0","20180718","230157","SYSTEM","20180718","230157","SYSTEM"
"0002073","ジャパンエナジー京浜油槽所","ジャパンエナジー京浜","ｹｲﾋﾝﾕｿｳｼﾞｮ","","神奈川県横浜市鶴見区大黒町13-1","","","045-505-2120","","","","","","","0","20180718","230157","SYSTEM","20180718","230157","SYSTEM"
"0002074","十全チバフク郡山タンク","十全チバフク郡山タン","ｼﾞｭｳｾﾞﾝﾁﾊﾞ","","福島県郡山市田村町金屋字新家１１５－１","","","0249-43-1683","","","","","","","0","20180718","230157","SYSTEM","20180718","230157","SYSTEM"
"0002075","富久山","富久山","ﾌｸﾔﾏ","","福島県郡山市富久山町久保田155-4","","","024-933-9074","","","","","","","0","20180718","230157","SYSTEM","20180718","230157","SYSTEM"
"0002076","三菱ガス化学　新潟工場","三菱ガス化学　新潟工","ﾐﾂﾋﾞｼｶﾞｽｶｶ","","新潟県新潟市北区松浜3500","","","025-259-3165","","","","","","","0","20180718","230157","SYSTEM","20180718","230157","SYSTEM"
"0002078","マイクロハード","マイクロハード","ﾏｲｸﾛﾊｰﾄﾞ","","福島県西白河郡泉崎村中核工業団地30","","","0243-54-1000","","","","","","","0","20180718","230157","SYSTEM","20180718","230157","SYSTEM"
"0002079","日本パーカライジング　勝田工場","日本パーカライジング","ﾆﾎﾝﾊﾟｰｶﾗｲｼ","","茨城県ひたちなか市大字高場字下原1700-1","","","0292-72-5436","","","","","","","0","20180718","230157","SYSTEM","20180718","230157","SYSTEM"
"0002081","アステック会津","アステック会津","ｱｽﾃｯｸｱｲﾂﾞ","","福島県河沼郡河東町八田字石山374-1","","","0242-75-2562","","","","","","","0","20180718","230157","SYSTEM","20180718","230157","SYSTEM"
"0002082","双葉地方水道企業団施設課","双葉地方水道企業団施","ﾌﾀﾊﾞﾁﾎｳｽｲﾄ","","福島県双葉郡楢葉町大字上小塙字小山6-2","","","0240-25-5341","","","","","","","0","20180718","230157","SYSTEM","20180718","230157","SYSTEM"
"0002083","トーアエイヨー","トーアエイヨー","ﾄｰｱｴｲﾖｰ","","福島県福島市飯坂町湯野字田中1","","","024-542-3141","","","","","","","0","20180718","230157","SYSTEM","20180718","230157","SYSTEM"
"0002084","羽川西浄水場（小山市）","羽川西浄水場（小山市","ﾊﾈｶﾜﾆｼｼﾞｮｳ","","栃木県小山市大字黒本771","","","0285-24-3338","","","","","","","0","20180718","230157","SYSTEM","20180718","230157","SYSTEM"
"0002087","高萩ニチハ","高萩ニチハ","ﾀｶﾊｷﾞﾆﾁﾊ","","茨城県高萩市大字赤浜160-1","","","0293-22-0461","","","","","","","0","20180718","230157","SYSTEM","20180718","230157","SYSTEM"
"0002088","ｼﾞｬﾊﾟﾝｴﾅｼﾞｰＲＴＣ日立工場","ｼﾞｬﾊﾟﾝｴﾅｼﾞｰＲＴＣ日","ｼﾞｬﾊﾟﾝｴﾅｼﾞ","","茨城県日立市宮田町3453大雄院構内","","","0294-23-7170","","","","","","","0","20180718","230157","SYSTEM","20180718","230157","SYSTEM"
"0002091","福島県田村郡三春町水道課","福島県田村郡三春町水","ﾌｸｼﾏｹﾝﾀﾑﾗｸ","","福島県田村郡三春町大字込木字大志田201","","","0247-62-1116","","","","","","","0","20180718","230157","SYSTEM","20180718","230157","SYSTEM"
"0002092","いわき中央アスコンＪＶ","いわき中央アスコンＪ","ｲﾜｷﾁｭｳｵｳｱｽ","","福島県いわき市常磐三沢町堂ノ作6番","","","0246-29-1220","","","","","","","0","20180718","230157","SYSTEM","20180718","230157","SYSTEM"
"0002093","みちのくｺｶｺｰﾗﾎﾞﾄﾘﾝｸﾞ　秋田工場","みちのくｺｶｺｰﾗﾎﾞﾄﾘﾝｸﾞ","ﾐﾁﾉｸｺｶｺｰﾗﾎ","","秋田県秋田市川辺和田字坂本北560","","","018-882-2211","","","","","","","0","20180718","230157","SYSTEM","20180718","230157","SYSTEM"
"0002097","東邦アーステック　松浜プラント","東邦アーステック　松","ﾄｳﾎｳｱｰｽﾃｯｸ","","新潟県新潟市北区島見町4022-3","","","025-377-2711","","","","","","","0","20180718","230157","SYSTEM","20180718","230157","SYSTEM"
"0002099","クボタ空調（株）","クボタ空調（株）","ｸﾎﾞﾀｸｳﾁｮｳ","","栃木県宇都宮市平出工業団地22-2","","","028-661-3104","","","","","","","0","20180718","230157","SYSTEM","20180718","230157","SYSTEM"
"0002100","サンピア日立","サンピア日立","ｻﾝﾋﾟｱﾋﾀﾁ","","茨城県日立市みなと町6-1","","","0294-53-8000","","","","","","","0","20180718","230157","SYSTEM","20180718","230157","SYSTEM"
"0002101","橘石油　新開給油所","橘石油　新開給油所","ﾀﾁﾊﾞﾅｾｷﾕｼﾝ","","福島県伊達市梁川町字西土橋96-4","","","024-577-3548","","","","","","","0","20180718","230157","SYSTEM","20180718","230157","SYSTEM"
"0002102","京ｾﾗｻｰｷｯﾄｿﾘｭｰｼｮﾝ","京ｾﾗｻｰｷｯﾄｿﾘｭｰｼｮﾝ","ｷｮｳｾﾗｻｰｷｯﾄ","","新潟県新発田市五十野山崎5270","","","0254-22-8921","","","","","","","0","20180718","230157","SYSTEM","20180718","230157","SYSTEM"
"0002103","会津職業能力開発センター","会津職業能力開発セン","ｱｲﾂﾞｼｮｸｷﾞｮ","","福島県会津若松市神指町大字南四合字深川西","292","","0242-26-0515","","","","","","","0","20180718","230157","SYSTEM","20180718","230157","SYSTEM"
"0002104","旅館　湯乃家","旅館　湯乃家","ﾘｮｶﾝﾕﾉﾔ","","福島県福島市飯坂町湯野字湯ﾉ上26","","","024-542-4469","","","","","","","0","20180718","230157","SYSTEM","20190821","113535","000001"
"0002105","栄電子工業新潟事業所","栄電子工業新潟事業所","ｻｶｴﾃﾞﾝｼﾆｲｶ","","新潟県北蒲原郡聖籠町東港7丁目4763-13","","","025-256-1911","","","","","","","0","20180718","230157","SYSTEM","20180718","230157","SYSTEM"
"0002106","Ｊ-Ｑｕｅｓｔ黒磯","Ｊ-Ｑｕｅｓｔ黒磯","ｼﾞｪｲｸｴｽﾄｸﾛ","","栃木県那須塩原市共墾社123-13","","","0287-60-0102","","","","","","","0","20180718","230157","SYSTEM","20180718","230157","SYSTEM"
"0002107","東光タイヤ工業（株)那須工場","東光タイヤ工業（株)","ﾄｳｺｳﾀｲﾔｺｳｷ","","栃木県那須郡那須町大字漆塚792-4","","","0287-72-1500","","","","","","","0","20180718","230157","SYSTEM","20180718","230157","SYSTEM"
"0002108","(株)栃木テイト","(株)栃木テイト","ﾄﾁｷﾞﾃｲﾄ","","栃木県塩谷郡塩谷町大字田所2187","","","0287-45-1135","","","","","","","0","20180718","230157","SYSTEM","20180718","230157","SYSTEM"
"0002109","東栄化成　小野工場","東栄化成　小野工場","ﾄｳｴｲｶｾｲｵﾉｺ","","福島県田村郡小野町大字塩庭字向永志田3-25","","","0247-72-3135","","","","","","","0","20180718","230157","SYSTEM","20180718","230157","SYSTEM"
"0002110","県立坂下高校","県立坂下高校","ｹﾝﾘﾂﾊﾞﾝｹﾞｺ","","福島県河沼郡会津坂下町大字白狐字古川甲","1070","","","","","","","","","0","20180718","230157","SYSTEM","20180718","230157","SYSTEM"
"0002114","熊田商店　保原北ＳＳ","熊田商店　保原北ＳＳ","ｸﾏﾀﾞｼｮｳﾃﾝﾎ","","福島県伊達市保原町字六万坊48-1","","","024-576-2815","","","","","","","0","20180718","230157","SYSTEM","20180718","230157","SYSTEM"
"0002115","古河薬品","古河薬品","ｺｶﾞﾔｸﾋﾝ","","埼玉県北埼玉郡北川辺町柏戸740","","","0280-62-1011","","","","","","","0","20180718","230157","SYSTEM","20180718","230157","SYSTEM"
"0002117","ＡＦＤ　Ｉｎｃ．","ＡＦＤ　Ｉｎｃ．","ｴｰｴﾌﾃﾞｨｱｲｴ","","栃木県下都賀郡都賀町大字升塚161-2","","","0282-29-2211","","","","","","","0","20180718","230157","SYSTEM","20180718","230157","SYSTEM"
"0002119","日立エーアイシー　市原工場","日立エーアイシー　市","ﾋﾀﾁｴｰｱｲｼｰｲ","","千葉県市原市八幡海岸通3","昭和電工㈱千葉事業所内","","0436-43-3122","","","","","","","0","20180718","230157","SYSTEM","20180718","230157","SYSTEM"
"0002127","福島県立猪苗代養護学校","福島県立猪苗代養護学","ｹﾝﾘﾂｲﾅﾜｼﾛﾖ","","福島県耶麻郡猪苗代町大字長田字並柳西","３９６６－２","","0242-65-2151","","","","","","","0","20180718","230157","SYSTEM","20180718","230157","SYSTEM"
"0002128","三共有機合成　小田原工場","三共有機合成　小田原","ｻﾝｷｮｳﾕｳｷｺﾞ","","神奈川県小田原市高田４７７","","","0465-42-2174","","","","","","","0","20180718","230157","SYSTEM","20180718","230157","SYSTEM"
"0002130","トーシンエンジニアリング","トーシンエンジニアリ","ﾄｰｼﾝｴﾝｼﾞﾆｱ","","茨城県高萩市安良川２６７","","","0293-20-4321","","","","","","","0","20180718","230157","SYSTEM","20180718","230157","SYSTEM"
"0002131","サイゼリヤ","サイゼリヤ","ｻｲｾﾞﾘﾔ","","福島県白河市東上野出島字中山2-27","","","0248-34-1215","","","","","","","0","20180718","230157","SYSTEM","20180718","230157","SYSTEM"
"0010599","東京油槽","東京油槽","ﾄｳｷｮｳ","","あ","","","","","","","","","","0","20180803","133429","000003","20180803","133429","000003"
"0002132","東北三之橋相馬工場","東北三之橋相馬工場","ﾄｳﾎｸｻﾝﾉﾊｼ","","福島県相馬市光陽２－３－２","相馬中核工業団地東地区内","","0244-64-2121","","","","","","","0","20180718","230157","SYSTEM","20180718","230157","SYSTEM"
"0002133","山形大学工学部","山形大学工学部","ﾔﾏｶﾞﾀﾀﾞｲｶﾞ","","山形県米沢市城南4-3-16","","","0238-22-5181","","","","","","","0","20180718","230157","SYSTEM","20180718","230157","SYSTEM"
"0002134","日本ＣＭＫマルチ","日本ＣＭＫマルチ","ﾆﾎﾝｼｰｴﾑｹｰ","","新潟県北蒲原郡聖籠町東港3-75-6","","","025-256-1311","","","","","","","0","20180718","230157","SYSTEM","20180718","230157","SYSTEM"
"0002135","水沢化学工業　中条","水沢化学工業　中条","ﾐｽﾞｻﾜｶｶﾞｸｺ","","新潟県北蒲原郡中条町水沢町１－１","","","0254-43-4488","","","","","","","0","20180718","230157","SYSTEM","20180718","230157","SYSTEM"
"0002136","鹿角広域行政組合環境衛生センター","鹿角広域行政組合環境","ｶﾂﾞﾉｺｳｲｷｷﾞ","","秋田県鹿角市十和田毛馬内字鹿倉崎２６","","","","","","","","","","0","20180718","230157","SYSTEM","20180718","230157","SYSTEM"
"0002139","朝日生コン","朝日生コン","ｱｻﾋﾅﾏｺﾝ","","福島県河沼郡会津坂下町字舘ノ下１５０","","","0242-83-2144","","","","","","","0","20180718","230157","SYSTEM","20180718","230157","SYSTEM"
"0002142","常陸大宮市水道課","常陸大宮市水道課","ﾋﾀﾁｵｵﾐﾔｼｽｲ","","茨城県常陸大宮市字留野3030","","","0295-52-0427","","","","","","","0","20180718","230157","SYSTEM","20180718","230157","SYSTEM"
"0002143","米沢電線　八幡原工場","米沢電線　八幡原工場","ﾖﾈｻﾞﾜﾃﾞﾝｾﾝ","","山形県米沢市八幡原１－１－３","","","0238-28-9211","","","","","","","0","20180718","230157","SYSTEM","20180718","230157","SYSTEM"
"0002144","配送センター　会津若松","配送センター　会津若","ﾊｲｿｳｾﾝﾀｰｱｲ","","福島県会津若松市川原町６－１５","","","0242-26-3671","","","","","","","0","20180718","230157","SYSTEM","20180718","230157","SYSTEM"
"0002146","柏洋硝子　二本松工場","柏洋硝子　二本松工場","ﾊｸﾖｳｶﾞﾗｽ","","福島県二本松市長命233-1","","","0243-23-2021","","","","","","","0","20180718","230157","SYSTEM","20180718","230157","SYSTEM"
"0002149","住友化学千葉工場（袖ヶ浦）","住友化学千葉工場（袖","ｽﾐﾄﾓｶｶﾞｸﾁﾊ","","千葉県袖ヶ浦市北袖２－１","","","0436-61-5245","","","","","","","0","20180718","230157","SYSTEM","20180718","230157","SYSTEM"
"0002150","旭硝子千葉工場","旭硝子千葉工場","ｱｻﾋｶﾞﾗｽﾁﾊﾞ","","千葉県市原市五井海岸１０","","","0436-23-3125","","","","","","","0","20180718","230157","SYSTEM","20180718","230157","SYSTEM"
"0002151","日本ＣＭＫ　新潟サテライト","日本ＣＭＫ　新潟サテ","ﾆﾎﾝｼｰｴﾑｹｰﾆ","","新潟県北蒲原郡聖籠町東港3丁目７５－６","","","","","","","","","","0","20180718","230157","SYSTEM","20180718","230157","SYSTEM"
"0002152","ビクトリアンローズ","ビクトリアンローズ","ﾋﾞｸﾄﾘｱﾝﾛｰｽ","","福島県双葉郡浪江町大字権限堂字上続町１６","","","","","","","","","","0","20180718","230157","SYSTEM","20180718","230157","SYSTEM"
"0002153","同仁社リネンサプライ事業","同仁社リネンサプライ","ﾄﾞｳｼﾞﾝｼｬﾘﾈ","","福島県伊達市一本木66","","","024-583-3335","","","","","","","0","20180718","230157","SYSTEM","20180718","230157","SYSTEM"
"0002155","キッコーマン野田工場","キッコーマン野田工場","ｷｯｺｰﾏﾝﾉﾀﾞｺ","","千葉県野田市野田１１０","","","","","","","","","","0","20180718","230157","SYSTEM","20180718","230157","SYSTEM"
"0002158","山王東北工場","山王東北工場","ｻﾝﾉｳﾄｳﾎｸｺｳ","","福島県郡山市待池台2-5-6","","","024-963-0330","","","","","","","0","20180718","230157","SYSTEM","20180718","230157","SYSTEM"
"0002159","山形県下水道公社山形浄化センター","山形県下水道公社山形","ﾔﾏｶﾞﾀｼﾞｮｳｶ","","山形県天童市大字大町字西原１９１５","","","023-654-8400","","","","","","","0","20180718","230157","SYSTEM","20180718","230157","SYSTEM"
"0002160","茨城県企業局県西水道局新治浄水場","茨城県企業局県西水道","ﾆｲﾊﾘｼﾞｮｳｽｲ","","茨城県土浦市本郷1839","","","029-862-4485","","","","","","","0","20180718","230157","SYSTEM","20180718","230157","SYSTEM"
"0002163","山形県下水公社置賜浄化センター","山形県下水公社置賜浄","ｵｷﾀﾏｼﾞｮｳｶｾ","","山形県南陽市宮崎２４８－２","","","0238-40-3101","","","","","","","0","20180718","230157","SYSTEM","20180718","230157","SYSTEM"
"0002164","アサヒ飲料","アサヒ飲料","ｱｻﾋｲﾝﾘｮｳ","","千葉県柏市根戸新田水神前19","","","0471-32-2101","","","","","","","0","20180718","230157","SYSTEM","20180718","230157","SYSTEM"
"0002167","日本曹達　二本木工場","日本曹達　二本木工場","ﾆﾎﾝｿｳﾀﾞﾆﾎﾝ","","新潟県上越市中郷区藤沢９５０","","","0255-81-2300","","","","","","","0","20180718","230157","SYSTEM","20180718","230157","SYSTEM"
"0002168","富士重工業　宇都宮","富士重工業　宇都宮","ﾌｼﾞｼﾞｭｳｺｳ","","栃木県宇都宮市陽南1-1-11","","","0286-59-4804","","","","","","","0","20180718","230157","SYSTEM","20180718","230157","SYSTEM"
"0002169","オキタ鉱油　浄化センター","オキタ鉱油　浄化セン","ｵｷﾀｺｳﾕｼﾞｮｳ","","オキタ鉱油　浄化センター","","","","","","","","","","0","20180718","230157","SYSTEM","20180718","230157","SYSTEM"
"0002170","桑名商事","桑名商事","ｸﾜﾅｼｮｳｼﾞ","","栃木県真岡市寺内１４９３－１","","","0285-82-4638","","","","","","","0","20180718","230157","SYSTEM","20180718","230157","SYSTEM"
"0002171","ユニバーサル製缶　結城工場","ユニバーサル製缶　結","ﾕﾆﾊﾞｰｻﾙｾｲｶ","","茨城県結城市新堤仲通1-1","","","0296-33-3811","","","","","","","0","20180718","230157","SYSTEM","20180718","230157","SYSTEM"
"0002172","杉田製線","杉田製線","ｽｷﾞﾀｾｲｾﾝ","","東京都墨田区東墨田3-1-12","","","03-3617-0601","","","","","","","0","20180718","230157","SYSTEM","20180718","230157","SYSTEM"
"0002173","太平洋健康センター関の湯","太平洋健康センター関","ﾀｲﾍｲﾖｳｹﾝｺｳ","","福島県いわき市勿来町関田須賀1-4","","","0246-65-1126","","","","","","","0","20180718","230157","SYSTEM","20180718","230157","SYSTEM"
"0002174","仙波糖化工業　真岡第三工場","仙波糖化工業　真岡第","ｾﾝﾊﾞﾄｳｶｺｳｷ","","栃木県真岡市松山町2-1","","","0285-82-7171","","","","","","","0","20180718","230157","SYSTEM","20180718","230157","SYSTEM"
"0002175","気仙沼市下水道課　終末処理場","気仙沼市下水道課　終","ｹｾﾝﾇﾏｼｭｳﾏﾂ","","宮城県気仙沼市川口町2-110-1","","","0226-23-1010","","","","","","","0","20180718","230157","SYSTEM","20180718","230157","SYSTEM"
"0002178","山形県下水道公社村山浄化センター","山形県下水道公社村山","ﾑﾗﾔﾏｼﾞｮｳｶ","","山形県村山市大久保字寄込3876","","","0237-43-6124","","","","","","","0","20180718","230157","SYSTEM","20180718","230157","SYSTEM"
"0002179","シイエムケイ蒲原電子","シイエムケイ蒲原電子","ｼｲｴﾑｹｲｶﾝﾊﾞ","","新潟県五泉市村松工業団地1丁目2-5","","","0250-58-8737","","","","","","","0","20180718","230157","SYSTEM","20180718","230157","SYSTEM"
"0002181","ｱｲ･ｴｲﾁ･ｱｲ･ﾌｫｲﾄﾍﾟｰﾊﾟｰﾃｸﾉﾛｼﾞｰ","ｱｲ･ｴｲﾁ･ｱｲ･ﾌｫｲﾄﾍﾟｰﾊﾟｰ","ｱｲｴｲﾁｱｲﾌｫｲ","","福島県本宮市荒井字恵向60-10","","","0243-36-4768","","","","","","","0","20180718","230157","SYSTEM","20180718","230157","SYSTEM"
"0002182","タカノフーズ筑波工場","タカノフーズ筑波工場","ﾀｶﾉﾌｰｽﾞﾂｸﾊ","","茨城県小美玉市小岩戸1720-4","","","0299-48-4411","","","","","","","0","20180718","230157","SYSTEM","20180718","230157","SYSTEM"
"0002183","信越化学工業　松井田工場","信越化学工業　松井田","ｼﾝｴﾂｶｶﾞｸﾏﾂ","","群馬県安中市松井田町人見1-10","","","027-384-5656","","","","","","","0","20180718","230157","SYSTEM","20180718","230157","SYSTEM"
"0002184","北那須水道事務所","北那須水道事務所","ｷﾀﾅｽｽｲﾄﾞｳｼ","","栃木県那須塩原市百村3645","","","0287-69-0236","","","","","","","0","20180718","230157","SYSTEM","20180718","230157","SYSTEM"
"0002185","住友精化　別府工場","住友精化　別府工場","ｽﾐﾄﾓｾｲｶﾍﾞｯ","","兵庫県加古郡播磨町宮西346-1","別府製造所内","","0794-37-2103","","","","","","","0","20180718","230157","SYSTEM","20180718","230157","SYSTEM"
"0002186","エヌ・イーケムキャット沼津工場","エヌ・イーケムキャッ","ｴﾇ･ｲｰｹﾑｷｬｯ","","静岡県沼津市一本松678","","","0559-66-1080","","","","","","","0","20180718","230157","SYSTEM","20180718","230157","SYSTEM"
"0002187","エム・ティ・アイ","エム・ティ・アイ","ｴﾑﾃｨｱｲ","","福島県郡山市富久山町福原字上台11-1","","","024-922-4407","","","","","","","0","20180718","230157","SYSTEM","20180718","230157","SYSTEM"
"0002188","東北東ソー化学　酒田工場","東北東ソー化学　酒田","ﾄｳﾎｸﾄｳｿｰｶｶ","","山形県酒田市大浜1-4-16","","","0234-33-8826","","","","","","","0","20180718","230157","SYSTEM","20180718","230157","SYSTEM"
"0002190","ＪＦＥエンジニアリング","ＪＦＥエンジニアリン","ｼﾞｪｲｴﾌｲｴﾝｼ","","宮城県仙台市宮城野区港1-6-1JFE条鋼㈱場内","","","022-388-7742","","","","","","","0","20180718","230157","SYSTEM","20180718","230157","SYSTEM"
"0002191","須賀川市　西川浄水場","須賀川市　西川浄水場","ﾆｼｶﾜｼﾞｮｳｽｲ","","福島県須賀川市大袋町213西川浄水場地内","","","0248-73-2642","","","","","","","0","20180718","230157","SYSTEM","20180718","230157","SYSTEM"
"0002192","田野井染工","田野井染工","ﾀﾉｲｾﾝｺｳ","","福島県本宮市白岩字七里内933","","","0243-44-2992","","","","","","","0","20180718","230157","SYSTEM","20180718","230157","SYSTEM"
"0002193","花水館","花水館","ｶｽｲｶﾝ","","福島県福島市飯坂町西滝の町21","","","024-542-2211","","","","","","","0","20180718","230157","SYSTEM","20180718","230157","SYSTEM"
"0002194","白河市白河都市環境センター","白河市白河都市環境セ","ｼﾗｶﾜﾄｼｶﾝｷｮ","","福島県白河市大字本沼字鷹ノ巣2","","","0248-24-6630","","","","","","","0","20180718","230157","SYSTEM","20180718","230157","SYSTEM"
"0002195","管洋商店　油槽所","管洋商店　油槽所","ｶﾝﾖｳｼｮｳﾃﾝ","","福島県福島市方木田41-1","","","024-546-6197","","","","","","","0","20180718","230157","SYSTEM","20180718","230157","SYSTEM"
"0002198","中郷ニュータウン汐見ケ丘自治会","中郷ニュータウン汐見","ﾅｶｺﾞｳﾆｭｰﾀｳ","","茨城県北茨城市中郷町汐見ケ丘7-1258-66","","","0293-43-3373","","","","","","","0","20180718","230157","SYSTEM","20180718","230157","SYSTEM"
"0002199","東洋合成工業　千葉工場","東洋合成工業　千葉工","ﾄｳﾖｳｺﾞｳｾｲﾁ","","千葉県香取郡東庄町宮野台1-51","","","0478-87-1111","","","","","","","0","20180718","230157","SYSTEM","20180718","230157","SYSTEM"
"0002201","黒川地区広域環境衛生センター","黒川地区広域環境衛生","ｸﾛｶﾜﾁｸｺｳｲｷ","","宮城県黒川郡大和町鶴巣大平字勝負沢5-1","","","022-343-2149","","","","","","","0","20180718","230157","SYSTEM","20180718","230157","SYSTEM"
"0002202","油研工業袋田工場","油研工業袋田工場","ﾕｹﾝｺｳｷﾞｮｳﾌ","","茨城県久慈郡大子町北田気65","","","0295-72-0425","","","","","","","0","20180718","230157","SYSTEM","20180718","230157","SYSTEM"
"0002203","松下ビジネスサービス","松下ビジネスサービス","ﾏﾂｼﾀﾋﾞｼﾞﾈｽ","","新潟県妙高市栗原4-5-1","","","0255-72-9118","","","","","","","0","20180718","230157","SYSTEM","20180718","230157","SYSTEM"
"0002204","県立田島高等学校","県立田島高等学校","ｹﾝﾘﾂﾀｼﾞﾏｺｳ","","福島県南会津郡南会津町字田部原260","","","0241-62-2909","","","","","","","0","20180718","230157","SYSTEM","20180718","230157","SYSTEM"
"0002205","JX金属　(白銀3丁目)","JX金属　(白銀3丁目","ｼﾞｪｲｴｯｸｽ","","茨城県日立市白銀町3-3-1","","","0294-24-1131","","","","","","","0","20180718","230157","SYSTEM","20220617","111246","000002"
"0002206","三京　東港工場","三京　東港工場","ｻﾝｷｮｳﾋｶﾞｼｺ","","新潟県新潟市北区島見町3399-35","","","025-255-3364","","","","","","","0","20180718","230157","SYSTEM","20180718","230157","SYSTEM"
"0002207","第一生コン","第一生コン","ﾀﾞｲｲﾁﾅﾏｺﾝ","","福島県福島市荒井字横塚3-202","","","024-593-2960","","","","","","","0","20180718","230157","SYSTEM","20180718","230157","SYSTEM"
"0002208","東洋合成工業高浜油槽所","東洋合成工業高浜油槽","ﾄｳﾖｳｺﾞｳｾｲｺ","","千葉県市川市高浜町7番地","","","047-395-2151","","","","","","","0","20180718","230157","SYSTEM","20180718","230157","SYSTEM"
"0002211","興栄電気産業","興栄電気産業","ｺｳｴｲﾃﾞﾝｷｻﾝ","","山形県長井市九野本4104","","","0238-84-2889","","","","","","","0","20180718","230157","SYSTEM","20180718","230157","SYSTEM"
"0002214","キャノン化成　岩間工場","キャノン化成　岩間工","ｷｬﾉﾝｶｾｲｲﾜﾏ","","茨城県笠間市安居字上平2600-36","","","0299-45-8111","","","","","","","0","20180718","230157","SYSTEM","20180718","230157","SYSTEM"
"0002215","コスモステージ金井沢","コスモステージ金井沢","ｺｽﾓｽﾃｰｼﾞｶﾈ","","福島県南会津郡南会津町金井沢沢田17","","","0241-62-5111","","","","","","","0","20180718","230157","SYSTEM","20180718","230157","SYSTEM"
"0002216","星建材運輸","星建材運輸","ﾎｼｹﾝｻﾞｲｳﾝﾕ","","福島県南会津郡南会津町田島字田部原46-1","","","0241-62-4868","","","","","","","0","20180718","230157","SYSTEM","20180718","230157","SYSTEM"
"0002217","仙台ニコン","仙台ニコン","ｾﾝﾀﾞｲﾆｺﾝ","","宮城県名取市田高字原277","","","022-384-0011","","","","","","","0","20180718","230157","SYSTEM","20180718","230157","SYSTEM"
"0002218","信越化学工業直江津工場","信越化学工業直江津工","ｼﾝｴﾂｶｶﾞｸﾅｵ","","新潟県上越市頚城区西福島28-1","","","025-545-2021","","","","","","","0","20180718","230157","SYSTEM","20180718","230157","SYSTEM"
"0002219","能代火力発電所","能代火力発電所","ﾉｼﾛｶﾘｮｸﾊﾂﾃ","","秋田県能代市字大森山1-6","","","0185-55-0291","","","","","","","0","20180718","230157","SYSTEM","20180718","230157","SYSTEM"
"0002220","クラレ新潟事業所","クラレ新潟事業所","ｸﾗﾚﾆｲｶﾞﾀ","","新潟県胎内市倉敷町2-28","","","0254-43-2566","","","","","","","0","20180718","230157","SYSTEM","20180718","230157","SYSTEM"
"0002221","マルイチ　平潟給油所","マルイチ　平潟給油所","ﾏﾙｲﾁ","","茨城県北茨城市平潟町895-1","","","0293-46-5557","","","","","","","0","20180718","230157","SYSTEM","20180718","230157","SYSTEM"
"0002222","冨士ダイス　郡山製造所","冨士ダイス　郡山製造","ﾌｼﾞﾀﾞｲｽｺｵﾘ","","福島県郡山市待池台2丁目2-8","","","0249-63-2221","","","","","","","0","20180718","230157","SYSTEM","20180718","230157","SYSTEM"
"0002223","ニッソー樹脂磯原工場","ニッソー樹脂磯原工場","ﾆｯｿｰｼﾞｭｼｲｿ","","茨城県北茨城市磯原町磯原1274","","","0293-42-2021","","","","","","","0","20180718","230157","SYSTEM","20180718","230157","SYSTEM"
"0002224","岩手電気工業","岩手電気工業","ｲﾜﾃﾃﾞﾝｷｺｳｷ","","岩手県北上市和賀町仙人1地割7-15","","","0197-74-2224","","","","","","","0","20180718","230157","SYSTEM","20180718","230157","SYSTEM"
"0002225","ｼﾞｬﾊﾟﾝｺｰﾃｨﾝｸﾞﾚｼﾞﾝ　茨城","ｼﾞｬﾊﾟﾝｺｰﾃｨﾝｸﾞﾚｼﾞﾝ","ｼﾞｬﾊﾟﾝｺｰﾃｨ","","茨城県北茨城市華川町臼場駒木187-61","","","0293-43-2811","","","","","","","0","20180718","230157","SYSTEM","20180718","230157","SYSTEM"
"0002226","山形県下水道公社庄内浄化センター","山形県下水道公社庄内","ｼｮｳﾅｲｼﾞｮｳｶ","","山形県東田川郡庄内町家根合字大下11","","","0234-42-3888","","","","","","","0","20180718","230157","SYSTEM","20180718","230157","SYSTEM"
"0002227","陸上自衛隊福島駐屯地","陸上自衛隊福島駐屯地","ﾘｸｼﾞｮｳｼﾞｴｲ","","福島県福島市荒井原宿1","","","024-593-1212","","","","","","","0","20180718","230157","SYSTEM","20180718","230157","SYSTEM"
"0002228","東山グランドホテル","東山グランドホテル","ﾋｶﾞｼﾔﾏｸﾞﾗﾝ","","福島県会津若松市東山町大字湯本字上湯本5","","","0242-27-3500","","","","","","","0","20180718","230157","SYSTEM","20180718","230157","SYSTEM"
"0002229","会津若松地方水道用水供給企業団馬","会津若松地方水道用水","ｳﾏｺｼｼﾞｮｳｽｲ","","福島県大沼郡会津美里町大字穂馬字宮ノ上乙","1010","","0242-56-4192","","","","","","","0","20180718","230157","SYSTEM","20180718","230157","SYSTEM"
"0002230","武蔵野　仙台工場","武蔵野　仙台工場","ﾑｻｼﾉｾﾝﾀﾞｲ","","宮城県多賀城市栄4-3-3","","","022-366-2411","","","","","","","0","20180718","230157","SYSTEM","20180718","230157","SYSTEM"
"0002231","武田産業本宮南給油所","武田産業本宮南給油所","ﾀｹﾀﾞｻﾝｷﾞｮｳ","","福島県本宮市大字荒井字山神42-10","","","0243-33-3455","","","","","","","0","20180718","230157","SYSTEM","20180718","230157","SYSTEM"
"0002232","シナネン郡山営業所","シナネン郡山営業所","ｼﾅﾈﾝｺｵﾘﾔﾏｴ","","福島県郡山市深田台34-5","","","024-995-3321","","","","","","","0","20180718","230157","SYSTEM","20180718","230157","SYSTEM"
"0002233","宮城県下水道公社石巻浄化センター","宮城県下水道公社石巻","ｲｼﾉﾏｷｼﾞｮｳｶ","","宮城県石巻市蛇田字新〆切5-2","","","0225-94-1970","","","","","","","0","20180718","230157","SYSTEM","20180718","230157","SYSTEM"
"0002235","宮城県下水道公社　大和浄化ｾﾝﾀｰ","宮城県下水道公社　大","ﾀﾞｲﾜｼﾞｮｳｶｾ","","宮城県黒川郡大和町鶴巣下草字作内田93","","","022-343-2328","","","","","","","0","20180718","230157","SYSTEM","20180718","230157","SYSTEM"
"0002236","宮城県下水道公社鹿島台浄化ｾﾝﾀｰ","宮城県下水道公社鹿島","ｶｼﾏﾀﾞｲｼﾞｮｳ","","宮城県大崎市鹿島台木間塚字新三ツ屋160","","","0229-56-3111","","","","","","","0","20180718","230157","SYSTEM","20180718","230157","SYSTEM"
"0002237","宮城県下水道公社石巻東部浄化","宮城県下水道公社石巻","ｲｼﾉﾏｷﾄｳﾌﾞｼ","","宮城県石巻市魚町1-1-1","","","","","","","","","","0","20180718","230157","SYSTEM","20180718","230157","SYSTEM"
"0002238","銚子市都市部芦崎終末処理場","銚子市都市部芦崎終末","ｱｼｻﾞｷｼｭｳﾏﾂ","","千葉県銚子市芦崎1102","","","0479-33-2088","","","","","","","0","20180718","230157","SYSTEM","20180718","230157","SYSTEM"
"0002240","郡山市水道局荒井浄水場","郡山市水道局荒井浄水","ｱﾗｲｼﾞｮｳｽｲｼ","","福島県郡山市荒井町字仲田51","","","024-944-4789","","","","","","","0","20180718","230157","SYSTEM","20180718","230157","SYSTEM"
"0002241","共同企業体　郡山中央アスコン","共同企業体　郡山中央","ｷｮｳﾄﾞｳｷｷﾞｮ","","福島県郡山市田村町岩作字四十坦164","","","0249-55-3005","","","","","","","0","20180718","230157","SYSTEM","20180718","230157","SYSTEM"
"0002243","JX金属環境","JX金属環境","ｷﾝｿﾞｸｶﾝｷｮｳ","","茨城県日立市宮田町3453","","","0294-21-1711","","","","","","","0","20180718","230157","SYSTEM","20180718","230157","SYSTEM"
"0002245","木崎浄水場","木崎浄水場","ｷｻﾞｷｼﾞｮｳｽｲ","","茨城県那珂市南酒出403-1","","","029-295-2451","","","","","","","0","20180718","230157","SYSTEM","20180718","230157","SYSTEM"
"0002246","クレストヒルズゴルフクラブ","クレストヒルズゴルフ","ｸﾚｽﾄﾋﾙｽﾞｺﾞ","","福島県いわき市渡辺町上釜戸字橋の上216","","","0246-56-0111","","","","","","","0","20180718","230157","SYSTEM","20180718","230157","SYSTEM"
"0002247","石巻地方広域水道企業団蛇田浄水場","石巻地方広域水道企業","ﾍﾋﾞﾀｼﾞｮｳｽｲ","","宮城県石巻市蛇田字新上沼82","","","0225-95-1539","","","","","","","0","20180718","230157","SYSTEM","20180718","230157","SYSTEM"
"0002248","宮城県下水道公社石越浄化センター","宮城県下水道公社石越","ｲｼｺｼｼﾞｮｳｶｾ","","宮城県登米市石越市町東郷字六反新田14-2","","","","","","","","","","0","20180718","230157","SYSTEM","20180718","230157","SYSTEM"
"0002249","東亜鍍金工場","東亜鍍金工場","ﾄｳｱﾒｯｷｺｳｼﾞ","","茨城県ひたちなか市津田東2丁目1-7","","","029-274-4311","","","","","","","0","20180718","230157","SYSTEM","20180718","230157","SYSTEM"
"0002250","エフオン白河","エフオン白河","ｴﾌｵﾝｼﾗｶﾜ","","福島県白河市大信中信新城字塩沢45-5","","","0248-54-5750","","","","","","","0","20180718","230157","SYSTEM","20180718","230157","SYSTEM"
"0002251","東洋合成工業　市川工場","東洋合成工業　市川","ﾄｳﾖｳｺﾞｳｾｲｲ","","千葉県市川市上妙典1603番地","","","047-327-8080","","","","","","","0","20180718","230157","SYSTEM","20220224","180429","000005"
"0002252","いわき市水道局四倉ポンプ場","いわき市水道局四倉ポ","ｲﾜｷﾖﾂｸﾗﾎﾟﾝ","","福島県いわき市四倉町字田戸6-6","","","","","","","","","","0","20180718","230157","SYSTEM","20180718","230157","SYSTEM"
"0002253","ルネサス那珂ｾﾐｺﾝﾀﾞｸﾀ本社工場","ルネサス那珂ｾﾐｺﾝﾀﾞｸﾀ","ﾙﾈｻｽﾅｶｾﾐｺﾝ","","茨城県ひたちなか市堀口730番地","","","029-270-2866","","","","","","","0","20180718","230157","SYSTEM","20180718","230157","SYSTEM"
"0002254","ラビスパ裏磐梯","ラビスパ裏磐梯","ﾗﾋﾞｽﾊﾟｳﾗﾊﾞ","","福島県耶麻郡北塩原村大字大塩字桜峠","8664-4-5","","0241-33-2200","","","","","","","0","20180718","230157","SYSTEM","20180718","230157","SYSTEM"
"0002255","井上香料製造所米沢","井上香料製造所米沢","ｲﾉｳｴｺｳﾘｮｳｾ","","山形県米沢市米幡原3-446-16","","","0238-29-0088","","","","","","","0","20180718","230157","SYSTEM","20180718","230157","SYSTEM"
"0002256","日立ﾘｱﾙｴｽﾃｰﾄﾊﾟｰﾄﾅｰｽﾞ","日立ﾘｱﾙｴｽﾃｰﾄﾊﾟｰﾄﾅｰｽﾞ","ﾋﾀﾁﾘｱﾙｴｽﾃｰﾄﾊﾟｰﾄﾅｰｽﾞ","","茨城県土浦市神立町603","","","0298-31-5111","","","","","","","0","20180718","230157","SYSTEM","20201222","104425","000002"
"0002257","梅郷電子","梅郷電子","ｳﾒｻﾄﾃﾞﾝｼ","","千葉県野田市山崎2749","","","0471-25-0711","","","","","","","0","20180718","230157","SYSTEM","20180718","230157","SYSTEM"
"0002258","那須塩原市役所黒磯水処理センター","那須塩原市役所黒磯水","ｸﾛｲｿﾐｽﾞｼｮﾘ","","栃木県那須塩原市鍋掛1085","","","0287-64-1161","","","","","","","0","20180718","230157","SYSTEM","20180718","230157","SYSTEM"
"0002259","宮城県大崎広域水道中峰浄水場","宮城県大崎広域水道中","ﾁｭｳﾎｳｼﾞｮｳｽ","","宮城県黒川郡大和町吉田字中峰134","","","","","","","","","","0","20180718","230157","SYSTEM","20180718","230157","SYSTEM"
"0002261","石巻地方広域水道企業団須江山浄水","石巻地方広域水道企業","ｽｴﾔﾏｼﾞｮｳｽｲ","","宮城県石巻市須江字関ノ入290","","","0225-73-2911","","","","","","","0","20180718","230157","SYSTEM","20180718","230157","SYSTEM"
"0002262","浅麓環境施設組合","浅麓環境施設組合","ｾﾝﾛｸｶﾝｷｮｳｼ","","長野県小諸市甲甲1845","","","0267-22-7710","","","","","","","0","20180718","230157","SYSTEM","20180718","230157","SYSTEM"
"0002263","宮城県下水道公社仙塩処理場","宮城県下水道公社仙塩","ｾﾝｴﾝｼｮﾘｼﾞｮ","","宮城県多賀城市大代6-4-1","","","022-364-2005","","","","","","","0","20180718","230157","SYSTEM","20180718","230157","SYSTEM"
"0002264","東京コンテナ工業　茨城","東京コンテナ工業　茨","ﾄｳｷｮｳｺﾝﾃﾅ","","茨城県つくばみらい市台字西農地1801","","","0297-52-5211","","","","","","","0","20180718","230157","SYSTEM","20180718","230157","SYSTEM"
"0002265","芳野浄水場","芳野浄水場","ﾖｼﾉｼﾞｮｳｽｲ","","茨城県那珂市戸","","","","","","","","","","0","20180718","230157","SYSTEM","20180718","230157","SYSTEM"
"0002266","大和薬品","大和薬品","ﾀﾞｲﾜﾔｸﾋﾝ","","宮城県仙台市宮城野区日の出町1-2-1","","","022-284-0931","","","","","","","0","20180718","230157","SYSTEM","20180718","230157","SYSTEM"
"0002267","ＡＧＣエレクトロニクス本宮事業所","ＡＧＣエレクトロニク","ｴｰｼﾞｰｼｰｴﾚｸ","","福島県本宮市荒井字恵向121-3","","","0243-63-5260","","","","","","","0","20180718","230157","SYSTEM","20180718","230157","SYSTEM"
"0002268","ＪＦＥｴﾝｼﾞﾆｱﾘﾝｸﾞ　環境ｴﾝｼﾞﾆｱﾘﾝｸ","ＪＦＥｴﾝｼﾞﾆｱﾘﾝｸﾞ　環","ｼﾞｪｲｴﾌｲｴﾝｼ","","埼玉県大里郡寄居町大字三ケ山313","","","","","","","","","","0","20180718","230157","SYSTEM","20180718","230157","SYSTEM"
"0002269","陸上自衛隊勝田駐屯部隊　施設学校","陸上自衛隊勝田駐屯部","ﾘｸｼﾞｮｳｼﾞｴｲ","","茨城県ひたちなか市勝倉3433","","","029-274-3211","","","","","","","0","20180718","230157","SYSTEM","20180718","230157","SYSTEM"
"0002270","クォーツリードいわき工場","クォーツリードいわき","ｸｫｰﾂﾘｰﾄﾞｲﾜ","","福島県いわき市勿来町酒井七反田22-4","","","","","","","","","","0","20180718","230157","SYSTEM","20180718","230157","SYSTEM"
"0002271","高田油店","高田油店","ﾀｶﾀﾞｱﾌﾞﾗﾃﾝ","","福島県東白川郡棚倉町大字棚倉字北町156-1","","","0247-33-3016","","","","","","","0","20180718","230157","SYSTEM","20180718","230157","SYSTEM"
"0002272","関東富士興産販売","関東富士興産販売","ｶﾝﾄｳﾌｼﾞｺｳｻ","","茨城県水戸市酒門町2628-1","","","","","","","","","","0","20180718","230157","SYSTEM","20180718","230157","SYSTEM"
"0002273","ﾏﾃﾘｱﾙｴｺﾘﾌｧｲﾝ小名浜工場","ﾏﾃﾘｱﾙｴｺﾘﾌｧｲﾝ小名浜工","ﾏﾃﾘｱﾙｴｺﾘﾌｧ","","福島県いわき市小名浜字吹松15-1","","","0246-54-5183","","","","","","","0","20180718","230157","SYSTEM","20180718","230157","SYSTEM"
"0002275","協同特殊鋼線","協同特殊鋼線","ｷｮｳﾄﾞｳﾄｸｼｭ","","埼玉県入間市狭山ｹ原11-3","","","042-934-6111","","","","","","","0","20180718","230157","SYSTEM","20180718","230157","SYSTEM"
"0002278","ＭＡＲＵＷＡ　ＱＵＡＲＴＺいわき","ＭＡＲＵＷＡ　ＱＵＡ","ﾏﾙﾜｸｳｫｰﾂｲﾜ","","福島県いわき市勿来町大高館ノ内1","","","0246-65-2101","","","","","","","0","20180718","230157","SYSTEM","20180718","230157","SYSTEM"
"0002282","津軽広域水道企業団総合浄水場","津軽広域水道企業団総","ｿｳｺﾞｳｼﾞｮｳｽ","","青森県黒石市大字石名坂字姥懐2","","","0172-52-6033","","","","","","","0","20180718","230157","SYSTEM","20180718","230157","SYSTEM"
"0002286","ﾊﾟﾅｿﾆｯｸｲﾝﾀﾞｽﾄﾘｰ郡山","ﾊﾟﾅｿﾆｯｸｲﾝﾀﾞｽﾄﾘｰ","ﾊﾟﾅｿﾆｯｸ","","福島県郡山市字石塚111","","","024-944-2870","","","","","","","0","20180718","230157","SYSTEM","20231017","132731","000002"
"0002288","宇都宮　ＯＴ","宇都宮　ＯＴ","ｳﾂﾉﾐﾔｵｰﾃｨｰ","","栃木県河内郡上三川町大字多功字天沼2425","","","0285-53-2133","","","","","","","0","20180718","230157","SYSTEM","20180718","230157","SYSTEM"
"0002289","林精器製造　本社工場","林精器製造　本社工場","ﾊﾔｼｾｲｷｾｲｿﾞ","","福島県須賀川市森宿字向日向45","","","0248-75-3151","","","","","","","0","20180718","230157","SYSTEM","20180718","230157","SYSTEM"
"0002296","福島プラスチックス","福島プラスチックス","ﾌｸｼﾏﾌﾟﾗｽﾁｯ","","福島県本宮市荒井字恵向88","","","0243-36-3931","","","","","","","0","20180718","230157","SYSTEM","20180718","230157","SYSTEM"
"0002298","中越アドバンス","中越アドバンス","ﾁｭｳｴﾂｱﾄﾞﾊﾞ","","福島県いわき市小名浜島字八ツ替8-1","","","0246-58-1147","","","","","","","0","20180718","230157","SYSTEM","20180718","230157","SYSTEM"
"0002299","板橋精機岩間工場","板橋精機岩間工場","ｲﾀﾊﾞｼｾｲｷｲﾜ","","茨城県笠間市吉岡154","","","0299-45-3131","","","","","","","0","20180718","230157","SYSTEM","20180718","230157","SYSTEM"
"0002305","バイオパワー勝田　タクマ作業所","バイオパワー勝田　タ","ﾊﾞｲｵﾊﾟﾜｰｶﾂ","","茨城県ひたちなか市大字高野1976-2","","","029-354-3736","","","","","","","0","20180718","230157","SYSTEM","20180718","230157","SYSTEM"
"0002306","東新工業いわき工場","東新工業いわき工場","ﾄｳｼﾝｺｳｷﾞｮｳ","","福島県いわき市好間工業団地16-11","","","0246-47-1800","","","","","","","0","20180718","230157","SYSTEM","20180718","230157","SYSTEM"
"0002307","花泉酒造","花泉酒造","ﾊﾅｲｽﾞﾐｼｭｿﾞ","","福島県南会津郡南会津町界中田440-4","","","0241-73-2029","","","","","","","0","20180718","230157","SYSTEM","20180718","230157","SYSTEM"
"0002311","福島芝浦電子","福島芝浦電子","ﾌｸｼﾏｼﾊﾞｳﾗﾃ","","福島県本宮市糠沢字東笹田66-5","","","0243-44-3017","","","","","","","0","20180718","230157","SYSTEM","20180718","230157","SYSTEM"
"0002313","日本果実加工","日本果実加工","ﾆﾎﾝｶｼﾞﾂｶｺｳ","","福島県白河市東深仁井田字道山2-4","","","0248-34-3611","","","","","","","0","20180718","230157","SYSTEM","20180718","230157","SYSTEM"
"0002314","日本天然ガス　千葉工場","日本天然ガス　千葉工","ﾆﾎﾝﾃﾝﾈﾝｶﾞｽ","","千葉県長生郡白子町幸治3200-7","","","0475-33-3162","","","","","","","0","20180718","230157","SYSTEM","20180718","230157","SYSTEM"
"0002315","日本天然ガス","日本天然ガス","ﾆﾎﾝﾃﾝﾈﾝｶﾞｽ","","千葉県長生郡白子町南日当2508","","","0475-33-3553","","","","","","","0","20180718","230157","SYSTEM","20180718","230157","SYSTEM"
"0002317","青山製作所　茨城工場","青山製作所　茨城工場","ｱｵﾔﾏｾｲｻｸｼﾞ","","茨城県ひたちなか市津田東2-1","","","029-272-4335","","","","","","","0","20180718","230157","SYSTEM","20180718","230157","SYSTEM"
"0010428","ﾛｰﾏﾝ工業","ﾛｰﾏﾝ工業","ﾛｰﾏﾝ","236-0004","神奈川県横浜市金沢区福浦１丁目１０－４","","","","","","","","","","0","20180803","133554","000003","20220309","092504","000005"
"0002318","日本大学工学部","日本大学工学部","ﾆﾎﾝﾀﾞｲｶﾞｸｺ","","福島県郡山市田村町徳定字中河原1","","","024-956-8618","","","","","","","0","20180718","230157","SYSTEM","20180718","230157","SYSTEM"
"0002320","仙台市茂庭浄水場","仙台市茂庭浄水場","ﾓﾆﾜｼﾞｮｳｽｲｼ","","宮城県仙台市太白区茂庭字上野原山128","","","022-281-2211","","","","","","","0","20180718","230157","SYSTEM","20180718","230157","SYSTEM"
"0002321","生化学工業高萩工場","生化学工業高萩工場","ｾｲｶｶﾞｸｺｳｷﾞ","","茨城県高萩市大字赤浜字松久保258-5","","","0293-23-1181","","","","","","","0","20180718","230157","SYSTEM","20180718","230157","SYSTEM"
"0002322","吉田化学工業　茨城工場","吉田化学工業　茨城工","ﾖｼﾀﾞｶｶﾞｸｺｳ","","茨城県坂東市神田山2169","","","0297-35-7057","","","","","","","0","20180718","230157","SYSTEM","20180718","230157","SYSTEM"
"0002324","仙台市国見浄水場","仙台市国見浄水場","ｸﾆﾐｼﾞｮｳｽｲｼ","","宮城県仙台市青葉区国見6-51-1","","","022-234-4236","","","","","","","0","20180718","230157","SYSTEM","20180718","230157","SYSTEM"
"0002325","日立製作所　日立勝田発電所","日立製作所　日立勝田","ﾋﾀﾁｾｲｻｸｼﾞｮ","","茨城県ひたちなか市大字堀口382-2","素形材センタ内","","029-276-5792","","","","","","","0","20180718","230157","SYSTEM","20180718","230157","SYSTEM"
"0002326","エム・セテック相馬工場","エム・セテック相馬工","ｴﾑｾﾃｯｸ","","福島県相馬市光陽2-2-21","","","0244-64-2321","","","","","","","0","20180718","230157","SYSTEM","20180718","230157","SYSTEM"
"0002327","本宮市水道局東禅寺浄水場","本宮市水道局東禅寺浄","ﾄｳｾﾞﾝｼﾞｼﾞｮ","","福島県本宮市糠沢字東禅寺351","","","","","","","","","","0","20180718","230157","SYSTEM","20180718","230157","SYSTEM"
"0002328","会津ゼネラル磐梯インター給油所","会津ゼネラル磐梯イン","ﾊﾞﾝﾀﾞｲｲﾝﾀｰ","","福島県会津若松市河東町八田字漆沢124","","","0242-76-1600","","","","","","","0","20180718","230157","SYSTEM","20180718","230157","SYSTEM"
"0002329","岩手中部広域水道企業団","岩手中部広域水道企業","ｲﾜﾃﾁｭｳﾌﾞｺｳ","","岩手県北上市和賀町煤孫3地割320-6","","","0197-73-5300","","","","","","","0","20180718","230157","SYSTEM","20180718","230157","SYSTEM"
"0002330","北茨城環境センター","北茨城環境センター","ｷﾀｲﾊﾞﾗｷｶﾝｷ","","茨城県北茨城市中郷町足荒911-3","","","0293-42-0438","","","","","","","0","20180718","230157","SYSTEM","20180718","230157","SYSTEM"
"0002331","小坂製錬","小坂製錬","ｺｻｶｾｲﾚﾝ","","秋田県鹿角郡小坂町小坂鉱山字尾樽部60-1","","","0186-29-2731","","","","","","","0","20180718","230157","SYSTEM","20180718","230157","SYSTEM"
"0002332","日立ＯＴ","日立ＯＴ","ﾋﾀﾁｵｰﾃｨｰ","","茨城県日立市大甕町5-3-2","","","0294-52-0400","","","","","","","0","20180718","230157","SYSTEM","20180718","230157","SYSTEM"
"0002333","松代工業","松代工業","ﾏﾂﾀﾞｲｺｳｷﾞｮ","","長野県長野市松代町東条354","","","026-278-2419","","","","","","","0","20180718","230157","SYSTEM","20180718","230157","SYSTEM"
"0002334","三菱重工業プラ・交ＩＧＣＣ実証機","三菱重工業プラ・交Ｉ","ﾐﾂﾋﾞｼｼﾞｭｳｺ","","福島県いわき岩間町川田102-3","","","0246-62-1541","","","","","","","0","20180718","230157","SYSTEM","20180718","230157","SYSTEM"
"0002335","ｼﾞｬﾊﾟﾝｴﾅｼﾞｰ船川出荷事務所","ｼﾞｬﾊﾟﾝｴﾅｼﾞｰ船川出荷","ﾌﾅｶﾜｼｭｯｶｼﾞ","","秋田県男鹿市船川港船川字芦沢162-1","","","0185-23-2855","","","","","","","0","20180718","230157","SYSTEM","20180718","230157","SYSTEM"
"0002336","日本ﾍﾙｽ工業盛岡事業所(中川ﾎﾟﾝﾌﾟ)","日本ﾍﾙｽ工業盛岡事業","ﾆﾎﾝﾍﾙｽｺｳｷﾞ","","岩手県盛岡市盛岡駅西通2-1-15","","","019-651-9741","","","","","","","0","20180718","230157","SYSTEM","20180718","230157","SYSTEM"
"0002337","弘前地区環境整備組合中央衛生ｾﾝﾀｰ","弘前地区環境整備組合","ﾋﾛｻｷﾁｸｶﾝｷｮ","","青森県弘前市大字高杉字神原282-136","","","","","","","","","","0","20180718","230157","SYSTEM","20180718","230157","SYSTEM"
"0002338","長野県企業局松塩水道用水管理事務","長野県企業局松塩水道","ﾏﾂｼｵｽｲﾄﾞｳﾖ","","長野県塩尻市大字宗賀本山5225-1","","","0263-52-3330","","","","","","","0","20180718","230157","SYSTEM","20180718","230157","SYSTEM"
"0002340","茨城地方広域環境事務組合","茨城地方広域環境事務","ｲﾊﾞﾗｷﾁﾎｳｺｳ","","茨城県東茨城郡茨城町大字馬渡244","","","0292-92-0090","","","","","","","0","20180718","230157","SYSTEM","20180718","230157","SYSTEM"
"0002343","インターテック川崎営業所","インターテック川崎営","ｲﾝﾀｰﾃｯｸｶﾜｻ","","神奈川県川崎市川崎区東扇島84番地","","","044-288-7177","","","","","","","0","20180718","230157","SYSTEM","20180718","230157","SYSTEM"
"0002345","郡山市場配送センタークラウンＳＳ","郡山市場配送センター","ｺｵﾘﾔﾏｲﾁﾊﾞﾊ","","福島県郡山市富久山町久保田字太郎殿前2","","","024-944-1582","","","","","","","0","20180718","230157","SYSTEM","20180718","230157","SYSTEM"
"0002349","日東化工","日東化工","ﾆｯﾄｳｶｺｳ","","神奈川県高座郡寒川町一之宮6丁目1-3","","","046-774-3111","","","","","","","0","20180718","230157","SYSTEM","20180718","230157","SYSTEM"
"0002350","ＦＣＩジャパン","ＦＣＩジャパン","ｴﾌｼｱｲｼﾞｬﾊﾟ","","茨城県石岡市柏原9-1","","","0299-23-6101","","","","","","","0","20180718","230157","SYSTEM","20180718","230157","SYSTEM"
"0002352","大村紙業東北事業所","大村紙業東北事業所","ｵｵﾑﾗｼｷﾞｮｳﾄ","","福島県二本松市平石高田4丁目163-1","","","0243-23-5335","","","","","","","0","20180718","230157","SYSTEM","20180718","230157","SYSTEM"
"0002353","マーサリゾートゴルフクラブ","マーサリゾートゴルフ","ﾏｰｻﾘｿﾞｰﾄｺﾞ","","福島県田村郡小野町大字塩庭字平内157-1","","","0247-71-0051","","","","","","","0","20180718","230157","SYSTEM","20180718","230157","SYSTEM"
"0002354","ちゃぽランド西郷","ちゃぽランド西郷","ﾁｬﾎﾟﾗﾝﾄﾞﾆｼ","","福島県西白河郡西郷村大字真船字馬立1","","","0248-36-2626","","","","","","","0","20180718","230157","SYSTEM","20180718","230157","SYSTEM"
"0002355","NIPPOｺｰﾎﾟﾚｰｼｮﾝ若松合材工場","NIPPOｺｰﾎﾟﾚｰｼｮﾝ若松合","ﾆｯﾎﾟｺｰﾎﾟﾚｰ","","福島県会津若松市河東町八田字高野下甲105","","","0242-75-3003","","","","","","","0","20180718","230157","SYSTEM","20180718","230157","SYSTEM"
"0002360","双葉地方水道大熊営業所第一水源地","双葉地方水道大熊営業","ﾀﾞｲｲﾁｽｲｹﾞﾝ","","福島県双葉郡大熊町大字熊字熊町660","","","0240-31-0911","","","","","","","0","20180718","230157","SYSTEM","20180718","230157","SYSTEM"
"0002363","カメイ　いわき油槽所","カメイ　いわき油槽所","ｶﾒｲｲﾜｷﾕｿｳｼﾞｮ","","福島県いわき市常磐岩ケ岡町沢目66-4","","","0246-44-4711","","","","","","","0","20180718","230157","SYSTEM","20190121","102258","000001"
"0002364","サンヨー缶詰　瀬上工場","サンヨー缶詰　瀬上工","ｻﾝﾖｰｶﾝｽﾞﾒ","","福島県福島市瀬上町字幸町6","","","024-553-5072","","","","","","","0","20180718","230157","SYSTEM","20180718","230157","SYSTEM"
"0002365","コバックス（小林川俣倉庫）","コバックス（小林川俣","ｺﾊﾞｯｸｽ","","福島県伊達郡川俣町飯坂古中道1","","","024-566-3344","","","","","","","0","20180718","230157","SYSTEM","20180718","230157","SYSTEM"
"0002366","二戸地区広域行政二戸地区衛生ｾﾝﾀｰ","二戸地区広域行政二戸","ﾆﾉﾍﾁｸｴｲｾｲｾ","","岩手県二戸市下斗米字細越20-1","","","0195-23-2651","","","","","","","0","20180718","230157","SYSTEM","20180718","230157","SYSTEM"
"0002367","林精器製造　玉川工場","林精器製造　玉川工場","ﾊﾔｼｾｲｷｾｲｿﾞ","","福島県石川郡玉川村大字竜崎字原作田27-1","","","0247-37-1480","","","","","","","0","20180718","230157","SYSTEM","20180718","230157","SYSTEM"
"0002370","県立郡山北工業高校","県立郡山北工業高校","ｹﾝﾘﾂｺｵﾘﾔﾏｷ","","福島県郡山市八山田二丁目224","","","024-932-1199","","","","","","","0","20180718","230157","SYSTEM","20180718","230157","SYSTEM"
"0002375","フルヤ金属","フルヤ金属","ﾌﾙﾔｷﾝｿﾞｸ","","茨城県土浦市沢辺字下原57-4","","","029-830-6777","","","","","","","0","20180718","230157","SYSTEM","20180718","230157","SYSTEM"
"0002376","福島県立青陵情報高等学校","福島県立青陵情報高等","ｹﾝﾘﾂｾｲﾘｮｳｼ","","福島県須賀川市滑川字西町179-6","","","0248-72-1515","","","","","","","0","20180718","230157","SYSTEM","20180718","230157","SYSTEM"
"0002380","カメイ白河油槽所","カメイ白河油槽所","ｶﾒｲｼﾗｶﾜﾕｿｳ","","福島県白河市中野山2-63","","","0248-31-0465","","","","","","","0","20180718","230157","SYSTEM","20180718","230157","SYSTEM"
"0002382","カメイ福島油槽所","カメイ福島油槽所","ｶﾒｲﾌｸｼﾏﾕｿｳ","","福島県福島市森合町15-3","","","024-531-5427","","","","","","","0","20180718","230157","SYSTEM","20180718","230157","SYSTEM"
"0002384","末廣酒造　博士蔵","末廣酒造　博士蔵","ｽｴﾋﾛｼｭｿﾞｳﾋ","","福島県大沼郡会津美里町字宮里81","","","0242-54-7788","","","","","","","0","20180718","230157","SYSTEM","20180718","230157","SYSTEM"
"0002388","双葉地方広域市町村組合南部衛生ｾﾝ","双葉地方広域市町村組","ﾌﾀﾊﾞﾅﾝﾌﾞｴｲ","","福島県双葉郡楢葉町大字上繁岡字山神160-2","","","0240-25-4609","","","","","","","0","20180718","230157","SYSTEM","20180718","230157","SYSTEM"
"0002389","相馬地方広域水道企業団","相馬地方広域水道企業","ｿｳﾏﾁﾎｳｺｳｲｷ","","福島県相馬市大野台２丁目3-5","","","0244-35-6702","","","","","","","0","20180718","230157","SYSTEM","20180718","230157","SYSTEM"
"0002390","ＤＩＣインテリア福島工場","ＤＩＣインテリア福島","ﾃﾞｨｰｱｲｼｰｲﾝ","","福島県石川郡平田村大字駒形字小舘270-8","","","0247-54-2990","","","","","","","0","20180718","230157","SYSTEM","20180718","230157","SYSTEM"
"0002392","ﾌﾛﾝﾃｨｱｴﾈﾙｷﾞｰ新潟　新潟発電所","ﾌﾛﾝﾃｨｱｴﾈﾙｷﾞｰ新潟　新","ﾌﾛﾝﾃｨｱｴﾈﾙｷ","","新潟県新潟市北区太郎代1345-5","","","025-257-4647","","","","","","","0","20180718","230157","SYSTEM","20180718","230157","SYSTEM"
"0002393","四季彩一力","四季彩一力","ｼｷｻｲｲﾁﾘｷ","","福島県郡山市熱海町熱海4-161","","","024-984-2115","","","","","","","0","20180718","230157","SYSTEM","20180718","230157","SYSTEM"
"0002394","ミヤマ工業","ミヤマ工業","ﾐﾔﾏｺｳｷﾞｮｳ","","福島県双葉郡楢葉町大字波倉字小浜作12","","","","","","","","","","0","20180718","230157","SYSTEM","20180718","230157","SYSTEM"
"0002397","ﾊﾟｲﾝﾗﾝﾄﾞ　みさきﾌﾟﾚｽﾃｰｼﾞﾘｿﾞｰﾄ","ﾊﾟｲﾝﾗﾝﾄﾞ　みさきﾌﾟﾚｽ","ﾊﾟｲﾝﾗﾝﾄﾞﾐｻ","","福島県いわき市小名浜下神白字大作9","","","0246-92-1117","","","","","","","0","20180718","230157","SYSTEM","20180718","230157","SYSTEM"
"0002398","東曹産業　仙台工場","東曹産業　仙台工場","ﾄｳｿｳｻﾝｷﾞｮｳ","","宮城県仙台市宮城野区港４丁目12-17","","","022-259-6090","","","","","","","0","20180718","230157","SYSTEM","20180718","230157","SYSTEM"
"0002399","陽日の郷あづま館","陽日の郷あづま館","ｱﾂﾞﾏｶﾝ","","福島県二本松市岳温泉1-5","","","0243-24-2211","","","","","","","0","20180718","230157","SYSTEM","20180718","230157","SYSTEM"
"0002400","東三番館","東三番館","ﾋｶﾞｼｻﾝﾊﾞﾝｶ","","福島県二本松市岳温泉1-7","","","0243-24-3311","","","","","","","0","20180718","230157","SYSTEM","20180718","230157","SYSTEM"
"0002401","いさみや","いさみや","ｲｻﾐﾔ","","福島県二本松市田沢字明内56","","","0243-56-2603","","","","","","","0","20180718","230157","SYSTEM","20180718","230157","SYSTEM"
"0002405","ホテルアルファーワンいわき","ホテルアルファーワン","ﾎﾃﾙｱﾙﾌｧｰﾜﾝ","","福島県いわき市平字大工町6-6","","","0246-22-8888","","","","","","","0","20180718","230157","SYSTEM","20180718","230157","SYSTEM"
"0002406","カメイ須賀川油槽所","カメイ須賀川油槽所","ｶﾒｲｽｶｶﾞﾜﾕｿ","","福島県須賀川市江持五林平203","","","0248-72-0351","","","","","","","0","20180718","230157","SYSTEM","20180718","230157","SYSTEM"
"0002407","福島県文化振興事業団県文化ｾﾝﾀｰ","福島県文化振興事業団","ﾌｸｼﾏｹﾝﾌﾞﾝｶ","","福島県福島市春日町5-54","","","024-534-9191","","","","","","","0","20180718","230157","SYSTEM","20180718","230157","SYSTEM"
"0002410","いわき市平競輪場","いわき市平競輪場","ｲﾜｷﾀｲﾗｹｲﾘﾝ","","福島県いわき市平谷川瀬字西作1","","","0246-23-3751","","","","","","","0","20180718","230157","SYSTEM","20180718","230157","SYSTEM"
"0002412","近藤産業高見工場","近藤産業高見工場","ｺﾝﾄﾞｳｻﾝｷﾞｮ","","新潟県長岡市東高見2-1-4","","","0258-24-7155","","","","","","","0","20180718","230157","SYSTEM","20180718","230157","SYSTEM"
"0002414","山形県企業局置賜地区水道事務所","山形県企業局置賜地区","ｵｷﾀﾏﾁｸｽｲﾄﾞ","","山形県米沢市笹野町字大森下八7409-1","","","0238-38-2912","","","","","","","0","20180718","230157","SYSTEM","20180718","230157","SYSTEM"
"0002415","三久商事　小名浜港給油所","三久商事　小名浜港給","ｻﾝｷｭｳｼｮｳｼﾞ","","福島県いわき市小名浜字吹松1-1","","","0246-53-2202","","","","","","","0","20180718","230157","SYSTEM","20180718","230157","SYSTEM"
"0002416","特別養護老人ホームこまち荘","特別養護老人ホームこ","ﾄｸﾍﾞﾂﾖｳｺﾞﾛ","","福島県田村郡小野町大字小野新町字美売57","","","0247-72-4566","","","","","","","0","20180718","230157","SYSTEM","20180718","230157","SYSTEM"
"0002417","箭内商店","箭内商店","ﾔﾅｲｼｮｳﾃﾝ","","福島県田村市船引町要田字寺向58","","","0247-62-5515","","","","","","","0","20180718","230157","SYSTEM","20180718","230157","SYSTEM"
"0002418","常磐興産ピーシー","常磐興産ピーシー","ｼﾞｮｳﾊﾞﾝｺｳｻ","","福島県いわき市好間工業団地16-1","","","0246-36-6860","","","","","","","0","20180718","230157","SYSTEM","20180718","230157","SYSTEM"
"0002420","双葉産業廃棄物処理公社","双葉産業廃棄物処理公","ﾌﾀﾊﾞｻﾝﾊﾟｲｼ","","福島県双葉郡大熊町小入野東大和久183-3","","","0240-32-6170","","","","","","","0","20180718","230157","SYSTEM","20180718","230157","SYSTEM"
"0002421","味覚糖　福島工場","味覚糖　福島工場","ﾐｶｸﾄｳ","","福島県白河市萱根桑ｹ作18-15","","","0248-21-0885","","","","","","","0","20180718","230157","SYSTEM","20180718","230157","SYSTEM"
"0002422","富里市役所水道事業所","富里市役所水道事業所","ﾄﾐｻﾄｼﾔｸｼｮｽ","","千葉県富里市七栄651-122","","","0476-93-3340","","","","","","","0","20180718","230157","SYSTEM","20180718","230157","SYSTEM"
"0002429","栃木ミツカン","栃木ミツカン","ﾄﾁｷﾞﾐﾂｶﾝ","","栃木県栃木市大塚町2436","","","0282-27-3113","","","","","","","0","20180718","230157","SYSTEM","20180718","230157","SYSTEM"
"0002430","相馬双葉漁業協同組合　磯部支所","相馬双葉漁業協同組合","ｿｳﾏﾌﾀﾊﾞｷﾞｮ","","福島県相馬市磯部字大洲38-3","","","0244-33-5111","","","","","","","0","20180718","230157","SYSTEM","20180718","230157","SYSTEM"
"0002433","クリーンコールパワー研究所","クリーンコールパワー","ｸﾘｰﾝｺｰﾙﾊﾟﾜ","","福島県いわき市佐糠町大島20","","","0246-77-3111","","","","","","","0","20180718","230157","SYSTEM","20180718","230157","SYSTEM"
"0002434","常磐プラスチック工業","常磐プラスチック工業","ｼﾞｮｳﾊﾞﾝﾌﾟﾗ","","福島県いわき市常磐上湯長谷町梅ｹ平69-2","","","","","","","","","","0","20180718","230157","SYSTEM","20180718","230157","SYSTEM"
"0002436","西村山広域行政寒河江地区ｸﾘｰﾝｾﾝﾀｰ","西村山広域行政寒河江","ｻｶﾞｴｸﾘｰﾝｾﾝ","","山形県寒河江市大字日田232","","","0237-84-4225","","","","","","","0","20180718","230157","SYSTEM","20180718","230157","SYSTEM"
"0002437","三京　本社","三京　本社","ｻﾝｷｮｳﾎﾝｼｬ","","長野県中野市大字江部字立畷770","","","0269-22-3639","","","","","","","0","20180718","230157","SYSTEM","20180718","230157","SYSTEM"
"0002441","玉崎浄水場","玉崎浄水場","ﾀﾏｻｷｼﾞｮｳｽｲ","","宮城県岩沼市南長谷字宿1","","","0223-22-3345","","","","","","","0","20180718","230157","SYSTEM","20180718","230157","SYSTEM"
"0002442","芝浦工業大学高校ｾﾐﾅｰﾊｳｽ","芝浦工業大学高校ｾﾐﾅｰ","ｼﾊﾞｳﾗｺｳｷﾞｮ","","福島県南会津郡南会津町高枝原740","","","0241-78-2793","","","","","","","0","20180718","230157","SYSTEM","20180718","230157","SYSTEM"
"0002444","ＳＭＣコンクリート　四倉工場","ＳＭＣコンクリート","ｴｽｴﾑｼｺﾝｸﾘｰ","","福島県いわき市四倉町上仁井田千歳52","","","0246-32-3131","","","","","","","0","20180718","230157","SYSTEM","20180718","230157","SYSTEM"
"0002447","エヌビーエル仙台","エヌビーエル仙台","ｴﾇﾋﾞｰｴﾙｾﾝﾀ","","宮城県岩沼市押分字須加原92","","","0223-24-3881","","","","","","","0","20180718","230157","SYSTEM","20180718","230157","SYSTEM"
"0002451","長岡市水道局　寺泊水道営業所","長岡市水道局　寺泊水","ﾃﾗﾄﾞﾏﾘｽｲﾄﾞ","","新潟県長岡市寺泊町軽井238-1","","","0256-98-2485","","","","","","","0","20180718","230157","SYSTEM","20180718","230157","SYSTEM"
"0002452","ライフフーズ　第二工場","ライフフーズ　第二工","ﾗｲﾌﾌｰｽﾞﾀﾞｲ","","福島県郡山市富久山町久保田字太郎殿前40","","","024-941-2177","","","","","","","0","20180718","230157","SYSTEM","20180718","230157","SYSTEM"
"0002453","ＩＨＩ瑞穂工場","ＩＨＩ瑞穂工場","ｱｲｴｲﾁｱｲﾐｽﾞ","","東京都西多摩郡瑞穂町殿ヶ谷229","","","024-568-7141","","","","","","","0","20180718","230157","SYSTEM","20180718","230157","SYSTEM"
"0002467","双葉地方水道企業団　小山浄水場","双葉地方水道企業団","ｵﾔﾏｼﾞｮｳｽｲｼ","","福島県双葉郡楢葉町大字上小塙字小山6-2","","","0240-25-5341","","","","","","","0","20180718","230157","SYSTEM","20180718","230157","SYSTEM"
"0002469","菅波病院","菅波病院","ｽｶﾞﾅﾐﾋﾞｮｳｲ","","福島県いわき市四倉町字東1丁目54","","","0246-32-7001","","","","","","","0","20180718","230157","SYSTEM","20180718","230157","SYSTEM"
"0002484","イワタボルト栃木工場","イワタボルト栃木工場","ｲﾜﾀﾎﾞﾙﾄﾄﾁｷ","","栃木県塩谷郡塩谷町大字田所字八汐1601-6","","","0287-45-1051","","","","","","","0","20180718","230157","SYSTEM","20180718","230157","SYSTEM"
"0002485","会津高原夢開発　だいくらスキー場","会津高原夢開発　だい","ｱｲﾂﾞｺｳｹﾞﾝﾀ","","福島県南会津郡南会津町針生昼滝山857-150","","","0241-64-2121","","","","","","","0","20180718","230157","SYSTEM","20180718","230157","SYSTEM"
"0002486","ﾓﾘﾏｰｺﾝﾎﾟｼﾞｯﾄ 中郷工場","ﾓﾘﾏｰｺﾝﾎﾟｼﾞｯﾄ 中郷工","ﾓﾘﾏｰｺﾝﾎﾟｼﾞ","","茨城県北茨城市中郷町日棚室壺1597-4","","","0293-42-7852","","","","","","","0","20180718","230157","SYSTEM","20180718","230157","SYSTEM"
"0002487","浅田化学工業筑波工場","浅田化学工業筑波工場","ｱｻﾀﾞｶｶﾞｸ","","茨城県常総市大生郷町6138-9","","","0297-24-1100","","","","","","","0","20180718","230157","SYSTEM","20180718","230157","SYSTEM"
"0002488","双葉砕石工業　熱海事業所","双葉砕石工業　熱海事","ﾌﾀﾊﾞｻｲｾｷｺｳ","","福島県郡山市熱海町高玉字荒戸沢1","","","024-984-3336","","","","","","","0","20180718","230157","SYSTEM","20180718","230157","SYSTEM"
"0002489","福島県立勿来工業高校","福島県立勿来工業高校","ｹﾝﾘﾂﾅｺｿｺｳｷ","","福島県いわき市植田町堂の作10","","","0246-63-5135","","","","","","","0","20180718","230157","SYSTEM","20180718","230157","SYSTEM"
"0001473","東部ネットワーク郡山","東部ネットワーク郡山","ﾄｳﾌﾞﾈ","","郡山市富久山町福原字東苗内37-1","","","","","","","","","","0","20180718","230157","SYSTEM","20180718","230157","SYSTEM"
"0001495","ブリジストン黒磯工場","ブリジストン黒磯工場","ﾌﾞﾘｼﾞｽﾄﾝｸﾛ","","栃木県那須塩原市下中野800","","","0287-65-3111","","","","","","","0","20180718","230157","SYSTEM","20180718","230157","SYSTEM"
"0001504","田村東部環境衛生組合","田村東部環境衛生組合","ﾀﾑﾗﾄｳ","","田村東部環境衛生組合","","","","","","","","","","0","20180718","230157","SYSTEM","20180718","230157","SYSTEM"
"0001524","ホテル玉川","ホテル玉川","ﾎﾃﾙﾀﾏ","","ホテル玉川","","","","","","","","","","0","20180718","230157","SYSTEM","20180718","230157","SYSTEM"
"0001547","福島県立南会津病院","福島県立南会津病院","ｹﾝﾘﾂｱｲﾂﾞﾐﾅ","","福島県南会津郡南会津町永田字風下14-1","","","0241-62-7111","","","","","","","0","20180718","230157","SYSTEM","20180718","230157","SYSTEM"
"0001556","沼尻保養センターぼなり","沼尻保養センターぼな","ﾇﾏｼﾞﾘﾎﾖｳｾﾝ","","福島県耶麻郡猪苗代町大字蚕養字沼尻山甲","２８５５","","0242-64-3333","","","","","","","0","20180718","230157","SYSTEM","20180718","230157","SYSTEM"
"0001559","リベラルヒルズゴルフクラブ","リベラルヒルズゴルフ","ﾘﾍﾞﾗﾙﾋﾙｽﾞ","","福島県双葉郡富岡町大字本岡字上本町578","","","","","","","","","","0","20180718","230157","SYSTEM","20180718","230157","SYSTEM"
"0001560","日立製作所通信ネットワーク　郡山","日立製作所通信ネット","ﾋﾀﾁｾｲｻｸｼｮ","","福島県郡山市字船場向94","","","0249-44-1221","","","","","","","0","20180718","230157","SYSTEM","20180718","230157","SYSTEM"
"0001562","渡辺組石川合材所","渡辺組石川合材所","ﾜﾀﾅﾍﾞｸﾞﾐｲｼ","","福島県石川郡石川町字長久保285-1","","","0247-26-3077","","","","","","","0","20180718","230157","SYSTEM","20180718","230157","SYSTEM"
"0001563","ひらた中央病院","ひらた中央病院","ﾋﾗﾀﾁｭｳｵｳﾋﾞ","","福島県石川郡平田村大字上蓬田字清水内4","","","0247-56-3333","","","","","","","0","20180718","230157","SYSTEM","20180718","230157","SYSTEM"
"0001568","旭硝子　鹿島工場","旭硝子　鹿島工場","ｱｻﾋｶﾞﾗｽｶｼﾏ","","茨城県神栖市東和田25","","","0299-96-2211","","","","","","","0","20180718","230157","SYSTEM","20180718","230157","SYSTEM"
"0001569","日鉱冨士電子","日鉱冨士電子","ﾆｯｺｳﾌｼﾞﾃﾞﾝ","","茨城県日立市白銀町1-1-2","","","0294-23-7153","","","","","","","0","20180718","230157","SYSTEM","20180718","230157","SYSTEM"
"0001573","郡山ビューホテルアネックス","郡山ビューホテルアネ","ｺｵﾘﾔﾏﾋﾞｭｰﾎ","","福島県郡山市中町10-10","","","0249-39-1761","","","","","","","0","20180718","230157","SYSTEM","20180718","230157","SYSTEM"
"0001576","中川ヒューム管第二工場","中川ヒューム管第二工","ﾅｶｶﾞﾜ","","中川ヒューム管第二工場","","","","","","","","","","0","20180718","230157","SYSTEM","20180718","230157","SYSTEM"
"0001577","中川ヒューム管第一工場","中川ヒューム管第一工","ﾅｶｶﾞﾜ","","中川ヒューム管第一工場","","","","","","","","","","0","20180718","230157","SYSTEM","20180718","230157","SYSTEM"
"0001579","ﾆｯﾄｰﾎﾞｰﾒﾃﾞｨｶﾙ富久山","ﾆｯﾄｰﾎﾞｰﾒﾃﾞｨｶﾙ富久山","ﾆｯﾄｰﾎﾞｰﾒﾃﾞ","","福島県郡山市富久山町福原字塩島1","","","0249-25-0925","","","","","","","0","20180718","230157","SYSTEM","20180718","230157","SYSTEM"
"0001580","ＪＴ　郡山工場","ＪＴ　郡山工場","ﾆﾎﾝﾀﾊﾞｺ","","福島県郡山市字外河原8-1","","","024-944-1100","","","","","","","0","20180718","230157","SYSTEM","20180718","230157","SYSTEM"
"0001581","郡山ユラックス熱海","郡山ユラックス熱海","ｺｵﾘﾔﾏﾕﾗｯｸｽ","","福島県郡山市熱海町2丁目１４８－２","","","024-984-2800","","","","","","","0","20180718","230157","SYSTEM","20180718","230157","SYSTEM"
"0001583","日本全薬工業","日本全薬工業","ﾆﾎﾝｾﾞﾝﾔｸｺｳ","","福島県郡山市安積町笹川字平ノ上1-1","","","","","","","","","","0","20180718","230157","SYSTEM","20180718","230157","SYSTEM"
"0001587","糸桜里の湯坂下","糸桜里の湯坂下","ｼｵﾘﾉﾕﾊﾞﾝｹﾞ","","福島県河沼郡会津坂下町大字見明字堤帰2115","","","0246-83-1151","","","","","","","0","20180718","230157","SYSTEM","20180718","230157","SYSTEM"
"0001589","休暇村裏磐梯","休暇村裏磐梯","ｷｭｳｶﾑﾗｳﾗﾊﾞ","","福島県耶麻郡北塩原村大字桧原字小野川原","1092-3","","0241-32-2421","","","","","","","0","20180718","230157","SYSTEM","20180718","230157","SYSTEM"
"0001590","矢吹ゴルフクラブ","矢吹ゴルフクラブ","ﾔﾌﾞｷｺﾞﾙﾌｸﾗ","","福島県西白河郡矢吹町松房314","","","0248-44-3886","","","","","","","0","20180718","230157","SYSTEM","20180718","230157","SYSTEM"
"0001591","立正堂米菓本舗","立正堂米菓本舗","ﾘｯｼｮｳﾄﾞｳﾍﾞ","","福島県喜多方市松山町鳥見山字松原41","","","0241-24-2547","","","","","","","0","20180718","230157","SYSTEM","20180718","230157","SYSTEM"
"0001592","会津高田町学校給食センター","会津高田町学校給食セ","ｱｲﾂﾞﾀｶﾀﾞﾏﾁ","","福島県大沼郡会津美里町大字勝原字竹原814","","","0242-54-3418","","","","","","","0","20180718","230157","SYSTEM","20180718","230157","SYSTEM"
"0001594","坂内セメント　本社","坂内セメント　本社","ﾊﾞﾝﾅｲｾﾒﾝﾄ","","福島県河沼郡柳津町大字細八字鴇巣甲300","","","0241-42-2520","","","","","","","0","20180718","230157","SYSTEM","20180730","113426","000001"
"0001595","田島下郷衛生組合","田島下郷衛生組合","ﾀｼﾞﾏｼﾓｺﾞｳﾏ","","福島県南会津郡下郷町大字落合字下川原","１３８－１","","0241-67-2480","","","","","","","0","20180718","230157","SYSTEM","20180718","230157","SYSTEM"
"0001596","伊南老人ホーム","伊南老人ホーム","ｲﾅﾛｳｼﾞﾝﾎｰﾑ","","福島県南会津郡南会津町古町太子堂186-1","","","0241-76-2900","","","","","","","0","20180718","230157","SYSTEM","20180718","230157","SYSTEM"
"0001599","ヴィライナワシロ","ヴィライナワシロ","ｳﾞｨﾗｲﾅﾜｼﾛ","","福島県耶麻郡猪苗代町笹山","","","0242-62-4111","","","","","","","0","20180718","230157","SYSTEM","20180718","230157","SYSTEM"
"0001600","磐梯高原ホテル","磐梯高原ホテル","ﾊﾞﾝﾀﾞｲｺｳｹﾞ","","福島県耶麻郡猪苗代町字葉山","","","0242-62-3646","","","","","","","0","20180718","230157","SYSTEM","20180718","230157","SYSTEM"
"0001601","ホテルリステル猪苗代","ホテルリステル猪苗代","ﾎﾃﾙﾘｽﾃﾙｲﾅﾜ","","福島県耶麻郡猪苗代町大字川桁字天王坂2414","","","","","","","","","","0","20180718","230157","SYSTEM","20180718","230157","SYSTEM"
"0001603","原滝本館","原滝本館","ﾊﾗﾀｷﾎﾝｶﾝ","","福島県会津若松市東山町大字湯本字下原 247","","","0242-26-4126","","","","","","","0","20180718","230157","SYSTEM","20180718","230157","SYSTEM"
"0001604","原滝別館","原滝別館","ﾊﾗﾀｷﾍﾞｯｶﾝ","","福島県会津若松市東山町大字湯本","","","0242-27-6048","","","","","","","0","20180718","230157","SYSTEM","20180718","230157","SYSTEM"
"0001605","喜多方地方広域　環境ｾﾝﾀｰ塩川工場","喜多方地方広域　環境","ｷﾀｶﾀｶﾝｷｮｳｾ","","福島県喜多方市塩川町会知大川原2160","","","0241-27-3285","","","","","","","0","20180718","230157","SYSTEM","20180718","230157","SYSTEM"
"0001607","共同企業体若松アスコン","共同企業体若松アスコ","ｷｮｳﾄﾞｳｷｷﾞｮｳﾀｲﾜｶﾏﾂ","","共同企業体若松アスコン","","","","","","","","","","0","20180718","230157","SYSTEM","20180730","113532","000001"
"0001609","会津天宝醸造神指工場","会津天宝醸造神指工場","ｱｲﾂﾞﾃﾝﾎﾟｳｼ","","福島県会津若松市神指町大字黒川西261","","","0242-23-1616","","","","","","","0","20180718","230157","SYSTEM","20180718","230157","SYSTEM"
"0001613","ひかり工業","ひかり工業","ﾋｶﾘｺｳｷﾞｮｳ","","栃木県栃木市桶ノ口町480","","","0282-22-5788","","","","","","","0","20180718","230157","SYSTEM","20180718","230157","SYSTEM"
"0001618","国権酒造","国権酒造","ｺｯｹﾝｼｭｿﾞｳ","","福島県南会津郡南会津町田島字上町甲4037","","","0241-62-0036","","","","","","","0","20180718","230157","SYSTEM","20180718","230157","SYSTEM"
"0001619","川越市環境衛生ｾﾝﾀ-","川越市環境衛生ｾﾝﾀ-","ｶﾜｺﾞｴ","","川越市環境衛生ｾﾝﾀ-","","","","","","","","","","0","20180718","230157","SYSTEM","20180718","230157","SYSTEM"
"0001621","特別養護老人ホーム田島","特別養護老人ホーム田","ﾄｸﾍﾞﾂﾖｳｺﾞﾛｳｼﾞﾝﾎｰﾑﾀｼﾞ","","福島県南会津郡南会津町永田字風下乙3-1","","","0241-63-1111","","","","","","","0","20180718","230157","SYSTEM","20180730","113710","000001"
"0001626","JA会津みどり坂下厚生病院","JA会津みどり坂下厚生","ｼﾞｪｲｴｲｱｲﾂﾞﾐﾄﾞﾘﾊﾞﾝｹﾞ","","JA会津みどり坂下厚生病院","","","","","","","","","","0","20180718","230157","SYSTEM","20180730","113933","000001"
"0001627","東亜道路　福島工場","東亜道路　福島工場","ﾄｳｱﾄﾞｳﾛﾌｸｼﾏ","","福島県西白河郡矢吹町北町81","","","0248-42-2155","","","","","","","0","20180718","230157","SYSTEM","20180730","114013","000001"
"0001628","東亜道路　宮城工場","東亜道路　宮城工場","ﾄｳｱﾄﾞｳﾛﾐﾔｷ","","宮城県多賀城市栄3丁目５－５","","","","","","","","","","0","20180718","230157","SYSTEM","20180718","230157","SYSTEM"
"0001630","核燃料ｻｲｸﾙ開発機構　大洗工学","核燃料ｻｲｸﾙ開発機構","ｶｸﾈﾝﾘ","","核燃料ｻｲｸﾙ開発機構　大洗工学","","","","","","","","","","0","20180718","230157","SYSTEM","20180718","230157","SYSTEM"
"0001631","シグマ　会津","シグマ　会津","ｼｸﾞﾏ","","福島県耶麻郡磐梯町大字大谷字日知坂6594","","","0242-73-2771","","","","","","","0","20180718","230157","SYSTEM","20180718","230157","SYSTEM"
"0001632","カズサ","カズサ","ｶｽﾞｻ","","千葉県長生郡白子町南日当2424-6","","","0475-33-6417","","","","","","","0","20180718","230157","SYSTEM","20180718","230157","SYSTEM"
"0001636","大日ｹﾐｶﾙいわき","大日ｹﾐｶﾙいわき","ﾀﾞｲﾆﾁｹﾐｶﾙｲ","","福島県いわき市常磐下船尾町杭出作23-11","","","0246-44-5255","","","","","","","0","20180718","230157","SYSTEM","20180718","230157","SYSTEM"
"0001640","三井化学ポリウレタン鹿島工場","三井化学ポリウレタン","ﾐﾂｲﾎﾟﾘｳﾚﾀﾝ","","茨城県神栖市東和田20","","","0299-96-3111","","","","","","","0","20180718","230157","SYSTEM","20180718","230157","SYSTEM"
"0000120","コマオ金属工業いわき工場","コマオ金属工業いわき","ｺﾏｵｷﾝｿﾞｸｺｳ","","福島県いわき市小名浜字芳浜11-51","","","0246-54-9430","","","","","","","0","20180718","230157","SYSTEM","20180718","230157","SYSTEM"
"0000118","小名浜合板","小名浜合板","ｵﾅﾊﾏｺﾞｳﾊﾞﾝ","","福島県いわき市泉町下川田宿1-1","","","0246-56-6391","","","","","","","0","20180718","230157","SYSTEM","20180718","230157","SYSTEM"
"0000119","ｹﾐｸﾚｱ 小名浜工場","ｹﾐｸﾚｱ 小名浜工場","ｹﾐｸﾚｱｵﾅﾊﾏｺ","","福島県いわき市泉町下川字大剣1-133","","","0246-56-1388","","","","","","","0","20180718","230157","SYSTEM","20220225","090859","000005"
"0000121","向洋産業","向洋産業","ｺｳﾖｳｻﾝｷﾞｮｳ","","茨城県北茨城市関南町神岡下2700","","","1293-46-5676","","","","","","","0","20180718","230157","SYSTEM","20180718","230157","SYSTEM"
"0000122","十王浄水場","十王浄水場","ｼﾞｭｳｵｳｼﾞｮｳ","","茨城県日立市十王町友部808","","","0294-39-4561","","","","","","","0","20180718","230157","SYSTEM","20180718","230157","SYSTEM"
"0000123","堺化学工業　大剣製造所","堺化学工業　大剣製造","ｻｶｲｶｶﾞｸｵｵﾂ","","福島県いわき市泉町下川字大剣382","","","0246-56-6610","","","","","","","0","20180718","230157","SYSTEM","20180718","230157","SYSTEM"
"0000124","第一三共プロファーマ小名浜工場","第一三共プロファーマ","ﾀﾞｲｲﾁｻﾝｷｮｳ","","福島県いわき市泉町下川字大剣389-4","","","0246-56-1981","","","","","","","0","20180718","230157","SYSTEM","20180718","230157","SYSTEM"
"0000125","新昭和鋼管福島工場","新昭和鋼管福島工場","ｼﾝｼｮｳﾜｺｳｶﾝ","","福島県いわき市勿来町酒井高畔１０","","","0246-65-3121","","","","","","","0","20180718","230157","SYSTEM","20180718","230157","SYSTEM"
"0000126","常磐共同火力　勿来発電所","常磐共同火力　勿来発","ｼﾞｮｳﾊﾞﾝｷｮｳ","","福島県いわき市佐糠町大島20","","","0246-63-2511","","","","","","","0","20180718","230157","SYSTEM","20180718","230157","SYSTEM"
"0000127","常磐火力産業 　勿来事業所","常磐火力産業 　勿来","ｼﾞｮｳﾊﾞﾝｶﾘｮ","","福島県いわき市岩間町塚原76","","","0246-63-2511","","","","","","","0","20180718","230157","SYSTEM","20180718","230157","SYSTEM"
"0000128","ジーエス茨城製作所","ジーエス茨城製作所","ｼﾞｰｴｽｲﾊﾞﾗｷ","","茨城県北茨城市磯原町磯原1564-4","","","0293-42-2691","","","","","","","0","20180718","230157","SYSTEM","20180718","230157","SYSTEM"
"0000129","城北化学工業　いわき工場","城北化学工業　いわき","ｼﾞｮｳﾎｸｶｶﾞｸ","","福島県いわき市勿来町酒井赤坂1-1","","","0246-65-7111","","","","","","","0","20180718","230157","SYSTEM","20180718","230157","SYSTEM"
"0000130","日本海水　小名浜工場","日本海水　小名浜工場","ﾆﾎﾝｶｲｽｲｵﾅﾊ","","福島県いわき市小名浜字渚２－４","","","0246-54-2161","","","","","","","0","20180718","230157","SYSTEM","20180718","230157","SYSTEM"
"0000131","東邦亜鉛","東邦亜鉛","ﾄｳﾎｳｱｴﾝ","","福島県いわき市小名浜芳浜10","","","0246-54-4111","","","","","","","0","20180718","230157","SYSTEM","20180718","230157","SYSTEM"
"0000132","エムシー・ファーティコム","エムシー・ファーティ","ｴﾑｼｰﾌｧｰﾃｨｺ","","福島県いわき市常磐関鉛町宮下2-2","","","0246-43-4101","","","","","","","0","20180718","230157","SYSTEM","20180718","230157","SYSTEM"
"0000133","東京アニリン染料製造","東京アニリン染料製造","ﾄｳｷｮｳｱﾆﾘﾝ","","福島県いわき市泉町黒須野江越246-17","","","0246-56-1672","","","","","","","0","20180718","230157","SYSTEM","20180718","230157","SYSTEM"
"0000134","トラスト環境センター","トラスト環境センター","ﾄﾗｽﾄｶﾝｷｮｳｾ","","福島県いわき市泉町下川字境ノ町１１６－１","","","0246-56-2777","","","","","","","0","20180718","230157","SYSTEM","20180718","230157","SYSTEM"
"0000135","常磐開発資源化学センター","常磐開発資源化学セン","ｼﾞｮｳﾊﾞﾝｶｲﾊ","","福島県いわき市常磐水野谷町亀の尾85","","","0246-44-3454","","","","","","","0","20180718","230157","SYSTEM","20180718","230157","SYSTEM"
"0000136","日化新菱エコサービス","日化新菱エコサービス","ﾆｯｶｼﾝﾘｮｳ","","福島県いわき市小名浜字高山３１２－８","日本化成㈱工場内","","0246-52-2111","","","","","","","0","20180718","230157","SYSTEM","20180718","230157","SYSTEM"
"0000137","日本特殊化学工業いわき工場","日本特殊化学工業いわ","ﾆﾎﾝﾄｸｼｭｶｶﾞ","","福島県いわき市泉町滝尻字橋本1","","","0246-56-4651","","","","","","","0","20180718","230157","SYSTEM","20180718","230157","SYSTEM"
"0000138","三菱ケミカル　小名浜","三菱ケミカル　小名浜","ﾐﾂﾋﾞｼｹﾐｶﾙ ｵﾅﾊﾏ","","福島県いわき市小名浜字高山34","","","0246-54-3111","","","","","","","0","20180718","230157","SYSTEM","20181010","102608","000002"
"0000139","日本ﾀﾞｲﾔﾓﾝﾄﾞ　いわき工場","日本ﾀﾞｲﾔﾓﾝﾄﾞ　いわき","ﾆﾎﾝﾀﾞｲﾔﾓﾝﾄﾞｲﾜｷ","","福島県いわき市泉町黒須野江越246-1","","","0246-56-7771","","","","","","","0","20180718","230157","SYSTEM","20190208","155247","000001"
"0000140","BASFｼﾞｬﾊﾟﾝ磯原工場","BASFｼﾞｬﾊﾟﾝ磯原工場","ﾋﾞｰｴｰｴｽｴﾌ","","茨城県北茨城市磯原町磯原","","","0293-42-1147","","","","","","","0","20180718","230157","SYSTEM","20180718","230157","SYSTEM"
"0000141","武蔵野化学研究所　磯原工場","武蔵野化学研究所　磯","ﾑｻｼﾉｶｶﾞｸ","","茨城県北茨城市磯原町磯原1077-2","","","0293-42-1147","","","","","","","0","20180718","230157","SYSTEM","20180718","230157","SYSTEM"
"0000142","いわき市水道局大利ポンプ場","いわき市水道局大利ポ","ｲﾜｷｵｵﾄﾈﾎﾟﾝ","","福島県いわき市好間町大利字戸作田41-3","","","","","","","","","","0","20180718","230157","SYSTEM","20180718","230157","SYSTEM"
"0000143","ウォーターケム　常陸工場","ウォーターケム　常陸","ｳｫｰﾀｰｹﾑ","","茨城県北茨城市磯原町磯原1180-1","磯原工業団地","","0293-24-9321","","","","","","","0","20180718","230157","SYSTEM","20180718","230157","SYSTEM"
"0000144","いわき市水道局山玉浄水場","いわき市水道局山玉浄","ﾔﾏﾀﾏｼﾞｮｳｽｲ","","福島県いわき市山玉町脇川25","","","0246-65-3612","","","","","","","0","20180718","230157","SYSTEM","20180718","230157","SYSTEM"
"0000145","有機合成薬品工業　常磐工場","有機合成薬品工業　常","ﾕｳｷｺﾞｳｾｲﾔｸ","","福島県いわき市常磐西郷町落合788","","","0246-42-4221","","","","","","","0","20180718","230157","SYSTEM","20180718","230157","SYSTEM"
"0000146","場内","場内","ｼﾞｮｳﾅ","","場内","","","","","","","","","","0","20180718","230157","SYSTEM","20180718","230157","SYSTEM"
"0000147","ｱﾙﾌﾟｽｱﾙﾊﾟｲﾝ　平工場","ｱﾙﾌﾟｽｱﾙﾊﾟｲﾝ　平工場","ｱﾙﾌﾟｽｱﾙﾊﾟｲﾝ","","福島県いわき市好間町小谷作作畑39-1","","","0246-36-4511","","","","","","","0","20180718","230157","SYSTEM","20220310","112843","000002"
"0000148","アンデスインテック","アンデスインテック","ｱﾝﾃﾞｽｲﾝﾃｯｸ","","福島県いわき市内郷高坂町砂子田２０－１","","","0246-27-0007","","","","","","","0","20180718","230157","SYSTEM","20180718","230157","SYSTEM"
"0000149","いわき市民プール","いわき市民プール","ｲﾜｷｼﾐﾝﾌﾟｰﾙ","","福島県いわき市平下荒川南作１００","","","0249-29-1174","","","","","","","0","20180718","230157","SYSTEM","20180718","230157","SYSTEM"
"0000150","新和企業","新和企業","ｼﾝﾜｷｷﾞｮｳ","","茨城県北茨城市磯原町大塚松本町1399","","","0293-42-6211","","","","","","","0","20180718","230157","SYSTEM","20180718","230157","SYSTEM"
"0000151","いわき市水道局上野原浄水場","いわき市水道局上野原","ｳｴﾉﾊﾗｼﾞｮｳ","","福島県いわき市好間町上好間上野原７３","","","0246-36-2235","","","","","","","0","20180718","230157","SYSTEM","20180718","230157","SYSTEM"
"0000152","大石産業","大石産業","ｵｵｲｼｻﾝｷﾞｮｳ","","茨城県北茨城市中郷町日棚１４７１－２９","","","0293-42-4843","","","","","","","0","20180718","230157","SYSTEM","20180718","230157","SYSTEM"
"0000153","キョウデン東北","キョウデン東北","ｷｮｳﾃﾞﾝ","","福島県いわき市好間工業団地22-5","","","0246-36-4333","","","","","","","0","20180718","230157","SYSTEM","20180718","230157","SYSTEM"
"0000154","サンフレックス永谷園","サンフレックス永谷園","ｻﾝﾌﾚｯｸｽﾅｶﾞ","","福島県いわき市常磐下船尾町杭出作23-10","常磐鹿島工業団地内","","0246-44-6111","","","","","","","0","20180718","230157","SYSTEM","20180718","230157","SYSTEM"
"0000155","相互薬工いわき工場","相互薬工いわき工場","ｿｳｺﾞﾔｯｺｳｲﾜ","","福島県いわき市常磐下船尾町蛇並28-3","","","0246-43-7180","","","","","","","0","20180718","230157","SYSTEM","20180718","230157","SYSTEM"
"0000156","高萩市日立市事務組合花貫クリーン","高萩市日立市事務組合","ﾊﾅﾇｷｸﾘｰﾝｾﾝ","","茨城県高萩市大字安良川５０５","","","0293-22-4318","","","","","","","0","20180718","230157","SYSTEM","20180718","230157","SYSTEM"
"0000158","日本ケミコン材料事業本部高萩工場","日本ケミコン材料事業","ﾆﾎﾝｹﾐｺﾝﾀｶﾊ","","茨城県高萩市大字安良川下野内363","","","0293-23-2511","","","","","","","0","20180718","230157","SYSTEM","20180718","230157","SYSTEM"
"0000160","常磐興産㈱ｽﾊﾟﾘｿﾞｰﾄﾊﾜｲｱﾝｽﾞ","常磐興産㈱ｽﾊﾟﾘｿﾞｰﾄﾊﾜ","ｽﾊﾟﾘｿﾞｰﾄﾊﾜ","","福島県いわき市常磐藤原町蕨平50","","","0246-43-3191","","","","","","","0","20180718","230157","SYSTEM","20180718","230157","SYSTEM"
"0000162","日本メクトロン（磯原）","日本メクトロン（磯原","ﾆﾎﾝﾒｸ","","日本メクトロン（磯原）","","","","","","","","","","0","20180718","230157","SYSTEM","20180718","230157","SYSTEM"
"0000164","古河電子　いわき工場","古河電子　いわき工場","ﾌﾙｶﾜﾃﾞﾝｼｲﾜ","","福島県いわき市好間町上好間小館２０","","","0246-36-2016","","","","","","","0","20180718","230157","SYSTEM","20180718","230157","SYSTEM"
"0000165","三山クリーン","三山クリーン","ﾐﾔﾏｸﾘｰﾝ","","福島県いわき市常磐藤原町兎沢１－４","","","0246-43-3704","","","","","","","0","20180718","230157","SYSTEM","20180718","230157","SYSTEM"
"0000163","古河電池（いわき）","古河電池（いわき）","ﾌﾙｶﾜﾃﾞﾝﾁ","","福島県いわき市常磐下船尾町杭出作23-6","","","0246-44-5121","","","","","","","0","20180718","230157","SYSTEM","20180718","230157","SYSTEM"
"0000166","ｲﾝﾀｰﾅｼｮﾅﾙ･ｹﾐｶﾙ･ｴﾝﾃｨﾃｨ･ｼﾞｬﾊﾟﾝいわき工場","ｲﾝﾀｰﾅｼｮﾅﾙ・ｹﾐｶﾙ・ｴﾝﾃ","ｲﾝﾀｰﾅｼｮﾅﾙ･ｹﾐｶﾙ","","福島県いわき市常磐三沢町傾城作1-2","","","0246-44-5411","","","","","","","0","20180718","230157","SYSTEM","20220830","131505","000002"
"0000167","ｱｽﾃﾗｽﾌｧｰﾏﾃｯｸ　高萩技術センター","ｱｽﾃﾗｽﾌｧｰﾏﾃｯｸ　高萩技","ｱｽﾃﾗｽﾌｧｰﾏﾃ","","茨城県高萩市大字赤浜160-2","松久保工業団地","","0293-23-4111","","","","","","","0","20180718","230157","SYSTEM","20180718","230157","SYSTEM"
"0000168","横関油脂工業","横関油脂工業","ﾖｺｾﾞｷﾕｼｺｳｷ","","茨城県北茨城市中郷町日棚644-49","","","0293-42-1423","","","","","","","0","20180718","230157","SYSTEM","20180718","230157","SYSTEM"
"0000169","いわき市小川浄水場","いわき市小川浄水場","ｲﾜｷｵｶﾞﾜｼﾞｮ","","福島県いわき市小川町高萩下川原15","","","0246-83-1114","","","","","","","0","20180718","230157","SYSTEM","20180718","230157","SYSTEM"
"0000170","いわき北部清掃センター","いわき北部清掃センタ","ｲﾜｷﾎｸﾌﾞｾｲｿ","","福島県いわき市平上片寄大平218","","","0246-34-2031","","","","","","","0","20180718","230157","SYSTEM","20180718","230157","SYSTEM"
"0000171","ﾆｯｿｰﾌｧｲﾝ　いわき","ﾆｯｿｰﾌｧｲﾝ　いわき","ﾆｯｿｰﾌｧｲﾝｲﾜ","","福島県いわき市好間工業団地1-6","","","0246-36-3576","","","","","","","0","20180718","230157","SYSTEM","20200207","113834","000002"
"0000172","いわき市北部浄化センター","いわき市北部浄化セン","ｲﾜｷﾎｸﾌﾞｼﾞｮ","","福島県いわき市平下神谷天神77","","","0246-34-4007","","","","","","","0","20180718","230157","SYSTEM","20180718","230157","SYSTEM"
"0000173","ひたちなか市水道部阿字ヶ浦配水場","ひたちなか市水道部阿","ｱｼﾞｶﾞｳﾗﾊｲｽ","","茨城県ひたちなか市阿字ｹ浦町１５５２－１","","","","","","","","","","0","20180718","230157","SYSTEM","20180718","230157","SYSTEM"
"0000174","日本ジフィー食品　水戸工場","日本ジフィー食品　水","ﾆﾎﾝｼﾞﾌｨ-ｼｮ","","茨城県常陸大宮市工業団地657","","","0295-53-6773","","","","","","","0","20180718","230157","SYSTEM","20180718","230157","SYSTEM"
"0000175","平浄水平下平窪","平浄水平下平窪","ﾀｲﾗｼﾞｮｳｽｲｼ","","福島県いわき市平下平窪４７","","","0246-22-2411","","","","","","","0","20180718","230157","SYSTEM","20180718","230157","SYSTEM"
"0000176","平浄水栗木作","平浄水栗木作","ﾀｲﾗｼﾞ","","平浄水栗木作","","","","","","","","","","0","20180718","230157","SYSTEM","20180718","230157","SYSTEM"
"0000177","高萩関口浄水場","高萩関口浄水場","ﾀｶﾊｷﾞｾｷｸﾞﾁ","","茨城県高萩市大字上手綱字関口2807-9","","","0293-24-1443","","","","","","","0","20180718","230157","SYSTEM","20180718","230157","SYSTEM"
"0000178","高萩市第一浄水場","高萩市第一浄水場","ﾀｶﾊｷﾞﾀﾞｲｲﾁ","","茨城県高萩市大字秋山中河原188","","","0293-23-2104","","","","","","","0","20180718","230157","SYSTEM","20180718","230157","SYSTEM"
"0000179","東北金属化学","東北金属化学","ﾄｳﾎｸｷﾝｿﾞｸｶ","","福島県いわき市平中神谷字下知内10","","","0246-34-2112","","","","","","","0","20180718","230157","SYSTEM","20180718","230157","SYSTEM"
"0000180","タンガロイ　いわき工場","タンガロイ　いわき工","ﾀﾝｶﾞﾛｲｲﾜｷｺ","","福島県いわき市好間工業団地11-1","","","","","","","","","","0","20180718","230157","SYSTEM","20180718","230157","SYSTEM"
"0000181","日本エレクトロニクス　いわき工場","日本エレクトロニクス","ﾆﾎﾝｴﾚｸﾄﾛﾆｸ","","福島県いわき市好間工業団地22-5","","","0246-36-4333","","","","","","","0","20180718","230157","SYSTEM","20180718","230157","SYSTEM"
"0000182","北茨城市華川浄水場","北茨城市華川浄水場","ﾊﾅｶﾜｼﾞｮｳｽｲ","","茨城県北茨城市華川町小豆畑２７１９","","","0293-43-0538","","","","","","","0","20180718","230157","SYSTEM","20180806","113110","000001"
"0000183","日立高萩十王下水道伊師浄化センタ","日立高萩十王下水道伊","ｲｼｼﾞｮｳｶｾﾝﾀ","","茨城県日立市十王町大字伊師2220","","","0293-32-5595","","","","","","","0","20180718","230157","SYSTEM","20180806","113121","000001"
"0000184","住友化学　茨城","住友化学　茨城","ｽﾐﾄﾓｶｶﾞｸ ｲﾊﾞﾗｷ","","茨城県日立市砂沢町880","","","0294-42-5063","","","","","","","0","20180718","230157","SYSTEM","20230623","115017","000002"
"0000185","日立電線豊浦工場","日立電線豊浦工場","ﾋﾀﾁﾃﾞﾝｾﾝﾄﾖ","","茨城県日立市川尻町1500","","","","","","","","","","0","20180718","230157","SYSTEM","20180718","230157","SYSTEM"
"0000186","福島雪印牛乳","福島雪印牛乳","ﾌｸｼﾏﾕ","","福島雪印牛乳","","","","","","","","","","0","20180718","230157","SYSTEM","20180718","230157","SYSTEM"
"0000187","福島県いわき処分場保全センター","福島県いわき処分場保","ｲﾜｷｼｮﾌﾞﾝｼﾞ","","福島県いわき市鹿島町上蔵持鈴ノ沢111-40","","","0246-28-0818","","","","","","","0","20180718","230157","SYSTEM","20180718","230157","SYSTEM"
"0000189","いわき北部衛生センター","いわき北部衛生センタ","ｲﾜｷﾎｸﾌﾞｴｲｾ","","福島県いわき市久之浜町末続下長沢9","","","","","","","","","","0","20180718","230157","SYSTEM","20180718","230157","SYSTEM"
"0000190","日立市企業局上下水道部浄化ｾﾝﾀ-","日立市企業局上下水道","ﾋﾀﾁｼｷｷﾞｮｳｷ","","茨城県日立市東成沢町2-16-1","","","0294-35-3178","","","","","","","0","20180718","230157","SYSTEM","20180718","230157","SYSTEM"
"0000192","オーエムプラント","オーエムプラント","ｵｰｴﾑﾌﾟﾗﾝﾄ","","茨城県日立市宮田町３４１４－１","日立市清掃センター内","","0294-25-0511","","","","","","","0","20180718","230157","SYSTEM","20180718","230157","SYSTEM"
"0000193","カシムラ工業","カシムラ工業","ｶｼﾑﾗｺｳｷﾞｮｳ","","茨城県日立市宮田町3584-39","","","0294-36-2321","","","","","","","0","20180718","230157","SYSTEM","20180718","230157","SYSTEM"
"0000194","いわき市水道局平浄水場(久之浜)","いわき市水道局平浄水","ﾀｲﾗｼﾞｮｳｽｲｼ","","福島県いわき市久之浜町久之浜中川原22-34","","","0246-82-3730","","","","","","","0","20180718","230157","SYSTEM","20180718","230157","SYSTEM"
"0000195","東鉱商事　本山口倉庫","東鉱商事　本山口倉庫","ﾄｳｺｳﾓﾄﾔﾏｸﾞ","","茨城県日立市宮田明力脇３４７３－２","","","0294-21-8428","","","","","","","0","20180718","230157","SYSTEM","20180718","230157","SYSTEM"
"0000196","滑川処理場","滑川処理場","ﾅﾒｶﾜｼｮﾘｼﾞｮ","","茨城県日立市滑川本町５丁目14-1","","","0294-22-1960","","","","","","","0","20180718","230157","SYSTEM","20180718","230157","SYSTEM"
"0000197","JX金属　銅粉工場","JX金属　銅粉工場","ｼﾞｪｲｴｯｸｽｷﾝ","","茨城県日立市白銀町1-1-2","","","0294-24-7503","","","","","","","0","20180718","230157","SYSTEM","20220617","111201","000002"
"0000200","日立市清掃センター","日立市清掃センター","ﾋﾀﾁｼｾｲｿｳｾﾝ","","茨城県日立市宮田町3414-1","","","0294-25-0511","","","","","","","0","20180718","230157","SYSTEM","20180718","230157","SYSTEM"
"0000201","日立市企業局滑川ｺﾝﾎﾟｽﾄﾌﾟﾗﾝﾄ","日立市企業局滑川ｺﾝﾎﾟ","ﾋﾀﾁｼｷｷﾞｮｳｷ","","茨城県日立市滑川本町5-14-2","","","0294-23-1368","","","","","","","0","20180718","230157","SYSTEM","20180718","230157","SYSTEM"
"0000202","ﾚｿﾞﾅｯｸ　山崎事業所（桜川）","ﾚｿﾞﾅｯｸ　山崎(桜川)","ﾚｿﾞﾅｯｸ","","茨城県日立市鮎川町3-3-1","","","0294-33-1111","","","","","","","0","20180718","230157","SYSTEM","20230603","143021","000002"
"0000205","日立金属　電線工場","日立金属　電線工場","ﾋﾀﾁｷﾝｿﾞｸ","","茨城県日立市助川町3-1-1","","","0294-25-2119","","","","","","","0","20180718","230157","SYSTEM","20180920","113004","000002"
"0000206","日立ﾊﾟﾜｰｿﾘｭｰｼｮﾝｽﾞ日立工場","日立ﾊﾟﾜｰｿﾘｭｰｼｮﾝｽﾞ","ﾋﾀﾁﾊﾟﾜｰｿﾘｭｰｼｮﾝｽﾞ","","茨城県日立市幸町3-1日立製作所日立工場","","","0294-55-7869","","","","","","","0","20180718","230157","SYSTEM","20201107","141944","000002"
"0000207","日立ﾊﾟﾜｰｿﾘｭｰｼｮﾝｽﾞ国分工場","日立ﾊﾟﾜｰｿﾘｭｰｼｮﾝｽﾞ国","ﾋﾀﾁﾊﾟﾜｰｿﾘｭ","","茨城県日立市国分町1-1日立製作所内","","","0294-36-8464","","","","","","","0","20180718","230157","SYSTEM","20180718","230157","SYSTEM"
"0000208","日立中央工業協同組合","日立中央工業協同組合","ﾋﾀﾁﾁｭｳｵｳｺｳ","","茨城県日立市宮田町赤沢3584-43","","","0294-22-0522","","","","","","","0","20180718","230157","SYSTEM","20180718","230157","SYSTEM"
"0000209","猪苗代リゾート","猪苗代リゾート","ｲﾅﾜｼﾛﾘｿﾞｰﾄ","","福島県耶麻郡猪苗代町綿郡","","","0242-65-2131","","","","","","","0","20180718","230157","SYSTEM","20180718","230157","SYSTEM"
"0000210","石川町母畑浄水場","石川町母畑浄水場","ｲｼｶﾜﾏﾁﾎﾞﾊﾞ","","福島県石川郡石川町大字湯郷渡米子平404","","","0247-26-1053","","","","","","","0","20180718","230157","SYSTEM","20180718","230157","SYSTEM"
"0000211","富士ﾌｲﾙﾑﾌｧｲﾝｹﾐｶﾙｽﾞ広野工場","富士ﾌｲﾙﾑﾌｧｲﾝｹﾐｶﾙｽﾞ広","ﾌｼﾞﾌｲﾙﾑﾌｧｲ","","福島県双葉郡広野町大字上北迫岩沢１－３４","","","0240-27-4171","","","","","","","0","20180718","230157","SYSTEM","20180718","230157","SYSTEM"
"0000826","大塚ポリテック福島製作所小野工場","大塚ポリテック福島製","ｵｵﾂｶﾎﾟﾘﾃｯｸ","","福島県田村郡小野町大字飯豊字二本木48","","","0247-72-5111","","","","","","","0","20180718","230157","SYSTEM","20180718","230157","SYSTEM"
"0000828","エステー化学","エステー化学","ｴｽﾃｰｶｶﾞｸ","","いわき市小名浜住吉字西沖14-5","","","0246-58-4455","","","","","","","0","20180718","230157","SYSTEM","20180718","230157","SYSTEM"
"0000829","池田東北","池田東北","ｲｹﾀﾞﾄｳﾎｸ","","池田東北","","","","","","","","","","0","20180718","230157","SYSTEM","20180730","104534","000001"
"0000830","櫻泳スイミング","櫻泳スイミング","ｵｳｴｲｽｲﾐﾝｸﾞ","","櫻泳スイミング","","","","","","","","","","0","20180718","230157","SYSTEM","20180730","104819","000001"
"0000831","アイスターエバ　白河工場","アイスターエバ　白河","ｱｲｽﾀｰｴﾊﾞｼﾗ","","福島県白河市白坂字カツタイシ１－３","","","0248-25-3300","","","","","","","0","20180718","230157","SYSTEM","20180718","230157","SYSTEM"
"0000835","カメイ郡山物流センター石油油槽所","カメイ郡山物流センタ","ｶﾒｲｺｵﾘﾔﾏﾌﾞ","","福島県本宮市糠沢水上21-1","","","0243-44-4630","","","","","","","0","20180718","230157","SYSTEM","20180718","230157","SYSTEM"
"0000836","かんのや","かんのや","ｶﾝﾉﾔ","","かんのや","","","","","","","","","","0","20180718","230157","SYSTEM","20180718","230157","SYSTEM"
"0000839","国立那須甲子少年自然ノ家","国立那須甲子少年自然","ｺｸﾘﾂﾅｽｶｼｼｮ","","福島県西白河郡西郷村大字真船字村火","","","0248-36-2331","","","","","","","0","20180718","230157","SYSTEM","20180718","230157","SYSTEM"
"0000842","郡山食品工業団地協同組合","郡山食品工業団地協同","ｺｵﾘﾔﾏｼｮｸﾋﾝ","","福島県郡山市富久山町久保田字郷花４－１２","","","0249-43-1143","","","","","","","0","20180718","230157","SYSTEM","20180718","230157","SYSTEM"
"0000857","白河厚生総合病院","白河厚生総合病院","ｼﾗｶﾜｺ","","福島県白河市豊地上弥次郎2-1","","","0248-22-2911","","","","","","","0","20180718","230157","SYSTEM","20180718","230157","SYSTEM"
"0000859","須賀川プレシジョン","須賀川プレシジョン","ｽｶｶﾞﾜ","","須賀川プレシジョン","","","","","","","","","","0","20180718","230157","SYSTEM","20180718","230157","SYSTEM"
"0000863","信越化学工業　磯部工場","信越化学工業　磯部工","ｼﾝｴﾂｶｶﾞｸｲｿ","","群馬県安中市磯部２－１３－１","","","0273-85-7111","","","","","","","0","20180718","230157","SYSTEM","20180718","230157","SYSTEM"
"0000864","太陽の国管理センター","太陽の国管理センター","ﾀｲﾖｳﾉｸﾆｶﾝﾘｾﾝﾀ","","福島県西白河郡西郷村大字小田倉字上野原","5-3","","0248-25-3100","","","","","","","0","20180718","230157","SYSTEM","20180730","104943","000001"
"0000867","関東エラストマー","関東エラストマー","ｶﾝﾄｳｴﾗｽﾄﾏｰ","","福島県田村郡小野町大字皮籠石字北ノ内","204-1","","0247-72-5466","","","","","","","0","20180718","230157","SYSTEM","20180718","230157","SYSTEM"
"0000870","東北旭紙業","東北旭紙業","ﾄｳﾎｸｱｻﾋｼｷﾞ","","福島県岩瀬郡鏡石町南町389","","","0248-62-3111","","","","","","","0","20180718","230157","SYSTEM","20180718","230157","SYSTEM"
"0000871","東北ポール","東北ポール","ﾄｳﾎｸﾎｰﾙ","","東北ポール","","","","","","","","","","0","20180718","230157","SYSTEM","20180730","105027","000001"
"0000873","東北アンリツ","東北アンリツ","ﾄｳﾎｸｱﾝﾘﾂ","","東北アンリツ","","","","","","","","","","0","20180718","230157","SYSTEM","20180730","105137","000001"
"0000880","日本工機　白河製造所","日本工機　白河製造所","ﾆﾎﾝｺｳｷｼﾗｶﾜ","","福島県西白河郡西郷村大字長坂土生２－１","","","0248-22-3259","","","","","","","0","20180718","230157","SYSTEM","20180718","230157","SYSTEM"
"0000881","パラマウント硝子","パラマウント硝子","ﾊﾟﾗﾏｳ","","福島県須賀川市木之崎字大ヶ久保24-4","","","0248-68-1046","","","","","","","0","20180718","230157","SYSTEM","20180718","230157","SYSTEM"
"0000882","ブイエス科工","ブイエス科工","ﾌﾞｲｴｽ","","ブイエス科工","","","","","","","","","","0","20180718","230157","SYSTEM","20180718","230157","SYSTEM"
"0000887","郡山市富久山クリーンセンター","郡山市富久山クリーン","ﾌｸﾔﾏｸﾘｰﾝｾﾝ","","福島県郡山市富久山町福原字北畑1-2","","","024-932-3152","","","","","","","0","20180718","230157","SYSTEM","20180718","230157","SYSTEM"
"0000888","冨士シャフト　二本松工場","冨士シャフト　二本松","ﾌｼﾞｼｬﾌﾄ","","福島県二本松市小高内110","","","0243-23-2315","","","","","","","0","20180718","230157","SYSTEM","20180718","230157","SYSTEM"
"0000893","東日本酒造","東日本酒造","ﾋｶﾞｼﾆﾎﾝｼｭｿﾞｳ","","福島県二本松市休石167番地","","","024-322-3117","","","","","","","0","20180718","230157","SYSTEM","20180730","105613","000001"
"0000897","小名浜吉野石膏","小名浜吉野石膏","ｵﾅﾊﾏﾖｼﾉｾｯｺ","","福島県いわき市常磐水野谷亀ノ尾85-2","","","0246-43-2200","","","","","","","0","20180718","230157","SYSTEM","20180718","230157","SYSTEM"
"0000919","東北アストモスガス　郡山営業所","東北アストモスガス","ﾄｳﾎｸｱｽﾄﾓｶﾞ","","福島県郡山市安積3丁目145","","","024-945-0961","","","","","","","0","20180718","230157","SYSTEM","20180718","230157","SYSTEM"
"0000922","アルプス電気　小名浜工場","アルプス電気　小名浜","ｱﾙﾌﾟｽﾃﾞﾝｷｵ","","福島県いわき市小名浜野田字柳町41-25","","","0246-58-6464","","","","","","","0","20180718","230157","SYSTEM","20180718","230157","SYSTEM"
"0000929","共同企業体いわきアスコン","共同企業体いわきアス","ｷｮｳﾄﾞｳｷｷﾞｮ","","福島県いわき市泉町下川境156-2","","","0246-56-4002","","","","","","","0","20180718","230157","SYSTEM","20180718","230157","SYSTEM"
"0000947","笠原工業須賀川工場","笠原工業須賀川工場","ｶｻﾊﾗｺｳｷﾞｮｳ","","福島県須賀川市上人垣1番地","","","0248-75-3131","","","","","","","0","20180718","230157","SYSTEM","20180718","230157","SYSTEM"
"0000948","加藤建材","加藤建材","ｶﾄｳｹﾝｻﾞｲ","","福島県南相馬市鹿島区川子字滝沢148","","","","","","","","","","0","20180718","230157","SYSTEM","20180730","105656","000001"
"0000949","東北ネヂ製造","東北ネヂ製造","ﾄｳﾎｸﾈﾁﾞｾｲｿ","","福島県いわき市泉町黒須野字砂利59","","","0246-56-4571","","","","","","","0","20180718","230157","SYSTEM","20180718","230157","SYSTEM"
"0000957","かんぽの宿　いわき","かんぽの宿　いわき","ｶﾝﾎﾟﾉﾔﾄﾞｲﾜｷ","","かんぽの宿　いわき","","","","","","","","","","0","20180718","230157","SYSTEM","20180730","105804","000001"
"0000963","久保木商会","久保木商会","ｸﾎﾞｷｼｮｳｶｲ","","福島県いわき市平沼ノ内諏訪原86-1","","","0246-39-2462","","","","","","","0","20180718","230157","SYSTEM","20180718","230157","SYSTEM"
"0000965","古殿町役場","古殿町役場","ﾌﾙﾄﾞﾉ","","古殿町役場","","","","","","","","","","0","20180718","230157","SYSTEM","20180718","230157","SYSTEM"
"0000966","グリーンピア二本松","グリーンピア二本松","ｸﾞﾘｰﾝﾋﾟｱﾆﾎﾝﾏﾂ","","グリーンピア二本松","","","","","","","","","","0","20180718","230157","SYSTEM","20180730","110015","000001"
"0000968","福島恵風園","福島恵風園","ﾌｸｼﾏｹｲﾌｳｴﾝ","","福島県福島市仁井田字龍神前2-1","","","024-546-2851","","","","","","","0","20180718","230157","SYSTEM","20180730","110057","000001"
"0000970","福島県栽培漁業協会","福島県栽培漁業協会","ﾌｸｼﾏｹﾝｻｲﾊﾞ","","福島県双葉郡大熊町字夫沢北台182","","","0240-32-3551","","","","","","","0","20180718","230157","SYSTEM","20180718","230157","SYSTEM"
"0000971","県漁連原釜支所","県漁連原釜支所","ｹﾝｷﾞｮﾚﾝﾊﾗｶ","","福島県相馬市尾浜字追川196","","","0244-38-8144","","","","","","","0","20180718","230157","SYSTEM","20180718","230157","SYSTEM"
"0000973","県漁連四倉支所","県漁連四倉支所","ｹﾝｷﾞｮﾚﾝﾖﾂｸ","","福島県いわき市四倉5-219","","","0246-32-4909","","","","","","","0","20180718","230157","SYSTEM","20180718","230157","SYSTEM"
"0000974","県漁連久之浜支所","県漁連久之浜支所","ｹﾝｷﾞｮﾚﾝﾋｻﾉﾊﾏ","","県漁連久之浜支所","","","","","","","","","","0","20180718","230157","SYSTEM","20180730","110148","000001"
"0000980","国立磐梯青年の家","国立磐梯青年の家","ｺｸﾘﾂﾊﾞﾝﾀﾞｲ","","福島県耶麻郡猪苗代町字五輪原7136-1","","","0242-62-2530","","","","","","","0","20180718","230157","SYSTEM","20180718","230157","SYSTEM"
"0000981","五色商事（遠刈田）","五色商事（遠刈田）","ｺﾞｼｷｼﾖｳｼﾞﾄｵｶﾞｯﾀ","","宮城県刈田郡蔵王町遠刈田温泉4","","","0224-34-2113","","","","","","","0","20180718","230157","SYSTEM","20180730","110247","000001"
"0000982","五色商事（蔵王ｺﾝｸﾘｰﾄﾌﾞﾛｯｸ部）","五色商事（蔵王ｺﾝｸﾘｰﾄ","ｺﾞｼｷｼｼｮｳｼﾞｻﾞｵｳ","","五色商事（蔵王ｺﾝｸﾘｰﾄﾌﾞﾛｯｸ部）","","","","","","","","","","0","20180718","230157","SYSTEM","20180730","110316","000001"
"0000983","五色商事(東蔵王観光）","五色商事(東蔵王観光","ｺﾞｼｷｼｼｮｳｼﾞﾋｶﾞｼｻﾞｵｳ","","五色商事(東蔵王観光）","","","","","","","","","","0","20180718","230157","SYSTEM","20180730","110353","000001"
"0000988","角田商店（飯坂）","角田商店（飯坂）","ｶｸﾀｼｮｳﾃﾝ","","福島県福島市飯坂町平野字明神町２１","","","045-542-3291","","","","","","","0","20180718","230157","SYSTEM","20180718","230157","SYSTEM"
"0000990","佐藤工業","佐藤工業","ｻﾄｳｺｳｷﾞｮｳ","","山形県南陽市赤湯2626-6","","","0238-43-2589","","","","","","","0","20180718","230157","SYSTEM","20180718","230157","SYSTEM"
"0001017","第一燃料（石巻）","第一燃料（石巻）","ﾀﾞｲｲﾁﾈﾝﾘｮｳ","","第一燃料（石巻）","","","","","","","","","","0","20180718","230157","SYSTEM","20180730","110436","000001"
"0001007","羽山自動車（白石市）","羽山自動車（白石市）","ﾊﾔﾏｼﾞﾄﾞｳｼｬ","","宮城県白石市郡山飯塚7-2","","","0224-25-0107","","","","","","","0","20180718","230157","SYSTEM","20180718","230157","SYSTEM"
"0001018","共同企業体福島県中央アスコン","共同企業体福島県中央","ｷｮｳﾄﾞｳｷｷﾞｮｳﾀｲﾌｸｼﾏﾁｭｳ","","福島県須賀川市大字滑川字西山2","","","0248-75-0101","","","","","","","0","20180718","230157","SYSTEM","20180730","110738","000001"
"0001019","大成日東鈴宏JV（須賀川）","大成日東鈴宏JV（須賀","ﾀｲｾｲﾆ","","大成日東鈴宏JV（須賀川）","","","","","","","","","","0","20180718","230157","SYSTEM","20180718","230157","SYSTEM"
"0001020","タイヘイドライバースクール","タイヘイドライバース","ﾀｲﾍｲﾄﾞﾗｲﾊﾞ","","福島県いわき市平塩字古川1-1","","","0246-23-3411","","","","","","","0","20180718","230157","SYSTEM","20180718","230157","SYSTEM"
"0001021","太平洋自動車","太平洋自動車","ﾀｲﾍｲﾖ","","太平洋自動車","","","","","","","","","","0","20180718","230157","SYSTEM","20180718","230157","SYSTEM"
"0001027","東北たまかわ（玉川繊維工業福島）","東北たまかわ","ﾀﾏｶﾜ","","福島県白河市白坂石阿弥陀1-2","","","0248-27-4111","","","","","","","0","20180718","230157","SYSTEM","20200916","104851","000001"
"0001037","遠刈田ホテル","遠刈田ホテル","ﾄｳｶｯﾀ","","遠刈田ホテル","","","","","","","","","","0","20180718","230157","SYSTEM","20180718","230157","SYSTEM"
"0001042","東白衛生組合　東白ｸﾘｰﾝｾﾝﾀｰ","東白衛生組合　東白ｸﾘ","ﾄｳﾊｸｸﾘｰﾝｾﾝ","","福島県東白川郡塙町大字上渋井字岩下18-7","","","0247-43-0378","","","","","","","0","20180718","230157","SYSTEM","20180718","230157","SYSTEM"
"0001045","東北コンクリート","東北コンクリート","ﾄｳﾎｸｺﾝｸﾘｰﾄ","","東北コンクリート","","","","","","","","","","0","20180718","230157","SYSTEM","20180730","110900","000001"
"0001047","福島県立医科大学病院","福島県立医科大学病院","ﾌｸｼﾏｹﾝﾘﾂｲｶﾀﾞｲｶﾞｸ","","福島県福島市光が丘1番地","","","024-547-1111","","","","","","","0","20180718","230157","SYSTEM","20180730","110951","000001"
"0001048","東北パイオニア(米沢市）","東北パイオニア(米沢","ﾄｳﾎｸﾊﾟｲｵﾆｱ","","東北パイオニア(米沢市）","","","","","","","","","","0","20180718","230157","SYSTEM","20180730","111035","000001"
"0001049","JX金属　磯原工場","JX金属　磯原工場","ｼﾞｪｲｴｯｸｽ","","茨城県北茨城市華川町臼場187-4","","","0293-43-5111","","","","","","","0","20180718","230157","SYSTEM","20220617","111309","000002"
"0001063","日東大都工業　日和田プラント","日東大都工業　日和田","ﾆｯﾄｳﾀ","","日東大都工業　日和田プラント","","","","","","","","","","0","20180718","230157","SYSTEM","20180718","230157","SYSTEM"
"0001064","日本道路 福島（須賀川）","日本道路 福島（須賀","ﾆﾎﾝﾄﾞｳﾛﾌｸｼﾏｽｶｶﾞﾜ","","日本道路 福島（須賀川）","","","","","","","","","","0","20180718","230157","SYSTEM","20180730","111159","000001"
"0001085","福島製鋼吾妻工場","福島製鋼吾妻工場","ﾌｸｼﾏｾｲｺｳｱｽ","","福島県福島市笹木野字天竺田8-1","","","024-534-5161","","","","","","","0","20180718","230157","SYSTEM","20180718","230157","SYSTEM"
"0001103","前田道路いわき合材","前田道路いわき合材","ﾏｴﾀﾞﾄﾞｳﾛｲﾜｷ","","前田道路いわき合材","","","","","","","","","","0","20180718","230157","SYSTEM","20180730","111230","000001"
"0001104","前田道路　郡山合材工場","前田道路　郡山合材工","ﾏｴﾀﾞﾄﾞｳﾛｺｵﾘﾔﾏ","","福島県郡山市日和田町高倉字藤担1-277","","","0249-58-2219","","","","","","","0","20180718","230157","SYSTEM","20180730","111306","000001"
"0001107","マルエーコンクリート","マルエーコンクリート","ﾏﾙｴｰｺ","","マルエーコンクリート","","","","","","","","","","0","20180718","230157","SYSTEM","20180718","230157","SYSTEM"
"0001109","マルハ産業","マルハ産業","ﾏﾙﾊｻﾝ","","茨城県北茨城市関本町本中2820","","","0293-46-1106","","","","","","","0","20180718","230157","SYSTEM","20180718","230157","SYSTEM"
"0001111","国立病院機構いわき病院","国立病院機構いわき病","ｺｸﾘﾂﾋﾞｮｳｲﾝｲﾜｷ","","福島県いわき市平豊間字兎渡路291","","","0246-55-8261","","","","","","","0","20180718","230157","SYSTEM","20180730","111550","000001"
"0001119","三菱製紙白河事業所","三菱製紙白河事業所","ﾐﾂﾋﾞｼｾｲｼｼﾗ","","福島県西白河郡西郷村字前山西3","","","0248-22-8111","","","","","","","0","20180718","230157","SYSTEM","20180718","230157","SYSTEM"
"0001127","米沢警察署","米沢警察署","ﾖﾈｻﾞﾜｹｲｻﾂｼｮ","","米沢警察署","","","","","","","","","","0","20180718","230157","SYSTEM","20180730","111629","000001"
"0001138","あだたら高原富士急ホテル","あだたら高原富士急ホ","ｱﾀﾞﾀﾗｺｳｹﾞﾝ","","福島県二本松市永田字長坂国有林","","","0243-24-2331","","","","","","","0","20180718","230157","SYSTEM","20180718","230157","SYSTEM"
"0001144","いわき南部浄化センター","いわき南部浄化センタ","ｲﾜｷﾅﾝﾌﾞｼﾞｮ","","福島県いわき市錦町浜田２７","","","0246-62-5132","","","","","","","0","20180718","230157","SYSTEM","20180718","230157","SYSTEM"
"0001152","加ト吉水産　フーズ部福島工場","加ト吉水産　フーズ部","ｶﾄｷﾁｽｲｻﾝ","","福島県石川郡石川町字猫啼172","","","0247-26-3325","","","","","","","0","20180718","230157","SYSTEM","20180718","230157","SYSTEM"
"0001153","石川地方生活環境施設組合","石川地方生活環境施設","ｲｼｶﾜﾁﾎｳｾｲｶ","","福島県石川郡石川町沢井","","","","","","","","","","0","20180718","230157","SYSTEM","20180718","230157","SYSTEM"
"0001159","東北メタル","東北メタル","ﾄｳﾎｸﾒﾀﾙ","","東北メタル","","","","","","","","","","0","20180718","230157","SYSTEM","20180730","111709","000001"
"0001160","パーシモンカントリークラブ","パーシモンカントリー","ﾊﾟｰｼﾓ","","福島県伊達市霊山町大字下小国","","","","","","","","","","0","20180718","230157","SYSTEM","20180718","230157","SYSTEM"
"0001165","サッポロビール川口工場","サッポロビール川口工","ｻｯﾎﾟﾛﾋﾞｰﾙｶ","","埼玉県川口市並木元町1-1","","","0482-52-5777","","","","","","","0","20180718","230157","SYSTEM","20180718","230157","SYSTEM"
"0001174","福島労災病院","福島労災病院","ﾌｸｼﾏﾛｳｻｲﾋﾞ","","福島県いわき市内郷綴町沼尻3番地","","","0246-26-1111","","","","","","","0","20180718","230157","SYSTEM","20180718","230157","SYSTEM"
"0001180","須賀川工業排水処理事業共同組合","須賀川工業排水処理事","ｽｶｶﾞﾜｺｳｷﾞｮ","","福島県須賀川市下宿前111","","","","","","","","","","0","20180718","230157","SYSTEM","20180718","230157","SYSTEM"
"0001183","須賀川地区環境組合","須賀川地区環境組合","ｽｶｶﾞﾜ","","須賀川地区環境組合","","","","","","","","","","0","20180718","230157","SYSTEM","20180718","230157","SYSTEM"
"0001188","大明化学工業　東京工場","大明化学工業　東京工","ﾀｲﾒｲｶｶﾞｸｺｳ","","東京都東村山市秋津町2丁目27-4","","","042-393-1311","","","","","","","0","20180718","230157","SYSTEM","20180718","230157","SYSTEM"
"0001190","高崎金属団地協同組合","高崎金属団地協同組合","ﾀｶｻｷｷﾝｿﾞｸﾀ","","群馬県高崎市倉賀野町2918-1","","","0273-46-3761","","","","","","","0","20180718","230157","SYSTEM","20180718","230157","SYSTEM"
"0001229","御宿東鳳","御宿東鳳","ｵﾝﾔﾄﾞﾄｳﾎｳ","","御宿東鳳","","","","","","","","","","0","20180718","230157","SYSTEM","20180730","112003","000001"
"0001231","いわき健康センター","いわき健康センター","ｲﾜｷｹﾝｺｳｾﾝﾀ","","いわき市小浜町中ノ作45-1","","","0246-63-4126","","","","","","","0","20180718","230157","SYSTEM","20180718","230157","SYSTEM"
"0001234","東洋製缶　石岡工場","東洋製缶　石岡工場","ﾄｳﾖｳｾｲｶﾝ","","茨城県石岡市大字柏原８－２","","","02992-4-2711","","","","","","","0","20180718","230157","SYSTEM","20180718","230157","SYSTEM"
"0001240","大川荘","大川荘","ｵｵｶﾜｿｳ","","福島県会津若松市大戸町芦牧下タ平984","","","0242-92-2111","","","","","","","0","20180718","230157","SYSTEM","20180718","230157","SYSTEM"
"0001251","大野水耕生産組合","大野水耕生産組合","ｵｵﾉｽｲｺｳｾｲｻ","","福島県いわき市四倉駒込字戸沢地内","","","0246-33-2252","","","","","","","0","20180718","230157","SYSTEM","20180718","230157","SYSTEM"
"0001253","磐城共立病院","磐城共立病院","ｲﾜｷｷｮｳﾘﾂﾋﾞ","","福島県いわき市内郷御厩町久世原","","","","","","","","","","0","20180718","230157","SYSTEM","20180718","230157","SYSTEM"
"0001263","共同リネンサプライ","共同リネンサプライ","ｷｮｳﾄﾞｳﾘﾈﾝｻ","","茨城県北茨城市中郷町日棚644-43","","","0293-42-2941","","","","","","","0","20180718","230157","SYSTEM","20180718","230157","SYSTEM"
"0001270","国立病院機構福島病院","国立病院機構福島病院","ｺｸﾘﾂﾋﾞｮｳｲﾝﾌｸｼﾏ","","福島県須賀川市芦田塚13","","","0248-75-2131","","","","","","","0","20180718","230157","SYSTEM","20180730","112054","000001"
"0001275","航空自衛隊大滝根分屯基地","航空自衛隊大滝根分屯","ｺｳｸｳｼﾞｴｲﾀｲ","","福島県双葉郡川内村大字上川内字花ノ内6","","","0274-79-2277","","","","","","","0","20180718","230157","SYSTEM","20180718","230157","SYSTEM"
"0001279","クリナップクレート工場","クリナップクレート工","ｸﾘﾅｯﾌﾟｸﾚｰﾄ","","福島県いわき市常磐下船尾町蛇並28","","","0246-44-6398","","","","","","","0","20180718","230157","SYSTEM","20180718","230157","SYSTEM"
"0001281","郡山旭ファインガラス","郡山旭ファインガラス","ｺｵﾘﾔﾏ","","郡山旭ファインガラス","","","","","","","","","","0","20180718","230157","SYSTEM","20180718","230157","SYSTEM"
"0000212","三豊　福島工場","三豊　福島工場","ﾐﾂﾄﾖﾌｸｼﾏｺｳ","","福島県双葉郡広野町大字上北迫字岩沢1-3","","","0240-27-4144","","","","","","","0","20180718","230157","SYSTEM","20180718","230157","SYSTEM"
"0000213","太洋化学工業福島工場","太洋化学工業福島工場","ﾀｲﾖｳｶｶﾞｸｺｳ","","福島県双葉郡楢葉町大字山田岡字仲丸","","","0240-25-4700","","","","","","","0","20180718","230157","SYSTEM","20180718","230157","SYSTEM"
"0000214","東京電力広野火力発電所","東京電力広野火力発電","ﾄｳｷｮｳﾃﾞﾝﾘｮ","","福島県双葉郡広野町下北迫二ﾂ沼58","","","0240-27-3111","","","","","","","0","20180718","230157","SYSTEM","20180718","230157","SYSTEM"
"0000215","東京ﾊﾟﾜｰﾃｸﾉﾛｼﾞｰ　広野支社","東京ﾊﾟﾜｰﾃｸﾉﾛｼﾞｰ　広","ﾄｳｷｮｳﾊﾟﾜｰﾃ","","福島県双葉郡広野町大字下北迫二ツ沼58","","","0240-27-3159","","","","","","","0","20180718","230157","SYSTEM","20180718","230157","SYSTEM"
"0000216","日立ﾊﾟﾜｰｿﾘｭｰｼｮﾝｽﾞ大みか工場","日立ﾊﾟﾜｰｿﾘｭｰｼｮﾝｽﾞ大","ﾋﾀﾁﾊﾟﾜｰｿﾘｭ","","茨城県日立市大みか町5-2-1","","","0294-52-8380","","","","","","","0","20180718","230157","SYSTEM","20180718","230157","SYSTEM"
"0000217","日立多賀テクノロジー","日立多賀テクノロジー","ﾋﾀﾁﾀｶﾞﾃｸﾉﾛ","","茨城県日立市東多賀町１丁目1-1","","","0294-33-2251","","","","","","","0","20180718","230157","SYSTEM","20180718","230157","SYSTEM"
"0000218","日本化学産業福島工場","日本化学産業福島工場","ﾆﾎﾝｶｶﾞｸｻﾝｷ","","福島県双葉郡広野町大字下北迫岩沢31-61","","","0240-27-3347","","","","","","","0","20180718","230157","SYSTEM","20180718","230157","SYSTEM"
"0000219","日立製作所　臨海工場","日立製作所　臨海工場","ﾋﾀﾁｾｲｻｸｼﾞｮ","","茨城県日立市大みか町5-2-2","","","0294-53-1111","","","","","","","0","20180718","230157","SYSTEM","20180718","230157","SYSTEM"
"0000220","日本純薬　広野工場","日本純薬　広野工場","ﾆﾎﾝｼﾞｭﾝﾔｸ","","福島県双葉郡広野町大字上北迫字岩沢1-16","","","0240-28-0111","","","","","","","0","20180718","230157","SYSTEM","20180718","230157","SYSTEM"
"0000221","日立市企業局　森山浄水場","日立市企業局　森山浄","ﾓﾘﾔﾏｼﾞｮｳｽｲ","","茨城県日立市森山町４－４－１","","","","","","","","","","0","20180718","230157","SYSTEM","20180718","230157","SYSTEM"
"0000222","茨城リネンサプライ　東部工場","茨城リネンサプライ","ｲﾊﾞﾗｷﾘﾈﾝｻﾌ","","茨城県常陸太田市中城町字西鯉沼","","","02947-3-0101","","","","","","","0","20180718","230157","SYSTEM","20180718","230157","SYSTEM"
"0000223","荏原エンジニアリングサービス","荏原エンジニアリング","ｴﾊﾞﾗｴﾝｼﾞﾆｱ","","福島県田村郡小野町大字南田原井１３３－１","","","0247-72-6904","","","","","","","0","20180718","230157","SYSTEM","20180718","230157","SYSTEM"
"0000224","ウィズ・ウェストジャパン","ウィズ・ウェストジャ","ｳｨｽﾞｳｪｽﾄｼﾞ","","福島県田村郡小野町大字南田原井１３３－１","","","0247-72-6903","","","","","","","0","20180718","230157","SYSTEM","20180718","230157","SYSTEM"
"0000225","日本原子力研究開発機構核燃料ｻｲｸﾙ","日本原子力研究開発機","ﾆﾎﾝｹﾞﾝｼﾘｮｸ","","茨城県那珂郡東海村大字村松4-33","","","029-282-1111","","","","","","","0","20180718","230157","SYSTEM","20180718","230157","SYSTEM"
"0000227","ジェー・シー・オー東海事業所","ジェー・シー・オー東","ｼﾞｪｰｼｰｵｰ","","茨城県那珂郡東海村石神外宿2600","","","029-287-0511","","","","","","","0","20180718","230157","SYSTEM","20180718","230157","SYSTEM"
"0000228","大同化工","大同化工","ﾀﾞｲﾄﾞｳｶｺｳ","","福島県石川郡浅川町大字浅川字背戸谷地149","","","0247-36-3151","","","","","","","0","20180718","230157","SYSTEM","20180718","230157","SYSTEM"
"0000229","富岡浄化センター","富岡浄化センター","ﾄﾐｵｶｼﾞｮｳｶｾ","","福島県双葉郡富岡町大字仏浜字釜田401","","","0240-22-6704","","","","","","","0","20180718","230157","SYSTEM","20180718","230157","SYSTEM"
"0000230","東京電力福島第ニ原子力発電所","東京電力福島第ニ原子","ﾄｳｷｮｳﾃﾞﾝﾘｮ","","福島県双葉郡楢葉町波倉小浜作12","","","0240-25-4111","","","","","","","0","20180718","230157","SYSTEM","20180718","230157","SYSTEM"
"0000231","東電環境エンジニアリング富岡","東電環境エンジニアリ","ﾄｳﾃﾞﾝｶﾝｷｮｳ","","福島県双葉郡富岡町大字毛萱前川603","","","","","","","","","","0","20180718","230157","SYSTEM","20180718","230157","SYSTEM"
"0000232","レイクヒル猪苗代","レイクヒル猪苗代","ﾚｲｸﾋﾙ","","レイクヒル猪苗代","","","","","","","","","","0","20180718","230157","SYSTEM","20180718","230157","SYSTEM"
"0000233","東海外宿浄水場","東海外宿浄水場","ﾄｳｶｲﾑﾗｿﾄｼﾞ","","茨城県那珂郡東海村大字石神外宿１８７７","","","","","","","","","","0","20180718","230157","SYSTEM","20180718","230157","SYSTEM"
"0000234","東海村衛生センター","東海村衛生センター","ﾄｳｶｲﾑﾗｴｲｾｲ","","茨城県那珂郡東海村大字豊岡1-2","","","","","","","","","","0","20180718","230157","SYSTEM","20180718","230157","SYSTEM"
"0000235","日本原子力発電所　東海発電所","日本原子力発電所　東","ﾆﾎﾝｹﾞﾝｼﾘｮｸ","","茨城県那珂郡東海村大字白方1-1","","","","","","","","","","0","20180718","230157","SYSTEM","20180718","230157","SYSTEM"
"0000237","日本原子力研究所那珂研究所","日本原子力研究所那珂","ﾆﾎﾝｹﾞﾝｼﾘｮｸ","","茨城県那珂市向山801-1","","","029-295-3111","","","","","","","0","20180718","230157","SYSTEM","20180718","230157","SYSTEM"
"0000238","日本核燃料","日本核燃料","ﾆﾎﾝｶｸ","","日本核燃料","","","","","","","","","","0","20180718","230157","SYSTEM","20180718","230157","SYSTEM"
"0000239","日立オートモティブシステムズ","日立オートモティブシ","ﾋﾀﾁｵｰﾄﾓﾃｨﾌ","","茨城県ひたちなか市高場2500","","","029-276-8255","","","","","","","0","20180718","230157","SYSTEM","20180718","230157","SYSTEM"
"0000243","三菱原子燃料","三菱原子燃料","ﾐﾂﾋﾞｼｹﾞﾝｼﾈ","","茨城県那珂郡東海村大字舟石川622","","","0292-82-1166","","","","","","","0","20180718","230157","SYSTEM","20180718","230157","SYSTEM"
"0000244","みどり化学　福島工場","みどり化学　福島工場","ﾐﾄﾞﾘｶｶﾞｸﾌｸ","","福島県双葉郡富岡町大字上郡山字太田364","","","0240-22-1811","","","","","","","0","20180718","230157","SYSTEM","20180718","230157","SYSTEM"
"0000245","山田鍍金工業","山田鍍金工業","ﾔﾏﾀﾞﾒｯｷｺｳｷ","","福島県東白川郡矢祭町大字小田川久保58-5","","","0247-47-2124","","","","","","","0","20180718","230157","SYSTEM","20180718","230157","SYSTEM"
"0000246","旭ファインマテリアルズ","旭ファインマテリアル","ｱｻﾋﾌｧｲﾝﾏﾃﾘ","","茨城県ひたちなか市大字田彦寄井新田１０１","","","029-273-1319","","","","","","","0","20180718","230157","SYSTEM","20180718","230157","SYSTEM"
"0000247","エヌシーアイ電子　福島工場","エヌシーアイ電子　福","ｴﾇｼｰｱｲﾃﾞﾝｼ","","福島県須賀川市横山町93横山工業団地","","","0248-76-3155","","","","","","","0","20180718","230157","SYSTEM","20180718","230157","SYSTEM"
"0000248","エスエスケー新工場","エスエスケー新工場","ｴｽｴｽｹ","","エスエスケー新工場","","","","","","","","","","0","20180718","230157","SYSTEM","20180718","230157","SYSTEM"
"0000249","大内新興化学　須賀川工場","大内新興化学　須賀川","ｵｵｳﾁｽｶｶﾞﾜ","","福島県須賀川市下宿前１１１","","","02487-3-2171","","","","","","","0","20180718","230157","SYSTEM","20180718","230157","SYSTEM"
"0000250","クロス　佐和事業所","クロス　佐和事業所","ｸﾛｽｻﾜ","","茨城県ひたちなか市大字足崎1476","㈱鈴木製作所佐和工場内","","029-285-7310","","","","","","","0","20180718","230157","SYSTEM","20180718","230157","SYSTEM"
"0000251","後台浄水場","後台浄水場","ｺﾞﾀﾞｲｼﾞｮｳｽ","","茨城県那珂市那珂町大字後台3174","","","","","","","","","","0","20180718","230157","SYSTEM","20180718","230157","SYSTEM"
"0000252","エヌ・イー大熊","エヌ・イー大熊","ｴﾇ･ｲｰｵｵｸﾏ","","福島県双葉郡大熊町大字小入野東平152-4","大熊東工業団地内","","0240-32-5937","","","","","","","0","20180718","230157","SYSTEM","20180718","230157","SYSTEM"
"0000253","弥満和プレシジョン会津坂下工場","弥満和プレシジョン会","ﾔﾏﾜﾌﾟﾚｼｼﾞｮ","","福島県河沼郡会津坂下町大字坂本工業団地2","","","0242-83-1114","","","","","","","0","20180718","230157","SYSTEM","20180718","230157","SYSTEM"
"0000254","純正化学大熊工場","純正化学大熊工場","ｼﾞｭﾝｾｲｶｶﾞｸ","","福島県双葉郡大熊町大字夫沢東台大熊東","工業団地","","0240-32-5631","","","","","","","0","20180718","230157","SYSTEM","20180718","230157","SYSTEM"
"0000255","白土プリント配線製作所山崎工場","白土プリント配線製作","ｼﾗﾄﾞﾌﾟﾘﾝﾄ","","茨城県ひたちなか市柳沢山崎８０","","","0292-65-8666","","","","","","","0","20180718","230157","SYSTEM","20180718","230157","SYSTEM"
"0000256","ひたちなか市水道部十三奉行配水","ひたちなか市水道部十","ｼﾞｭｳｻﾝﾌﾞｷﾞ","","茨城県ひたちなか市十三奉行11476-1","","","","","","","","","","0","20180718","230157","SYSTEM","20180718","230157","SYSTEM"
"0000257","エイチ・シー・スタルク","エイチ・シー・スタル","ｴｲﾁ･ｼｰ･ｽﾀﾙ","","茨城県常陸大宮市工業団地9","","","02955-2-3997","","","","","","","0","20180718","230157","SYSTEM","20180718","230157","SYSTEM"
"0000259","大紀アルミニウム工業　白河工場","大紀アルミニウム工業","ﾀｲｷｱﾙﾐﾆｳﾑ","","福島県白河市大信下新城字池下5-3","","","0248-46-2565","","","","","","","0","20180718","230157","SYSTEM","20180718","230157","SYSTEM"
"0000260","トステム福島須賀川工場","トステム福島須賀川工","ﾄｽﾃﾑﾌｸｼﾏｽｶ","","福島県須賀川市前田川扇町1","","","0248-72-4300","","","","","","","0","20180718","230157","SYSTEM","20180718","230157","SYSTEM"
"0000262","トーアエクステリア","トーアエクステリア","ﾄｰｱｴ","","トーアエクステリア","","","","","","","","","","0","20180718","230157","SYSTEM","20180718","230157","SYSTEM"
"0000263","京葉興業","京葉興業","ｹｲﾖｳｺｳｷﾞｮｳ","","福島県西白河郡泉崎村大字泉崎八ｹ代山１","","","0248-53-3060","","","","","","","0","20180718","230157","SYSTEM","20200825","162352","000002"
"0000264","富山薬品工業","富山薬品工業","ﾄﾔﾏﾔｸﾋﾝｺｳｷ","","福島県双葉郡大熊町大字天沢字東台500-1","","","0240-32-6011","","","","","","","0","20180718","230157","SYSTEM","20180718","230157","SYSTEM"
"0000266","西白河地方衛生処理白河地方清掃セ","西白河地方衛生処理白","ﾆｼｼﾗ","","西白河地方衛生処理白河地方清掃セ","","","","","","","","","","0","20180718","230157","SYSTEM","20180718","230157","SYSTEM"
"0000267","ﾙﾈｻｽﾃｸﾉﾛｼﾞ　那珂","ﾙﾈｻｽﾃｸﾉﾛｼﾞ","ﾙﾈｻｽﾃｸﾉﾛｼﾞ","","茨城県ひたちなか市大字市毛882","","","0292-73-2111","","","","","","","0","20180718","230157","SYSTEM","20200207","113917","000002"
"0000268","日立ﾊﾟﾜｰｿﾘｭｰｼｮﾝｽﾞ勝田","日立ﾊﾟﾜｰｿﾘｭｰｼｮﾝｽﾞ勝","ﾋﾀﾁﾊﾟﾜｰｿﾘｭｰｼｮﾝｽﾞ","","茨城県ひたちなか市大字堀口832-2","","","029-276-5792","","","","","","","0","20180718","230157","SYSTEM","20230616","155519","000002"
"0000269","日立工機　勝田工場","日立工機　勝田工場","ﾋﾀﾁｺｳｷｶﾂﾀｺ","","茨城県ひたちなか市大字武田1060","","","0292-73-8111","","","","","","","0","20180718","230157","SYSTEM","20180718","230157","SYSTEM"
"0000270","日立工機　佐和工場","日立工機　佐和工場","ﾋﾀﾁｺｳｷｻﾜｺｳ","","茨城県ひたちなか市大字足崎１４５０","","","","","","","","","","0","20180718","230157","SYSTEM","20180718","230157","SYSTEM"
"0000271","ひたちなか市役所　上坪浄水場","ひたちなか市役所　上","ｶﾐﾂﾎﾞｼﾞｮｳｽ","","茨城県ひたちなか市大字市毛1200","","","0292-72-6366","","","","","","","0","20180718","230157","SYSTEM","20180718","230157","SYSTEM"
"0000272","水戸旭ファイン硝子","水戸旭ファイン硝子","ﾐﾄﾌｧ","","水戸旭ファイン硝子","","","","","","","","","","0","20180718","230157","SYSTEM","20180718","230157","SYSTEM"
"0000273","みどり化学大熊工場","みどり化学大熊工場","ﾐﾄﾞﾘｶｶﾞｸｵｵ","","福島県双葉郡大熊町大字夫沢東台８１","","","0240-32-5555","","","","","","","0","20180718","230157","SYSTEM","20180718","230157","SYSTEM"
"0000274","水戸市浄化センター","水戸市浄化センター","ﾐﾄｼｼﾞｮｳｶｾﾝ","","茨城県水戸市若宮１－１","","","","","","","","","","0","20180718","230157","SYSTEM","20180718","230157","SYSTEM"
"0000275","明糖油脂工業","明糖油脂工業","ﾒｲﾄｳﾕｼｺｳｷﾞ","","茨城県那珂市中台440","","","029-298-5111","","","","","","","0","20180718","230157","SYSTEM","20180718","230157","SYSTEM"
"0000276","コーケン泉事業所","コーケン泉事業所","ｺｰｹﾝｲｽﾞﾐｼﾞ","","福島県西白河郡泉崎村大字関和久字石名町","92-1","","0248-53-3641","","","","","","","0","20180718","230157","SYSTEM","20180718","230157","SYSTEM"
"0000277","福島オチアイ","福島オチアイ","ﾌｸｼﾏｵﾁｱｲ","","福島県須賀川市大字大栗池ノ久保３","","","0248-79-2131","","","","","","","0","20180718","230157","SYSTEM","20180718","230157","SYSTEM"
"0000278","協栄ｻｰｷｯﾄﾃｸﾉﾛｼﾞ福島","協栄ｻｰｷｯﾄﾃｸﾉﾛｼﾞ福島","ｷｮｳｴｲｻｰｷｯﾄﾃｸﾉﾛｼﾞ","","福島県西白河郡矢吹町堰の上305-2","","","0248-42-3151","","","","","","","0","20180718","230157","SYSTEM","20211204","130708","000002"
"0000279","リバティフーズ","リバティフーズ","ﾘﾊﾞﾃｨ","","リバティフーズ","","","","","","","","","","0","20180718","230157","SYSTEM","20180718","230157","SYSTEM"
"0000280","アサカ理研工業（田村）","アサカ理研工業（田村","ｱｻｶﾘｹﾝｺｳｷﾞ","","福島県郡山市田村町金屋ﾏｾﾛ47","","","024-944-4724","","","","","","","0","20180718","230157","SYSTEM","20180718","230157","SYSTEM"
"0000281","旭プレシジョンサーキット","旭プレシジョンサーキ","ｱｻﾋﾌﾟﾚｼｼﾞｮ","","福島県西白河郡西郷村大字米字椙山９－３２","","","0248-48-1500","","","","","","","0","20180718","230157","SYSTEM","20180718","230157","SYSTEM"
"0000283","エンテツ化工","エンテツ化工","ｴﾝﾃﾂｶｺｳ","","福島県郡山市田村町金屋新家114","","","024-944-9598","","","","","","","0","20180718","230157","SYSTEM","20180718","230157","SYSTEM"
"0000284","エスエス製薬　福島工場","エスエス製薬　福島工","ｴｽｴｽｾｲﾔｸﾌｸ","","福島県双葉郡浪江町大字北幾世橋北中谷地7","","","0240-34-4681","","","","","","","0","20180718","230157","SYSTEM","20180718","230157","SYSTEM"
"0000285","大宮地方環境","大宮地方環境","ｵｵﾐﾔﾁﾎｳｶﾝｷ","","茨城県常陸大宮市小野2090-1","","","0295-52-3535","","","","","","","0","20180718","230157","SYSTEM","20180718","230157","SYSTEM"
"0000286","水戸市小吹清掃センター","水戸市小吹清掃センタ","ｺﾌﾞｷｾｲｿｳｾﾝ","","茨城県水戸市小吹町８２０－１","","","0292-43-6811","","","","","","","0","20180718","230157","SYSTEM","20180718","230157","SYSTEM"
"0000287","ﾆｯｿｰﾌｧｲﾝ　郡山","ﾆｯｿｰﾌｧｲﾝ　郡山","ﾆｯｿｰﾌｧｲﾝ ｺｵﾘﾔﾏ","","福島県郡山市笹川１丁目176","","","0249-45-1886","","","","","","","0","20180718","230157","SYSTEM","20230822","113011","000002"
"0000289","東北化学工業　郡山工場","東北化学工業　郡山工","ﾄｳﾎｸｶｶﾞｸ","","福島県郡山市昭和1-2-4","","","0249-44-1001","","","","","","","0","20180718","230157","SYSTEM","20180718","230157","SYSTEM"
"0000290","浪江日立化成工業","浪江日立化成工業","ﾅﾐｴﾋﾀﾁｶｾｲｺ","","福島県双葉郡浪江町大字川添字中上ノ原161","","","0240-34-2191","","","","","","","0","20180718","230157","SYSTEM","20180718","230157","SYSTEM"
"0000291","日本原子力研究大洗研究開発ｾﾝﾀｰ","日本原子力研究大洗研","ﾆﾎﾝｹﾞﾝｼﾘｮｸ","","茨城県東茨城郡大洗町成田町3607","","","0292-67-4111","","","","","","","0","20180718","230157","SYSTEM","20180718","230157","SYSTEM"
"0000292","日本化学　第一工場(郡山）","日本化学　第一","ﾆﾎﾝｶｶﾞｸﾀﾞｲｲﾁ","","福島県郡山市松木町2-25","","","024-944-1165","","","","","","","0","20180718","230157","SYSTEM","20230530","135538","000002"
"0000295","信越石英　郡山工場","信越石英　郡山工場","ｼﾝｴﾂｾｷｴｲｺｵ","","福島県郡山市田村町金屋字川久保88","","","0249-43-0005","","","","","","","0","20180718","230157","SYSTEM","20180718","230157","SYSTEM"
"0000296","保土谷化学郡山","保土谷化学郡山","ﾎﾄﾞｶﾞﾔｶｶﾞｸ","","福島県郡山市谷島町4-5","","","","","","","","","","0","20180718","230157","SYSTEM","20180718","230157","SYSTEM"
"0000297","水戸市見川クリーン","水戸市見川クリーン","ﾐｶﾜｸﾘｰﾝ","","茨城県見川町４－６８１－７","","","","","","","","","","0","20180718","230157","SYSTEM","20180718","230157","SYSTEM"
"0000299","アサヒビール　福島工場","アサヒビール　福島工","ｱｻﾋﾋﾞｰﾙﾌｸｼ","","福島県本宮市荒井字上前畑1","","","0243-33-4117","","","","","","","0","20180718","230157","SYSTEM","20180718","230157","SYSTEM"
"0000300","曙ブレーキ工業　三春工場","曙ブレーキ工業　三春","ｱｹﾎﾞﾉﾌﾞﾚｰｷ","","福島県田村郡三春町大字熊耳南原１","","","02476-2-6111","","","","","","","0","20180718","230157","SYSTEM","20180718","230157","SYSTEM"
"0000301","小田原屋","小田原屋","ｵﾀﾞﾜﾗﾔ","","福島県郡山市富久山町久保田字イシバナ","１－１","","024-943-0300","","","","","","","0","20180718","230157","SYSTEM","20180718","230157","SYSTEM"
"0000302","大内新興化学　原町工場","大内新興化学　原町工","ｵｵｳﾁﾊﾗﾏﾁ","","福島県南相馬市原町区小浜狐沢1","","","0244-22-3165","","","","","","","0","20180718","230157","SYSTEM","20180718","230157","SYSTEM"
"0000304","水戸市役所水道部内原浄水場","水戸市役所水道部内原","ｳﾁﾊﾗｼﾞｮｳｽｲ","","茨城県水戸市鯉淵町4304-2","","","029-259-6119","","","","","","","0","20180718","230157","SYSTEM","20180718","230157","SYSTEM"
"0000305","三和化学工業　原町工場","三和化学工業　原町工","ｻﾝﾜｶｶﾞｸ ﾊﾗ","","福島県南相馬市原町区小浜間形沢100","","","0244-23-6291","","","","","","","0","20180718","230157","SYSTEM","20180718","230157","SYSTEM"
"0000306","山王　郡山工場","山王　郡山工場","ｻﾝﾉｳｺｵﾘﾔﾏｺ","","福島県郡山市字大河原87-5","","","024-944-2333","","","","","","","0","20180718","230157","SYSTEM","20180718","230157","SYSTEM"
"0000307","城北衛生センター","城北衛生センター","ｼﾞｮｳﾎｸｴｲｾｲ","","茨城県東茨城郡城里町大字小勝2571","","","0296-88-2311","","","","","","","0","20180718","230157","SYSTEM","20180718","230157","SYSTEM"
"0002955","東北ポール　北上","東北ポール　北上","ﾄｳﾎｸﾎﾟｰﾙ ｷﾀｶﾐ","","岩手県北上市村崎野16-120","","","0197-66-2316","","","","","","","0","20180731","093044","000002","20180731","093044","000002"
"0000308","信越半導体　白河工場","信越半導体　白河工場","ｼﾝｴﾂﾊﾝﾄﾞｳﾀ","","福島県西白河郡西郷村大字小田倉大平150","","","0248-25-6704","","","","","","","0","20180718","230157","SYSTEM","20180718","230157","SYSTEM"
"0000309","新日本電工　郡山工場","新日本電工　郡山工場","ｼﾝﾆﾎﾝﾃﾞﾝｺｳ","","福島県郡山市日和田町小堰26","","","0249-58-2321","","","","","","","0","20180718","230157","SYSTEM","20180718","230157","SYSTEM"
"0000310","日本化学　第二工場(三春）","日本化学　第二","ﾆﾎﾝｶｶﾞｸﾀﾞｲﾆ","","福島県田村郡三春町字天王前3","","","0247-62-3148","","","","","","","0","20180718","230157","SYSTEM","20230530","135558","000002"
"0000311","相馬原釜支所","相馬原釜支所","ｿｳﾏﾊﾗ","","相馬原釜支所","","","","","","","","","","0","20180718","230157","SYSTEM","20180718","230157","SYSTEM"
"0000312","富久山衛生センター","富久山衛生センター","ﾌｸﾔﾏ","","富久山衛生センター","","","","","","","","","","0","20180718","230157","SYSTEM","20180718","230157","SYSTEM"
"0000313","福島県食肉流通センター","福島県食肉流通センタ","ﾌｸｼﾏｹﾝｼｮｸﾆ","","福島県郡山市富久山町久保田古垣３３","","","024-943-3300","","","","","","","0","20180718","230157","SYSTEM","20180830","103058","000002"
"0000314","南那須地区広域行政事務組合","南那須地区広域行政事","ﾐﾅﾐﾅｽﾁｸｺｳｲ","","栃木県那須烏山市大桶872","","","0287-83-0021","","","","","","","0","20180718","230157","SYSTEM","20180718","230157","SYSTEM"
"0000315","ﾋﾞｼｪｲ　ﾎﾟﾘﾃｯｸ(三春)","ﾋﾞｼｪｲ　ﾎﾟﾘﾃｯｸ","ﾋﾞｼｪｲ ﾎﾟﾘﾃ","","福島県田村郡三春町大字熊耳字大平16","","","0247-62-3366","","","","","","","0","20180718","230157","SYSTEM","20231026","114058","000002"
"0000316","豊化学工業","豊化学工業","ﾕﾀｶｶｶﾞｸｺｳｷ","","福島県郡山市安積町笹川2-185-1","","","024-947-6163","","","","","","","0","20180718","230157","SYSTEM","20180718","230157","SYSTEM"
"0000317","オルガノ（原町）","オルガノ（原町）","ｵﾙｶﾞﾉ","","福島県原町市金沢トリイサワ１０６－６","","","0244-24-1614","","","","","","","0","20180718","230157","SYSTEM","20180718","230157","SYSTEM"
"0000318","クレハ樹脂加工　茨城工場","クレハ樹脂加工　茨城","ｸﾚﾊｼﾞｭｼｶｺｳ","","茨城県小美玉市上玉里2221","","","0299-26-1181","","","","","","","0","20180718","230157","SYSTEM","20180718","230157","SYSTEM"
"0000319","カゴメ　茨城工場","カゴメ　茨城工場","ｶｺﾞﾒｲﾊﾞﾗｷ","","茨城県小美玉市羽鳥2652","","","0299-46-0221","","","","","","","0","20180718","230157","SYSTEM","20180718","230157","SYSTEM"
"0000320","新那須那須温泉","新那須那須温泉","ｼﾝﾅｽ","","新那須那須温泉","","","","","","","","","","0","20180718","230157","SYSTEM","20180718","230157","SYSTEM"
"0000321","ｿﾆｰﾌｧｼﾘﾃｨﾏﾈｼﾞﾒﾝﾄ本宮事業所","ｿﾆｰﾌｧｼﾘﾃｨﾏﾈｼﾞﾒﾝﾄ本宮","ｿﾆｰﾌｧｼﾘﾃｨﾏ","","福島県本宮市字樋ノ口　2","","","0243-33-4331","","","","","","","0","20180718","230157","SYSTEM","20180718","230157","SYSTEM"
"0000322","ラサ工業　伊勢崎工場","ラサ工業　伊勢崎工場","ﾗｻｺｳｷﾞｮｳｲｾ","","群馬県伊勢崎市国領町449-7","","","0270-20-3211","","","","","","","0","20180718","230157","SYSTEM","20180718","230157","SYSTEM"
"0000323","中外化成　二本松工場","中外化成　二本松工場","ﾁｭｳｶﾞｲｶｾｲ","","福島県二本松市赤井沢35-3","","","0243-22-6050","","","","","","","0","20180718","230157","SYSTEM","20180718","230157","SYSTEM"
"0000324","日本デルモンテ福島工場","日本デルモンテ福島工","ﾆﾎﾝﾃﾞﾙﾓﾝﾃ","","福島県南相馬市原町区小川町555","","","02442-4-3211","","","","","","","0","20180718","230157","SYSTEM","20180718","230157","SYSTEM"
"0000325","那須環境技術","那須環境技術","ﾅｽｶﾝｷｮｳｷﾞｼ","","栃木県那須塩原市青木22番地152","","","0287-63-0233","","","","","","","0","20180718","230157","SYSTEM","20180718","230157","SYSTEM"
"0000326","那須地区広域第二衛生センター","那須地区広域第二衛生","ﾅｽﾁｸｺｳｲｷﾀﾞ","","栃木県那須塩原市越堀659-2","","","0287-62-1297","","","","","","","0","20180718","230157","SYSTEM","20180718","230157","SYSTEM"
"0000327","南相馬市原町第一下水処理場","南相馬市原町第一下水","ﾊﾗﾏﾁﾀﾞｲｲﾁ","","福島県南相馬市原町区錦町3-120","","","0244-22-2512","","","","","","","0","20180718","230157","SYSTEM","20180718","230157","SYSTEM"
"0000328","東北電力　原町火力発電所","東北電力　原町火力発","ﾊﾗﾏﾁｶﾘｮｸﾊﾂ","","福島県南相馬市原町区金沢字鳥井沢106-6","","","0244-24-1614","","","","","","","0","20180718","230157","SYSTEM","20180718","230157","SYSTEM"
"0000329","南相馬市牛越浄水場","南相馬市牛越浄水場","ｳｼｺﾞｴｼﾞｮｳｽ","","福島県南相馬市牛越字下川原60","","","0244-22-3547","","","","","","","0","20180718","230157","SYSTEM","20180718","230157","SYSTEM"
"0000330","南相馬市雫浄化センター","南相馬市雫浄化センタ","ﾐﾅﾐｿｳﾏｼｼﾄﾞ","","福島県南相馬市原町区雫権見下4441","","","","","","","","","","0","20180718","230157","SYSTEM","20180718","230157","SYSTEM"
"0000331","福島県エーアンドエーブロイラー","福島県エーアンドエー","ﾌｸｼﾏｹﾝｴｰｱﾝ","","福島県本宮市仁井田字馬乗22","","","0243-33-2310","","","","","","","0","20180718","230157","SYSTEM","20180718","230157","SYSTEM"
"0000332","オウジ","オウジ","ｵｳｼﾞ","","福島県二本松市小浜字反町558","","","0243-55-2244","","","","","","","0","20180718","230157","SYSTEM","20180718","230157","SYSTEM"
"0000335","南相馬市水道事業所　大谷浄水場","南相馬市水道事業所","ｵｵﾀﾆｼﾞｮｳｽ","","福島県南相馬市原町区大谷西山1-2","","","","","","","","","","0","20180718","230157","SYSTEM","20180718","230157","SYSTEM"
"0000338","キリンビール　栃木工場","キリンビール　栃木工","ｷﾘﾝﾋﾞｰﾙﾄﾁｷ","","栃木県塩谷郡高根沢町大字花岡147","","","","","","","","","","0","20180718","230157","SYSTEM","20180718","230157","SYSTEM"
"0000339","カゴメ　那須工場","カゴメ　那須工場","ｶｺﾞﾒﾅｽｺｳｼﾞ","","栃木県那須塩原市西富山30","","","02873-6-0650","","","","","","","0","20180718","230157","SYSTEM","20180718","230157","SYSTEM"
"0000340","三協（栃木）","三協（栃木）","ｻﾝｷｮｳ","","栃木県さくら市氏家1150-3","","","028-682-2930","","","","","","","0","20180718","230157","SYSTEM","20180718","230157","SYSTEM"
"0000341","塩谷クリンーセンター","塩谷クリンーセンター","ｼｵﾔｸﾘｰﾝｾﾝﾀ","","栃木県矢板市安沢字矢下3622-1","","","0287-48-2857","","","","","","","0","20180718","230157","SYSTEM","20180718","230157","SYSTEM"
"0000342","塩谷屎尿処理場","塩谷屎尿処理場","ｼｵﾔｼﾆｮｳｼｮﾘ","","栃木県矢板市安沢602塩谷広域行政組合内","","","","","","","","","","0","20180718","230157","SYSTEM","20180718","230157","SYSTEM"
"0000344","那須製紙","那須製紙","ﾅｽｾｲｼ","","栃木県那須塩原市一区町200","","","0287-36-2530","","","","","","","0","20180718","230157","SYSTEM","20180718","230157","SYSTEM"
"0000345","那須地区広域第一衛生センター","那須地区広域第一衛生","ﾅｽﾁｸｺｳｲｷﾀﾞ","","栃木県大田原市町島252-3","","","0287-22-3453","","","","","","","0","20180718","230157","SYSTEM","20180718","230157","SYSTEM"
"0000346","日立電線土浦工場","日立電線土浦工場","ﾋﾀﾁﾃﾞﾝｾﾝﾂﾁ","","茨城県土浦市大字木田余3550","","","0289-22-2111","","","","","","","0","20180718","230157","SYSTEM","20180718","230157","SYSTEM"
"0000347","日立建機　土浦工場","日立建機　土浦工場","ﾋﾀﾁｹﾝｷﾂﾁｳﾗ","","茨城県土浦市神立町650","","","029-831-1111","","","","","","","0","20180718","230157","SYSTEM","20180718","230157","SYSTEM"
"0000348","三星化学工業　相馬工場","三星化学工業　相馬工","ﾐﾂﾎﾞｼｶｶﾞｸｿ","","福島県相馬市蒲庭字孫目280","","","02443-3-5131","","","","","","","0","20180718","230157","SYSTEM","20180718","230157","SYSTEM"
"0000349","三菱自動車テクノメタル","三菱自動車テクノメタ","ﾐﾂﾋﾞｼ","","三菱自動車テクノメタル","","","","","","","","","","0","20180718","230157","SYSTEM","20180718","230157","SYSTEM"
"0000351","日本エレク福島電子センター","日本エレク福島電子セ","ﾆﾎﾝｴ","","日本エレク福島電子センター","","","","","","","","","","0","20180718","230157","SYSTEM","20180718","230157","SYSTEM"
"0000352","潮来市田ノ森浄水場","潮来市田ノ森浄水場","ｲﾀｺｼﾀﾉﾓﾘｼﾞ","","茨城県潮来市水原田ノ森1986-1","","","","","","","","","","0","20180718","230157","SYSTEM","20180718","230157","SYSTEM"
"0000354","エム・イー・エム・シー","エム・イー・エム・シ","ｴﾑｲｰｴﾑｼｰ","","栃木県宇都宮市清原工業団地１１－２","","","028-667-6333","","","","","","","0","20180718","230157","SYSTEM","20180718","230157","SYSTEM"
"0000355","茨城県企業職鹿行水道事務所","茨城県企業職鹿行水道","ﾛｯｺｳｽｲﾄﾞｳｼ","","茨城県鹿嶋市宮中376-1","","","0299-82-1121","","","","","","","0","20180718","230157","SYSTEM","20180718","230157","SYSTEM"
"0000356","霞ヶ浦流域下水道","霞ヶ浦流域下水道","ｶｽﾐｶﾞｳﾗﾘｭｳ","","茨城県土浦市湖北２－８－１","","","0298-24-4827","","","","","","","0","20180718","230157","SYSTEM","20180718","230157","SYSTEM"
"0000357","陸上自衛隊　郡山駐屯地業務隊","陸上自衛隊　郡山駐屯","ﾘｸｼﾞｮｳｼﾞｴｲ","","福島県郡山市大槻町字長右エ門林１","","","0249-51-0225","","","","","","","0","20180718","230157","SYSTEM","20180718","230157","SYSTEM"
"0000358","金沢第二埋立処分場","金沢第二埋立処分場","ｶﾅｻﾞﾜﾀﾞｲﾆｳ","","福島県福島市松川町金沢ミズガサク１１－１","","","024-567-6722","","","","","","","0","20180718","230157","SYSTEM","20180718","230157","SYSTEM"
"0000820","ＭＧＣｴﾚｸﾄﾛﾃｸﾉ(白河)","ＭＧＣｴﾚｸﾄﾛﾃｸﾉ","ｴﾑｼﾞｰｼｰｴﾚｸﾄﾛﾃｸﾉ","","福島県西白河郡西郷村大字米字椙山9-41","","","0248-25-5000","","","","","","","0","20180718","230157","SYSTEM","20230829","131602","000002"
"0000821","大塚鉄工　白河工場","大塚鉄工　白河工場","ｵｵﾂｶﾃｯｺｳｼﾗ","","福島県白河市大信中新城字金畑1-1","","","0248-46-2396","","","","","","","0","20180718","230157","SYSTEM","20180718","230157","SYSTEM"
"0000822","オリーブコーポレション","オリーブコーポレショ","ｵﾘｰﾌﾞ","","オリーブコーポレション","","","","","","","","","","0","20180718","230157","SYSTEM","20180718","230157","SYSTEM"
"0000823","表郷聖オリーブの郷","表郷聖オリーブの郷","ｵﾓﾃｺﾞｳｾｲｵﾘｰﾌﾞﾉｻﾄ","","表郷聖オリーブの郷","","","","","","","","","","0","20180718","230157","SYSTEM","20180730","104445","000001"
"0000003","郡山OT","郡山OT","ｺｵﾘﾔﾏ","","郡山OT","","","","","","","","","","0","20180718","230157","SYSTEM","20180718","230157","SYSTEM"
"0000001","小名浜","小名浜","ｵﾅﾊﾏ","","小名浜","","","","","","","","","","0","20180718","230157","SYSTEM","20180718","230157","SYSTEM"
"0000002","小名浜　２","小名浜　２","ｵﾅﾊﾏﾆ","","小名浜　２","","","","","","","","","","0","20180718","230157","SYSTEM","20180718","230157","SYSTEM"
"0000004","クレハ　いわき工場","クレハ　いわき工場","ｸﾚﾊｲﾜｷｺｳｼﾞ","","福島県いわき市錦町落合16","","","0246-63-5111","","","","","","","0","20180718","230157","SYSTEM","20180718","230157","SYSTEM"
"0000005","日軽原町","日軽原町","ﾆｯｹｲ","","福島県南相馬市原町区","","","","","","","","","","0","20180718","230157","SYSTEM","20180718","230157","SYSTEM"
"0000009","塩釜油槽所","塩釜油槽所","ｼｵｶﾞﾏﾕｿｳｼﾞｮ","","塩釜油槽所","","","","","","","","","","0","20180718","230157","SYSTEM","20180730","102756","000001"
"0000010","ケーヒン丸森工場","ケーヒン丸森工場","ｹｰﾋﾝﾏﾙﾓﾘｺｳ","","宮城県伊貝郡丸森町寺内舞前97","","","0244-72-2949","","","","","","","0","20180718","230157","SYSTEM","20180718","230157","SYSTEM"
"0000011","安達地区広域衛生センター","安達地区広域衛生セン","ｱﾀﾞﾁﾁ","","安達地区広域衛生センター","","","","","","","","","","0","20180718","230157","SYSTEM","20180718","230157","SYSTEM"
"0000012","あぶくまクリーンセンター","あぶくまクリーンセン","ｱﾌﾞｸﾏｸﾘｰﾝ","","福島県福島市渡利字梅ノ木畑1-1","","","024-531-6662","","","","","","","0","20180718","230157","SYSTEM","20180718","230157","SYSTEM"
"0000013","石巻広域西部衛生センター","石巻広域西部衛生セン","ｲｼﾉﾏｷｺｳｲｷｾ","","宮城県石巻市北村字群田51-1","","","0225-73-4365","","","","","","","0","20180718","230157","SYSTEM","20180718","230157","SYSTEM"
"0000014","一関地区広域行政組合一関清掃ｾﾝﾀｰ","一関地区広域行政組合","ｲﾁﾉｾｷｾｲｿｳｾ","","岩手県一関市狐禅寺字草ケ沢36-41","","","0191-21-2157","","","","","","","0","20180718","230157","SYSTEM","20180718","230157","SYSTEM"
"0000015","アイナバ","アイナバ","ｱｲﾅﾊﾞ","","福島県いわき市泉下川字宮ノ下29","","","0246-56-6388","","","","","","","0","20180718","230157","SYSTEM","20180718","230157","SYSTEM"
"0000016","いわき中部衛生センター","いわき中部衛生センタ","ｲﾜｷﾁｭｳﾌﾞｴｲ","","福島県いわき市常磐藤原町滝沢４２－１","","","0246-42-3403","","","","","","","0","20180718","230157","SYSTEM","20180718","230157","SYSTEM"
"0000017","いわき南部衛生センター","いわき南部衛生センタ","ｲﾜｷﾅﾝﾌﾞｴｲｾ","","福島県いわき市錦町須賀8-139","","","0246-65-3322","","","","","","","0","20180718","230157","SYSTEM","20180718","230157","SYSTEM"
"0000018","岩手東芝エレクトロニクス","岩手東芝エレクトロニ","ｲﾜﾃﾄｳｼﾊﾞｴﾚ","","岩手県北上市北工業団地6番6号","","","0197-71-3003","","","","","","","0","20180718","230157","SYSTEM","20180718","230157","SYSTEM"
"0000019","大崎広域中央桜ノ目衛生センター","大崎広域中央桜ノ目衛","ｵｵｻｷｻｸﾗﾉﾒ","","大崎市古川桜ノ目字新高谷347","","","","","","","","","","0","20180718","230157","SYSTEM","20180718","230157","SYSTEM"
"0000020","大崎広域東部衛生センター","大崎広域東部衛生セン","ｵｵｻｷｺｳｲｷﾄｳ","","宮城県遠田郡涌谷町字関谷沖名193-1","","","0229-43-2546","","","","","","","0","20180718","230157","SYSTEM","20180718","230157","SYSTEM"
"0000021","小名浜製錬","小名浜製錬","ｵﾅﾊﾏｾｲﾚﾝ","","福島県いわき市小名浜字渚1-1","","","0246-54-5331","","","","","","","0","20180718","230157","SYSTEM","20180718","230157","SYSTEM"
"0000022","ダスキン　福島工場","ダスキン　福島","ﾀﾞｽｷﾝ ﾌｸｼﾏｺｳｼﾞｮｳ","","福島県須賀川市森宿字道久1-10","","","0248-63-8110","","","","","","","0","20180718","230157","SYSTEM","20180927","134713","000002"
"0000023","河内清掃センター","河内清掃センター","ｶﾜｳﾁｾｲｿｳｾﾝ","","福島県郡山市逢瀬町河内字西牛房沢59","","","024-957-2761","","","","","","","0","20180718","230157","SYSTEM","20180718","230157","SYSTEM"
"0000024","川俣衛生処理","川俣衛生処理","ｶﾜﾏﾀｴｲｾｲｼｮ","","福島県伊達郡川俣町飯坂字下戸山９－４","","","024-566-4051","","","","","","","0","20180718","230157","SYSTEM","20180718","230157","SYSTEM"
"0000025","北岩手衛生処理","北岩手衛生処理","ｷﾀｲﾜﾃ","","北岩手衛生処理","","","","","","","","","","0","20180718","230157","SYSTEM","20180718","230157","SYSTEM"
"0000026","喜多方地方広域市町村圏組合(塩川)","喜多方地方広域市町村","ｷﾀｶﾀﾁﾎｳｺｳｲ","","福島県喜多方市塩川町大字会知字大川原2160","","","0241-27-3285","","","","","","","0","20180718","230157","SYSTEM","20180718","230157","SYSTEM"
"0000027","栗原市衛生センター","栗原市衛生センター","ｸﾘﾊﾗｼｴｲｾｲｾ","","宮城県栗原市若柳字上畑岡鵜経沢61-5","","","0228-33-2301","","","","","","","0","20180718","230157","SYSTEM","20180718","230157","SYSTEM"
"0000028","気仙沼方部","気仙沼方部","ｹｾﾝﾇﾏ","","気仙沼方部","","","","","","","","","","0","20180718","230157","SYSTEM","20180718","230157","SYSTEM"
"0000029","郡山市富久山ｸﾘｰﾝｾﾝﾀｰ衛生処理ｾﾝﾀｰ","郡山市富久山ｸﾘｰﾝｾﾝﾀｰ","ﾌｸﾔﾏｸﾘｰﾝｴｲ","","福島県郡山市富久山町福原北畑40-1","","","0249-22-9379","","","","","","","0","20180718","230157","SYSTEM","20180718","230157","SYSTEM"
"0000031","堺化学工業　小名浜事業所","堺化学工業　小名浜事","ｻｶｲｶｶﾞｸｵﾅﾊ","","福島県いわき市泉町下川田宿110","","","0246-56-5111","","","","","","","0","20180718","230157","SYSTEM","20180718","230157","SYSTEM"
"0000032","酒田共同火力発電","酒田共同火力発電","ｻｶﾀｷｮｳﾄﾞｳｶ","","山形県酒田市宮海字南浜1番19号","","","0234-34-2321","","","","","","","0","20180718","230157","SYSTEM","20180718","230157","SYSTEM"
"0000033","三和　秋田工場","三和　秋田工場","ｻﾝﾜｱｷﾀ","","秋田県雄勝郡羽後町大戸字水里171-2","","","0183-62-1141","","","","","","","0","20180718","230157","SYSTEM","20180718","230157","SYSTEM"
"0000034","ジークライト（山形）","ジークライト（山形）","ｼﾞｰｸﾗｲﾄ","","山形県米沢市大字板谷315","","","0238-34-2111","","","","","","","0","20180718","230157","SYSTEM","20180718","230157","SYSTEM"
"0000035","ジャパンパイル製造","ジャパンパイル製造","ｼﾞｬﾊﾟﾝﾊﾟｲﾙ","","福島県いわき市好間町榊小屋字生木葉12","","","0246-36-1191","","","","","","","0","20180718","230157","SYSTEM","20180718","230157","SYSTEM"
"0000036","志津川歌津衛生センター","志津川歌津衛生センタ","ｼﾂﾞｶﾜｳﾀﾂｴｲ","","宮城県本吉郡南三陸町戸倉脇の沢41-1","","","0226-46-9043","","","","","","","0","20180718","230157","SYSTEM","20180718","230157","SYSTEM"
"0000037","柴田衛生センター","柴田衛生センター","ｼﾊﾞﾀｴｲｾｲｾﾝ","","宮城県柴田郡柴田町大字成田字待江151","","","0224-56-3734","","","","","","","0","20180718","230157","SYSTEM","20180718","230157","SYSTEM"
"0000038","紫波稗貫衛生処理組合","紫波稗貫衛生処理組合","ｼﾜﾋｴﾇｷｴｲｾｲ","","岩手県紫波郡紫波町南日詰小路口92-1","","","019-672-2017","","","","","","","0","20180718","230157","SYSTEM","20180718","230157","SYSTEM"
"0000039","昭栄コンクリート工業","昭栄コンクリート工業","ｼｮｳｴｲｺﾝｸﾘｰ","","福島県田村市大越町牧野字深谷33-9","","","0247-85-2981","","","","","","","0","20180718","230157","SYSTEM","20180718","230157","SYSTEM"
"0000040","ｸﾞﾛｰﾊﾞﾙｱﾄﾞﾊﾞﾝｽﾄﾒﾀﾙｼﾞｬﾊﾟﾝ","ｸﾞﾛｰﾊﾞﾙｱﾄﾞﾊﾞﾝｽﾄﾒﾀﾙｼﾞ","ｸﾞﾛｰﾊﾞﾙｱﾄﾞ","","福島県河沼郡河東町大字東長原","","","0242-75-2121","","","","","","","0","20180718","230157","SYSTEM","20180718","230157","SYSTEM"
"0000041","白石衛生センター","白石衛生センター","ｼﾗｲｼｴｲｾｲｾﾝ","","宮城県白石市白川内親字五輪沢9","","","0224-27-2111","","","","","","","0","20180718","230157","SYSTEM","20180718","230157","SYSTEM"
"0000042","白河清掃センター","白河清掃センター","ｼﾗｶﾜｾｲｿｳｾﾝ","","福島県白河市大字牛帰1141","","","0248-23-2750","","","","","","","0","20180718","230157","SYSTEM","20180718","230157","SYSTEM"
"0000043","住友ゴム工業　白河","住友ゴム工業　白河","ｽﾐﾄﾓｺﾞﾑｼﾗｶ","","福島県白河市双石広久保1","","","0248-22-3311","","","","","","","0","20180718","230157","SYSTEM","20180718","230157","SYSTEM"
"0000044","仙台火力発電所","仙台火力発電所","ｾﾝﾀﾞｲｶﾘｮｸ","","宮城県宮城郡七ヶ浜町代ケ崎浜字前島1","","","022-357-2121","","","","","","","0","20180718","230157","SYSTEM","20180718","230157","SYSTEM"
"0000359","キャノン宇都宮工場","キャノン宇都宮工場","ｷｬﾉﾝｳﾂﾉﾐﾔｺ","","栃木県宇都宮市清原工業団地19-1","","","","","","","","","","0","20180718","230157","SYSTEM","20180718","230157","SYSTEM"
"0000360","光南鍍金工業所","光南鍍金工業所","ｺｳﾅﾝﾒｯｷｺｳｷ","","福島県福島市黒岩字遠沖30-1","","","0245-46-5438","","","","","","","0","20180718","230157","SYSTEM","20180718","230157","SYSTEM"
"0000361","三和ニードルベアリング","三和ニードルベアリン","ｻﾝﾜﾆ","","三和ニードルベアリング","","","","","","","","","","0","20180718","230157","SYSTEM","20180718","230157","SYSTEM"
"0000362","シイヤメッキ工業所","シイヤメッキ工業所","ｼｲﾔﾒｯｷｺｳｷﾞ","","福島県相馬市小泉字沖ノ内313","","","0244-36-0418","","","","","","","0","20180718","230157","SYSTEM","20180718","230157","SYSTEM"
"0000363","美野里水道","美野里水道","ﾐﾉﾘｽｲ","","美野里水道","","","","","","","","","","0","20180718","230157","SYSTEM","20180718","230157","SYSTEM"
"0000364","新陽工業","新陽工業","ｼﾝﾖｳｺｳｷﾞｮｳ","","栃木県宇都宮市清原工業団地２１－４","日本金属内","","028-667-3040","","","","","","","0","20180718","230157","SYSTEM","20180718","230157","SYSTEM"
"0000365","高崎製紙　日光工場","高崎製紙　日光工場","ﾀｶｻｷ","","高崎製紙　日光工場","","","","","","","","","","0","20180718","230157","SYSTEM","20180718","230157","SYSTEM"
"0000366","栃木明治牛乳","栃木明治牛乳","ﾄﾁｷﾞﾒｲｼﾞｷﾞ","","栃木県宇都宮市平出工業団地53","","","0286-61-4431","","","","","","","0","20180718","230157","SYSTEM","20180718","230157","SYSTEM"
"0000367","トリー食品","トリー食品","ﾄﾘｰｼｮ","","トリー食品","","","","","","","","","","0","20180718","230157","SYSTEM","20180718","230157","SYSTEM"
"0000368","ダイヤ精密鋳造","ダイヤ精密鋳造","ﾀﾞｲﾔｾｲﾐﾂﾁｭ","","栃木県宇都宮市平出工業団地1-17","","","","","","","","","","0","20180718","230157","SYSTEM","20180718","230157","SYSTEM"
"0000369","栃木住友電工","栃木住友電工","ﾄﾁｷﾞｽﾐﾄﾓﾃﾞ","","栃木県宇都宮市清原工業団地18-4","","","","","","","","","","0","20180718","230157","SYSTEM","20180718","230157","SYSTEM"
"0000370","日本電解㈱下館工場","日本電解㈱下館工場","ﾆﾎﾝﾃﾞﾝｶｲｼﾓ","","茨城県筑西市下江連1226","","","0296-28-5551","","","","","","","0","20180718","230157","SYSTEM","20180718","230157","SYSTEM"
"0000371","デンロコーポレーション東北工場","デンロコーポレーショ","ﾃﾞﾝﾛｺｰﾎﾟﾚｰ","","福島県相馬市塚部字新城下44-2","","","0244-36-2235","","","","","","","0","20180718","230157","SYSTEM","20180718","230157","SYSTEM"
"0000372","日東紡績(株)福島工場","日東紡績(株)福島工場","ﾆｯﾄｳﾎﾞｳｾｷ","","福島県福島市郷野目東1","","","0245-46-3136","","","","","","","0","20180718","230157","SYSTEM","20180718","230157","SYSTEM"
"0000373","セイコーＮＰＣ","セイコーＮＰＣ","ｾｲｺｰｴﾇﾋﾟｰｼ","","栃木県那須塩原市下田野531-1","","","0287-35-3113","","","","","","","0","20180718","230157","SYSTEM","20180718","230157","SYSTEM"
"0000375","ﾊﾟﾅｿﾆｯｸ半導体ﾃﾞｨｽｸﾘｰﾄﾃﾞﾊﾞｲｽ清原","ﾊﾟﾅｿﾆｯｸ半導体ﾃﾞｨｽｸﾘｰ","ﾊﾟﾅｿﾆｯｸﾊﾝﾄ","","栃木県宇都宮市清原工業団地23-9","","","0286-67-6571","","","","","","","0","20180718","230157","SYSTEM","20180718","230157","SYSTEM"
"0000377","森永乳業　福島工場","森永乳業　福島工場","ﾓﾘﾅｶﾞﾆｭｳｷﾞ","","福島県福島市伏拝字清水内5","","","0245-45-0136","","","","","","","0","20180718","230157","SYSTEM","20180718","230157","SYSTEM"
"0000378","渡利浄水場","渡利浄水場","ﾜﾀﾘｼﾞｮｳｽｲｼ","","福島県福島市小倉寺赤坂１２","","","0245-22-6041","","","","","","","0","20180718","230157","SYSTEM","20180718","230157","SYSTEM"
"0000379","DDPｽﾍﾟｼｬﾙﾃｨ・ﾌﾟﾛﾀﾞｸﾂ･ｼﾞｬﾊﾟﾝ","DDP　相馬","DDP","","福島県相馬市光陽1-2-3","","","0244-38-7801","","","","","","","0","20180718","230157","SYSTEM","20210731","105129","000002"
"0000380","本田技研工業　真岡部品製作所","本田技研工業　真岡部","ﾎﾝﾀﾞｷﾞｹﾝｺｳ","","栃木県真岡市松山町19","","","02858-4-3434","","","","","","","0","20180718","230157","SYSTEM","20180718","230157","SYSTEM"
"0000381","つくば市中央配水場","つくば市中央配水場","ﾂｸﾊﾞｼ","","つくば市中央配水場","","","","","","","","","","0","20180718","230157","SYSTEM","20180718","230157","SYSTEM"
"0000382","相馬市下水処理場","相馬市下水処理場","ｿｳﾏｼｹﾞｽｲｼｮ","","福島県相馬市光陽３－２－１","","","0244-36-1231","","","","","","","0","20180718","230157","SYSTEM","20180718","230157","SYSTEM"
"0000383","福島市荒川クリーンセンター","福島市荒川クリーンセ","ｱﾗｶﾜｸﾘｰﾝｾﾝ","","福島県福島市仁井田北原８－１","","","024-546-1833","","","","","","","0","20180718","230157","SYSTEM","20180718","230157","SYSTEM"
"0000385","茨城県企業局　県西水道事務所","茨城県企業局　県西水","ｲﾊﾞﾗｷｹﾝｷｷﾞ","","茨城県筑西市辻2382","","","0296-37-7402","","","","","","","0","20180718","230157","SYSTEM","20180718","230157","SYSTEM"
"0000386","茨城県企業局　阿見浄水場","茨城県企業局　阿見浄","ｱﾐｼﾞｮｳｽｲｼﾞ","","茨城県稲敷郡阿見町追原2586","","","0298-89-2330","","","","","","","0","20180718","230157","SYSTEM","20180718","230157","SYSTEM"
"0000387","宇都宮製紙","宇都宮製紙","ｳﾂﾉﾐﾔ","","宇都宮製紙","","","","","","","","","","0","20180718","230157","SYSTEM","20180718","230157","SYSTEM"
"0000388","小関秀雄商店","小関秀雄商店","ｺｾｷﾋﾃﾞｵｼｮｳ","","福島県福島市北中央３－８５－１","","","0245-35-1351","","","","","","","0","20180718","230157","SYSTEM","20180718","230157","SYSTEM"
"0000390","三水プラント","三水プラント","ｻﾝｽｲﾌﾟﾗﾝﾄ","","栃木県宇都宮市滝の原１－２－１２","","","0286-34-7028","","","","","","","0","20180718","230157","SYSTEM","20180718","230157","SYSTEM"
"0000391","誠和工業　美浦工場","誠和工業　美浦工場","ｾｲﾜｺｳｷﾞｮｳﾐ","","茨城県稲敷郡美浦村大字土屋字山下1982","","","0298-85-0647","","","","","","","0","20180718","230157","SYSTEM","20180718","230157","SYSTEM"
"0000392","東洋特紙","東洋特紙","ﾄｳﾖｳ","","東洋特紙","","","","","","","","","","0","20180718","230157","SYSTEM","20180718","230157","SYSTEM"
"0000393","日本無機　結城工場","日本無機　結城工場","ﾆﾎﾝﾑｷ","","茨城県結城市サクノタニ415","","","02963-2-2101","","","","","","","0","20180718","230157","SYSTEM","20180718","230157","SYSTEM"
"0000394","東西化学産業　宇都宮工場","東西化学産業　宇都宮","ﾄｳｻﾞｲｶｶﾞｸｻ","","栃木県さくら市鷲宿4480","","","0286-86-4168","","","","","","","0","20180718","230157","SYSTEM","20180718","230157","SYSTEM"
"0000396","日産自動車　栃木工場","日産自動車　栃木工場","ﾆｯｻﾝｼﾞﾄﾞｳｼ","","栃木県河内郡上三川町大字上蒲生2500","","","0285-56-1204","","","","","","","0","20180718","230157","SYSTEM","20180718","230157","SYSTEM"
"0000398","富士通プリント","富士通プリント","ﾌｼﾞﾂｳ","","富士通プリント","","","","","","","","","","0","20180718","230157","SYSTEM","20180718","230157","SYSTEM"
"0000399","横浜ガルバー　小山工場","横浜ガルバー　小山工","ﾖｺﾊﾏｶﾞﾙﾊﾞｰ","","栃木県下野市下坪山1838-1","下坪山工業団地内","","0285-48-1919","","","","","","","0","20180718","230157","SYSTEM","20180718","230157","SYSTEM"
"0000400","早川機器店","早川機器店","ﾊﾔｶﾜｷｷﾃﾝ","","栃木県日光市矢野口383","","","0288-26-8017","","","","","","","0","20180718","230157","SYSTEM","20180718","230157","SYSTEM"
"0000402","日水製薬　つくば工場","日水製薬　つくば工場","ﾆｯｽｲｾｲﾔｸﾂｸ","","茨城県筑西市向上野1500-12","","","0296-52-6111","","","","","","","0","20180718","230157","SYSTEM","20180718","230157","SYSTEM"
"0000403","宇都宮市上下水道局白沢浄水場","宇都宮市上下水道局白","ｼﾗｻﾜｼﾞｮｳｽｲ","","栃木県宇都宮市白沢町1136-18","","","028-673-3221","","","","","","","0","20180718","230157","SYSTEM","20180718","230157","SYSTEM"
"0000404","三芳水道企業団山本浄水場","三芳水道企業団山本浄","ﾔﾏﾓﾄｼﾞｮｳｽｲ","","千葉県館山市山本540","","","0470-22-0794","","","","","","","0","20180718","230157","SYSTEM","20180718","230157","SYSTEM"
"0000405","川田処理場","川田処理場","ｶﾜﾀﾞｼｮﾘｼﾞｮ","","栃木県宇都宮市川田町２４０","","","0286-56-5771","","","","","","","0","20180718","230157","SYSTEM","20180718","230157","SYSTEM"
"0000406","宇都宮市上下水道局松田新田浄水場","宇都宮市上下水道局松","ﾏﾂﾀﾞｼﾝﾃﾞﾝｼ","","栃木県宇都宮市今里町1188-2","","","028-674-2259","","","","","","","0","20180718","230157","SYSTEM","20180718","230157","SYSTEM"
"0000407","会津若松地方広域市町村圏整備組合","会津若松地方広域市町","ｱｲﾂﾞﾜｶﾏﾂﾁﾎ","","福島県会津若松市神指町大字南四合字深川西","292-2","","0242-27-9004","","","","","","","0","20180718","230157","SYSTEM","20180718","230157","SYSTEM"
"0000408","ｵﾝ･ｾﾐｺﾝﾀﾞｸﾀｰ･ﾃｸﾉﾛｼﾞｰ","ｵﾝ･ｾﾐｺﾝﾀﾞｸﾀｰ･ﾃｸﾉﾛｼﾞｰ","ｵﾝｾﾐｺﾝﾀﾞｸﾀ","","福島県喜多方市塩川町小府根字大谷地1","","","0241-27-2231","","","","","","","0","20180718","230157","SYSTEM","20180718","230157","SYSTEM"
"0000409","鹿島下水道事務所","鹿島下水道事務所","ｶｼﾏｹﾞｽｲ","","茨城県神栖市北浜9","","","0299-96-2617","","","","","","","0","20180718","230157","SYSTEM","20180718","230157","SYSTEM"
"0000410","福島県下水道公社県北浄化センター","福島県下水道公社県北","ｹﾝﾎﾟｸｼﾞｮｳｶ","","福島県伊達郡国見町大字徳江字上悪戸46-1","","","024-585-1601","","","","","","","0","20180718","230157","SYSTEM","20180718","230157","SYSTEM"
"0000411","三和化学研究所ＦＵＫＵＳＨＩＭＡ","三和化学研究所ＦＵＫ","ｻﾝﾜｶｶﾞｸｹﾝｷ","","福島県会津若松市門田町工業団地1","","","0242-28-6661","","","","","","","0","20180718","230157","SYSTEM","20180718","230157","SYSTEM"
"0000413","ﾆｲﾀｶ　つくば工場","ﾆｲﾀｶ　つくば工場","ﾆｲﾀｶﾂｸﾊﾞｺｳ","","茨城県龍ヶ崎市向陽台３－５－３","つくばの里工業団地内","","0297-64-1141","","","","","","","0","20180718","230157","SYSTEM","20220225","092230","000005"
"0000414","常総衛生","常総衛生","ｼﾞｮｳｿｳｴｲｾｲ","","茨城県つくばみらい市小絹1450","","","0297-52-3037","","","","","","","0","20180718","230157","SYSTEM","20180718","230157","SYSTEM"
"0000415","下妻地方広域事務組合　城山公苑","下妻地方広域事務組合","ｼﾓﾂﾏｺ","","下妻地方広域事務組合　城山公苑","","","","","","","","","","0","20180718","230157","SYSTEM","20180718","230157","SYSTEM"
"0000416","ﾚｿﾞﾅｯｸ東長原事業所","ﾚｿﾞﾅｯｸ東長原事業所","ｼｮｳﾜﾃﾞﾝｺｳﾋ","","福島県会津若松市河東町東長原字長谷地111","","","0242-75-2121","","","","","","","0","20180718","230157","SYSTEM","20230218","114407","000002"
"0000420","ダイキン工業　鹿島製作所","ダイキン工業　鹿島製","ﾀﾞｲｷﾝｺｳｷﾞｮ","","茨城県神栖市砂山21","","","0479-46-2441","","","","","","","0","20180718","230157","SYSTEM","20180718","230157","SYSTEM"
"0000421","トーテック","トーテック","ﾄｰﾃｯｸ","","トーテック","","","","","","","","","","0","20180718","230157","SYSTEM","20180718","230157","SYSTEM"
"0000422","茨城県企業局　利根川浄水場","茨城県企業局　利根川","ﾄﾈｶﾞﾜｼﾞｮｳｽ","","茨城県取手市大字小文間８０","","","0297-73-5651","","","","","","","0","20180718","230157","SYSTEM","20180718","230157","SYSTEM"
"0000423","ゴスペル・トーシン","ゴスペル・トーシン","ｺﾞｽﾍﾟﾙﾄｰｼﾝ","","福島県伊達市鶴巻10-1","","","024-583-2131","","","","","","","0","20180718","230157","SYSTEM","20180718","230157","SYSTEM"
"0000424","栃木地区広域衛生センター","栃木地区広域衛生セン","ﾄﾁｷﾞﾁｸｺｳｲｷ","","栃木県栃木市城内町2-61","","","0282-22-2845","","","","","","","0","20180718","230157","SYSTEM","20180718","230157","SYSTEM"
"0000425","トーメイダイヤ小山工場","トーメイダイヤ小山工","ﾄｰﾒｲﾀﾞｲﾔｵﾔ","","栃木県小山市城東４丁目5-1","","","0285-22-5821","","","","","","","0","20180718","230157","SYSTEM","20180718","230157","SYSTEM"
"0000428","大昌電子　栃木工場","大昌電子　栃木工場","ﾀｲｼｮｳﾃﾞﾝｼﾄ","","栃木県日光市土沢1383","","","0288-22-2151","","","","","","","0","20180718","230157","SYSTEM","20180718","230157","SYSTEM"
"0000429","中央ケミカル東長原工場","中央ケミカル東長原工","ﾁｭｳｵｳｹﾐｶﾙﾋ","","福島県会津若松市河東町東長原字長谷地111","","","0242-75-3188","","","","","","","0","20180718","230157","SYSTEM","20180718","230157","SYSTEM"
"0000430","日清食品　関東工場","日清食品　関東工場","ﾆｯｼﾝｼｮｸﾋﾝ","","茨城県取手市清水667-1","","","0297-82-6111","","","","","","","0","20180718","230157","SYSTEM","20180718","230157","SYSTEM"
"0000431","日本ハム食品","日本ハム食品","ﾆﾎﾝﾊﾑ","","日本ハム食品","","","","","","","","","","0","20180718","230157","SYSTEM","20180718","230157","SYSTEM"
"0000432","日曹金属化学　会津","日曹金属化学　会津","ﾆｯｿｳｷﾝｿﾞｸ","","福島県耶麻郡磐梯町大字磐梯1372","","","0242-73-2123","","","","","","","0","20180718","230157","SYSTEM","20180718","230157","SYSTEM"
"0000433","富士通会津若松","富士通会津若松","ﾌｼﾞﾂｳｱｲﾂﾞﾜ","","福島県会津若松市門田町工業団地3","","","0242-38-2753","","","","","","","0","20180718","230157","SYSTEM","20180718","230157","SYSTEM"
"0000434","フクシマフーズ","フクシマフーズ","ﾌｸｼﾏﾌｰｽﾞ","","福島県伊達郡桑折町大字成田字二本木10-1","","","024-582-2260","","","","","","","0","20180718","230157","SYSTEM","20180718","230157","SYSTEM"
"0000435","守谷市水道事務所","守谷市水道事務所","ﾓﾘﾔｼｽｲﾄﾞｳｼ","","茨城県守谷市百合ケ丘2-2734-1","","","0297-48-1842","","","","","","","0","20180718","230157","SYSTEM","20180718","230157","SYSTEM"
"0000436","山印醸造　関東工場","山印醸造　関東工場","ﾔﾏｼﾞﾙｼｼﾞｮｳ","","茨城県常総市内守谷町4121-1","","","0297-27-3625","","","","","","","0","20180718","230157","SYSTEM","20180718","230157","SYSTEM"
"0000437","ｵﾙｶﾞﾉ富士通ＡＭＤ","ｵﾙｶﾞﾉ富士通ＡＭＤ","ｵﾙｶﾞﾉ","","ｵﾙｶﾞﾉ富士通ＡＭＤ","","","","","","","","","","0","20180718","230157","SYSTEM","20180718","230157","SYSTEM"
"0000438","鹿沼市第四浄水場","鹿沼市第四浄水場","ｶﾇﾏｼﾀ","","鹿沼市第四浄水場","","","","","","","","","","0","20180718","230157","SYSTEM","20180718","230157","SYSTEM"
"0000439","会津地区広域長峰","会津地区広域長峰","ｱｲﾂﾞﾁ","","会津地区広域長峰","","","","","","","","","","0","20180718","230157","SYSTEM","20180718","230157","SYSTEM"
"0000440","伊藤ハム　東京工場","伊藤ハム　東京工場","ｲﾄｳﾊﾑ","","千葉県柏市根戸1-3","","","0471-32-3125","","","","","","","0","20180718","230157","SYSTEM","20180718","230157","SYSTEM"
"0000441","アクアス境","アクアス境","ｱｸｱｽｻｶｲ","","茨城県猿島郡境町境工業団地","","","0280-87-2111","","","","","","","0","20180718","230157","SYSTEM","20180718","230157","SYSTEM"
"0000442","あいずダストセンター","あいずダストセンター","ｱｲﾂﾞﾀﾞｽﾄｾﾝ","","福島県河沼郡柳津町大字藤字鶴ヶ峰4330-23","","","0241-42-2890","","","","","","","0","20180718","230157","SYSTEM","20180718","230157","SYSTEM"
"0000443","カネヨ石鹸","カネヨ石鹸","ｶﾈﾖｾｯｹﾝ","","山形県米沢市坂谷７３－３","","","","","","","","","","0","20180718","230157","SYSTEM","20180718","230157","SYSTEM"
"0000444","天野商店","天野商店","ｱﾏﾉｼｮｳﾃﾝ","","福島県二本松市竹田1-78","","","0243-22-0338","","","","","","","0","20180718","230157","SYSTEM","20180718","230157","SYSTEM"
"0000445","利根流域下水道","利根流域下水道","ﾄﾈﾘｭｳ","","利根流域下水道","","","","","","","","","","0","20180718","230157","SYSTEM","20180718","230157","SYSTEM"
"0000446","東洋珪酸ソーダ","東洋珪酸ソーダ","ﾄｳﾖｳｹ","","東洋珪酸ソーダ","","","","","","","","","","0","20180718","230157","SYSTEM","20180718","230157","SYSTEM"
"0000447","ＴＤＫ（成田）","ＴＤＫ（成田）","ﾃｨｰﾃﾞ","","ＴＤＫ（成田）","","","","","","","","","","0","20180718","230157","SYSTEM","20180718","230157","SYSTEM"
"0000448","東京港食品","東京港食品","ﾄｳｷｮｳ","","東京港食品","","","","","","","","","","0","20180718","230157","SYSTEM","20180718","230157","SYSTEM"
"0000449","日本製紙　岩沼工場","日本製紙　岩沼工場","ﾆﾎﾝｾｲｼｲﾜﾇﾏ","","宮城県岩沼市大昭和1-1","","","0223-22-6222","","","","","","","0","20180718","230157","SYSTEM","20180718","230157","SYSTEM"
"0000450","ｹﾐｺﾝ東日本ﾏﾃﾘｱﾙ","ｷﾐｺﾝﾋｶﾞｼﾆﾎﾝﾏﾃﾘｱﾙ","ｹﾐｺﾝﾋｶﾞｼﾆﾎﾝ","","福島県喜多方市下川原8086-1","","","0241-23-1251","","","","","","","0","20180718","230157","SYSTEM","20200425","111149","000002"
"0000451","日立粉末冶金（香取）","日立粉末冶金（香取）","ﾋﾀﾁﾌﾝﾏﾂﾔｷﾝ","","千葉県香取郡多古町水戸1","","","0479-76-5571","","","","","","","0","20180718","230157","SYSTEM","20180718","230157","SYSTEM"
"0000452","古河電気工業　日光","古河電気工業　日光","ﾌﾙｶﾜﾃﾞﾝｷｺｳ","","栃木県日光市清滝町500","","","0288-54-0501","","","","","","","0","20180718","230157","SYSTEM","20180718","230157","SYSTEM"
"0000453","茨城県企業局水海道浄水場","茨城県企業局水海道浄","ﾐﾂｶｲﾄﾞｳｼﾞｮ","","茨城県常総市大塚戸町1956","","","0297-27-1410","","","","","","","0","20180718","230157","SYSTEM","20180718","230157","SYSTEM"
"0000454","資源環境ｾﾝﾀ-八総鉱山赤倉中和処理","資源環境ｾﾝﾀ-八総鉱山","ｼｹﾞﾝｶﾝｷｮｳｾ","","福島県南会津郡南会津町田島大字","滝原三滝温泉","","","","","","","","","0","20180718","230157","SYSTEM","20180718","230157","SYSTEM"
"0000455","ＤＩＣ北日本ポリマ　東北工場","ＤＩＣ北日本ポリマ","ﾃﾞｨｰｱｲｼｰｷﾀ","","宮城県刈田郡蔵王町宮新大除56","","","0224-32-2226","","","","","","","0","20180718","230157","SYSTEM","20180718","230157","SYSTEM"
"0000456","産陽商事","産陽商事","ｻﾝﾖｳｼｮｳｼﾞ","","千葉県市川市大野町４－２８３６－５","","","0473-37-8451","","","","","","","0","20180718","230157","SYSTEM","20180718","230157","SYSTEM"
"0000457","日新ガルバ","日新ガルバ","ﾆｯｼﾝｶ","","日新ガルバ","","","","","","","","","","0","20180718","230157","SYSTEM","20180718","230157","SYSTEM"
"0000458","佐野地区衛生施設組合","佐野地区衛生施設組合","ｻﾉﾁｸｴ","","佐野地区衛生施設組合","","","","","","","","","","0","20180718","230157","SYSTEM","20180718","230157","SYSTEM"
"0000459","サッポロビール仙台工場","サッポロビール仙台工","ｻｯﾎﾟﾛﾋﾞｰﾙｾ","","宮城県名取市手倉田八幡310-1","","","022-382-3781","","","","","","","0","20180718","230157","SYSTEM","20180718","230157","SYSTEM"
"0000460","住友金属工業　八総鉱山木戸中和場","住友金属工業　八総鉱","ｽﾐﾄﾓｷﾝｿﾞｸﾔ","","福島県南会津郡南会津町岩下267","","","0241-78-2536","","","","","","","0","20180718","230157","SYSTEM","20180718","230157","SYSTEM"
"0000461","全農キューピーエッグステーション","全農キューピーエッグ","ｾﾞﾝﾉｳｷｭｰﾋﾟ","","茨城県猿島郡五霞町大字元栗橋403-2","","","0280-84-1511","","","","","","","0","20180718","230157","SYSTEM","20180718","230157","SYSTEM"
"0000462","高岡　東北営業所","高岡　東北営業所","ﾀｶｵｶ","","高岡　東北営業所","","","","","","","","","","0","20180718","230157","SYSTEM","20180718","230157","SYSTEM"
"0000463","銚子市衛生センター","銚子市衛生センター","ﾁｮｳｼｼｴｲｾｲｾ","","千葉県銚子市三崎町3-76","","","0479-23-8148","","","","","","","0","20180718","230157","SYSTEM","20180718","230157","SYSTEM"
"0000464","千葉水道松戸","千葉水道松戸","ﾁﾊﾞｽｲ","","千葉水道松戸","","","","","","","","","","0","20180718","230157","SYSTEM","20180718","230157","SYSTEM"
"0000465","ＴＯＹＯ　ＴＩＲＥ　仙台","ＴＯＹＯ　ＴＩＲＥ","ﾄｳﾖｳﾀｲﾔ ｾﾝﾀﾞｲ","","宮城県岩沼市吹上3丁目5-1","","","0223-22-2191","","","","","","","0","20180718","230157","SYSTEM","20190117","142912","000002"
"0000466","日本化学産業大利根工場","日本化学産業大利根工","ﾆﾎﾝｶｶﾞｸｻﾝｷ","","埼玉県北埼玉郡大利根町豊野台２－５６７－","","","0480-72-7171","","","","","","","0","20180718","230157","SYSTEM","20180718","230157","SYSTEM"
"0000467","仙南・仙塩広域事務所南部山浄水場","仙南・仙塩広域事務所","ﾅﾝﾌﾞﾔﾏｼﾞｮｳ","","宮城県白石市福岡長袋字南部山7-1","","","0224-25-8890","","","","","","","0","20180718","230157","SYSTEM","20180718","230157","SYSTEM"
"0000468","フジオックス　幸手工場","フジオックス　幸手工","ﾌｼﾞｵｯｸｽｻｯﾃ","","埼玉県幸手市大字上吉羽字堤外2100-35","","","0480-48-2101","","","","","","","0","20180718","230157","SYSTEM","20180718","230157","SYSTEM"
"0000469","丸木商店","丸木商店","ﾏﾙｷｼｮ","","丸木商店","","","","","","","","","","0","20180718","230157","SYSTEM","20180718","230157","SYSTEM"
"0000470","ラサ工業　野田工場","ラサ工業　野田工場","ﾗｻｺｳｷﾞｮｳﾉﾀ","","千葉県野田市谷津タムカイ746-1","","","0471-24-6793","","","","","","","0","20180718","230157","SYSTEM","20180718","230157","SYSTEM"
"0000471","高砂製紙","高砂製紙","ﾀｶｻｺﾞｾｲｼ","","茨城県常総市豊岡町甲60","","","0297-24-0611","","","","","","","0","20180718","230157","SYSTEM","20180718","230157","SYSTEM"
"0000473","木田技研工業","木田技研工業","ｷﾀﾞｷﾞ","","木田技研工業","","","","","","","","","","0","20180718","230157","SYSTEM","20180718","230157","SYSTEM"
"0000474","会津若松市水道部　滝沢浄水場","会津若松市水道部　滝","ﾀｷｻﾞﾜｼﾞｮｳｽ","","福島県会津若松市一箕町大字八幡字柏木","15-13","","0242-22-0963","","","","","","","0","20180718","230157","SYSTEM","20180718","230157","SYSTEM"
"0000475","会津若松市水道部　東山浄水場","会津若松市水道部　東","ﾋｶﾞｼﾔﾏｼﾞｮｳ","","福島県会津若松市東山町湯本牧戸290","","","0242-27-3990","","","","","","","0","20180718","230157","SYSTEM","20180718","230157","SYSTEM"
"0000476","東鋼業","東鋼業","ｱｽﾞﾏｺｳｷﾞｮｳ","","埼玉県八潮市南後谷９９","","","0489-36-8331","","","","","","","0","20180718","230157","SYSTEM","20180718","230157","SYSTEM"
"0000477","会津技研","会津技研","ｱｲﾂﾞｷﾞｹﾝ","","福島県耶麻郡西会津町上野尻字ド沖ノ原","2673-10","","0241-47-2611","","","","","","","0","20180718","230157","SYSTEM","20180718","230157","SYSTEM"
"0000478","オーガニック川口","オーガニック川口","ｵｰｶﾞﾆｯｸｶﾜｸ","","山形県米沢市八幡原1-1-1","","","0238-28-0029","","","","","","","0","20180718","230157","SYSTEM","20180718","230157","SYSTEM"
"0000479","木田仙台支社（若林区）","木田仙台支社（若林区","ｷﾀﾞｾﾝ","","木田仙台支社（若林区）","","","","","","","","","","0","20180718","230157","SYSTEM","20180718","230157","SYSTEM"
"0000480","興洋化学","興洋化学","ｺｳﾖｳｶｶﾞｸ","","埼玉県久喜市菖蒲工業団地6-1","","","0480-23-0411","","","","","","","0","20180718","230157","SYSTEM","20180718","230157","SYSTEM"
"0000483","新勝興業","新勝興業","ｼﾝｼｮｳ","","新勝興業","","","","","","","","","","0","20180718","230157","SYSTEM","20180718","230157","SYSTEM"
"0000485","東北亜鉛　電材製作所","東北亜鉛　電材製作所","ﾄｳﾎｸｱｴﾝﾃﾞﾝ","","宮城県仙台市若林区六丁の目元町4-18","","","022-288-6127","","","","","","","0","20180718","230157","SYSTEM","20180718","230157","SYSTEM"
"0000487","日鉄住金鋼板　船橋製造所","日鉄住金鋼板　船橋製","ﾆｯﾃﾂｼﾞｭｳｷﾝ","","千葉県船橋市西浦１","","","0474-31-4151","","","","","","","0","20180718","230157","SYSTEM","20180718","230157","SYSTEM"
"0000489","東邦メッキ　村田工場","東邦メッキ　村田工場","ﾄｳﾎｳﾒｯｷﾑﾗﾀ","","宮城県柴田郡村田町大字村田西ｹ丘31-2","","","0224-83-5557","","","","","","","0","20180718","230157","SYSTEM","20180718","230157","SYSTEM"
"0000491","習志野クリーンセンター","習志野クリーンセンタ","ﾅﾗｼﾉｸ","","習志野クリーンセンター","","","","","","","","","","0","20180718","230157","SYSTEM","20180718","230157","SYSTEM"
"0000492","日本製紙板紙　足利工場","日本製紙板紙　足利工","ﾆﾎﾝｾｲｼ","","栃木県足利市宮北町１２－７","","","0284-41-5151","","","","","","","0","20180718","230157","SYSTEM","20180718","230157","SYSTEM"
"0000493","日本化学産業埼玉工場","日本化学産業埼玉工場","ﾆﾎﾝｶｶﾞｸｻﾝｷ","","埼玉県草加市中根町８０","","","","","","","","","","0","20180718","230157","SYSTEM","20180718","230157","SYSTEM"
"0000494","日本塩素","日本塩素","ﾆﾎﾝｴﾝｿ","","埼玉県北足立郡伊奈町大字小室4810","","","048-723-0211","","","","","","","0","20180718","230157","SYSTEM","20180718","230157","SYSTEM"
"0000495","古河電子（足尾）","古河電子（足尾）","ﾌﾙｶﾜﾃﾞﾝｼ","","栃木県日光市足尾町遠下2982","","","","","","","","","","0","20180718","230157","SYSTEM","20180718","230157","SYSTEM"
"0000496","本町化学工業　青井工場","本町化学工業　青井工","ﾎﾝﾁｮｳｱｵｲ","","東京都足立区青井2-10-23","","","","","","","","","","0","20180718","230157","SYSTEM","20180718","230157","SYSTEM"
"0000497","三星化学工業　埼玉工場","三星化学工業　埼玉工","ﾐﾂﾎﾞｼｶｶﾞｸｻ","","埼玉県越谷市新川町２丁目374-2","","","048-962-4147","","","","","","","0","20180718","230157","SYSTEM","20180718","230157","SYSTEM"
"0000499","三ツ矢米沢工場","三ツ矢米沢工場","ﾐﾂﾔﾖﾈｻﾞﾜｺｳ","","山形県米沢市八幡原1-1-14","","","0238-28-7191","","","","","","","0","20180718","230157","SYSTEM","20180718","230157","SYSTEM"
"0000500","明和町南大島浄水場","明和町南大島浄水場","ﾒｲﾜﾏﾁ","","明和町南大島浄水場","","","","","","","","","","0","20180718","230157","SYSTEM","20180718","230157","SYSTEM"
"0000501","米沢浜理薬品工業","米沢浜理薬品工業","ﾖﾈｻﾞﾜﾊﾏﾘ","","山形県米沢市八幡原2丁目4300-18","","","0238-28-3801","","","","","","","0","20180718","230157","SYSTEM","20180718","230157","SYSTEM"
"0000502","米沢製染","米沢製染","ﾖﾈｻﾞﾜｾｲｾﾝ","","山形県米沢市窪田町窪田2465-1","","","","","","","","","","0","20180718","230157","SYSTEM","20180718","230157","SYSTEM"
"0000503","米沢館山浄水","米沢館山浄水","ﾖﾈｻﾞﾜﾀﾃﾔﾏｼ","","山形県米沢市館山6-4-6","","","","","","","","","","0","20180718","230157","SYSTEM","20180718","230157","SYSTEM"
"0000504","両毛化学工業","両毛化学工業","ﾘｮｳﾓｳｶｶﾞｸ","","栃木県足利市寺岡655-1","","","0284-91-2341","","","","","","","0","20180718","230157","SYSTEM","20180718","230157","SYSTEM"
"0000505","奥会津地熱　西山事業所","奥会津地熱　西山事業","ｵｸｱｲﾂﾞﾁﾈﾂ","","福島県河沼郡柳津町大字砂子原字上ﾉ平","","","0241-41-3000","","","","","","","0","20180718","230157","SYSTEM","20180718","230157","SYSTEM"
"0000506","荒川左岸","荒川左岸","ｱﾗｶﾜｻｶﾞﾝ","","埼玉県桶川市大字小針領家939","","","048-728-2011","","","","","","","0","20180718","230157","SYSTEM","20180718","230157","SYSTEM"
"0000507","板橋化学","板橋化学","ｲﾀﾊﾞｼｶｶﾞｸ","","埼玉県浦和市新開１－２５－８","","","0488-62-5711","","","","","","","0","20180718","230157","SYSTEM","20180718","230157","SYSTEM"
"0000508","カメイケミカル","カメイケミカル","ｶﾒｲｹﾐｶﾙ","","宮城県仙台市若葉区卸町東５－２－３","","","022-287-2312","","","","","","","0","20180718","230157","SYSTEM","20180718","230157","SYSTEM"
"0000509","川口領家","川口領家","ｶﾜｸﾞﾁﾘｮｳｹ","","埼玉県川口市領家４－９－３","","","048-222-6851","","","","","","","0","20180718","230157","SYSTEM","20180718","230157","SYSTEM"
"0000510","ＪＦＥスチール","ＪＦＥスチール","ｼﾞｪｲｴﾌｲｰｽﾁ","","千葉県千葉市中央区川崎町1","","","043-262-2292","","","","","","","0","20180718","230157","SYSTEM","20180718","230157","SYSTEM"
"0000511","北本地区衛生組合","北本地区衛生組合","ｷﾀﾓﾄﾁ","","北本地区衛生組合","","","","","","","","","","0","20180718","230157","SYSTEM","20180718","230157","SYSTEM"
"0000512","木田　仙台港流通センタ(宮城野区)","木田　仙台港流通セン","ｷﾀﾞｾﾝﾀﾞｲｺｳ","","宮城県仙台市宮城野区港4-121-5","","","","","","","","","","0","20180718","230157","SYSTEM","20180718","230157","SYSTEM"
"0000513","クリーンセンター西堀","クリーンセンター西堀","ｸﾘｰﾝｾ","","クリーンセンター西堀","","","","","","","","","","0","20180718","230157","SYSTEM","20180718","230157","SYSTEM"
"0000514","日本製紙クレシア　東京工場","日本製紙クレシア　東","ﾆﾎﾝｾｲｼｸﾚｼｱ","","埼玉県草加市松江4-2-16","","","0489-31-1151","","","","","","","0","20180718","230157","SYSTEM","20180718","230157","SYSTEM"
"0000515","三共化学","三共化学","ｻﾝｷｮｳ","","三共化学","","","","","","","","","","0","20180718","230157","SYSTEM","20180718","230157","SYSTEM"
"0000517","サッポロ製缶","サッポロ製缶","ｻｯﾎﾟﾛｾｲｶﾝ","","千葉県船橋市高瀬町2　京葉食品ｺﾝﾋﾞﾅｰﾄ内","","","0474-37-3541","","","","","","","0","20180718","230157","SYSTEM","20180718","230157","SYSTEM"
"0000518","サッポロビール千葉工場","サッポロビール千葉工","ｻｯﾎﾟﾛﾋﾞｰﾙﾁ","","千葉県船橋市高瀬町2京葉食品ｺﾝﾋﾞﾅｰﾄ内","","","0474-37-3511","","","","","","","0","20180718","230157","SYSTEM","20180718","230157","SYSTEM"
"0000520","第一物産仙台","第一物産仙台","ﾀﾞｲｲﾁﾌﾞｯｻﾝ","","宮城県仙台市若林区鶴代町２－６０－１","","","022-236-2568","","","","","","","0","20180718","230157","SYSTEM","20180718","230157","SYSTEM"
"0000521","太洋化学工業　本社工場","太洋化学工業　本社工","ﾀｲﾖｳｶｶﾞｸｺｳ","","東京都江東区亀戸9丁目2-7","","","03-3682-3261","","","","","","","0","20180718","230157","SYSTEM","20180718","230157","SYSTEM"
"0000522","東北ゴム","東北ゴム","ﾄｳﾎｸｺﾞﾑ","","宮城県仙台市宮城野区港一丁目1-12","","","022-387-1517","","","","","","","0","20180718","230157","SYSTEM","20180718","230157","SYSTEM"
"0000523","東北石油","東北石油","ﾄｳﾎｸｾ","","東北石油","","","","","","","","","","0","20180718","230157","SYSTEM","20180718","230157","SYSTEM"
"0000524","不二薬工","不二薬工","ﾌｼﾞﾔｯｺｳ","","東京都板橋区坂下1-24-18","","","03-3967-5151","","","","","","","0","20180718","230157","SYSTEM","20180718","230157","SYSTEM"
"0000525","本町越谷","本町越谷","ﾎﾝﾁｮｳ","","本町越谷","","","","","","","","","","0","20180718","230157","SYSTEM","20180718","230157","SYSTEM"
"0000526","松ヶ島浄化菊間終末処理","松ヶ島浄化菊間終末処","ﾏﾂｶﾞｼ","","松ヶ島浄化菊間終末処理","","","","","","","","","","0","20180718","230157","SYSTEM","20180718","230157","SYSTEM"
"0000528","朝霞浄水","朝霞浄水","ｱｻｶｼﾞ","","朝霞浄水","","","","","","","","","","0","20180718","230157","SYSTEM","20180718","230157","SYSTEM"
"0000533","サッポロビール群馬工場","サッポロビール群馬工","ｻｯﾎﾟﾛﾋﾞｰﾙｸ","","群馬県太田市新田木崎町37-1","","","0276-56-1111","","","","","","","0","20180718","230157","SYSTEM","20180718","230157","SYSTEM"
"0000534","ｿｰﾀﾞﾆｯｶ　仙台七ヶ浜ケミカルＣ","ｿｰﾀﾞﾆｯｶ　仙台七ヶ浜","ｿｰﾀﾞﾆｯｶｾﾝﾀ","","宮城県宮城郡七ヶ浜町東宮浜笠岩16","","","022-364-9234","","","","","","","0","20180718","230157","SYSTEM","20230822","113238","000002"
"0000535","多木化学　千葉工場","多木化学　千葉工場","ﾀｷｶｶﾞｸﾁﾊﾞ","","千葉県市原市下野567","","","0436-74-0541","","","","","","","0","20180718","230157","SYSTEM","20180718","230157","SYSTEM"
"0000536","東京都廃棄物埋立管理事務所","東京都環境区廃棄物埋","ﾄｳｷｮｳ","135-0064","東京都江東区青梅3丁目先","","","","","","","","","","0","20180718","230157","SYSTEM","20230425","140147","000003"
"0000538","東京貿易埠頭","東京貿易埠頭","ﾄｳｷｮｳ","","東京貿易埠頭","","","","","","","","","","0","20180718","230157","SYSTEM","20180718","230157","SYSTEM"
"0000539","日本パーカライジング尾島工場","日本パーカライジング","ﾆﾎﾝﾊﾟｰｶﾗｲｼ","","群馬県太田市尾島町大字世良田3023","","","","","","","","","","0","20180718","230157","SYSTEM","20180718","230157","SYSTEM"
"0000543","山形食品","山形食品","ﾔﾏｶﾞﾀｼｮｸﾋﾝ","","山形県南陽市漆山1176-1","","","0238-47-4595","","","","","","","0","20180718","230157","SYSTEM","20180718","230157","SYSTEM"
"0000544","東北電力仙台火力","東北電力仙台火力","ﾄｳﾎｸﾃ","","東北電力仙台火力","","","","","","","","","","0","20180718","230157","SYSTEM","20180718","230157","SYSTEM"
"0000546","北多摩処理1号","北多摩処理1号","ｷﾀﾀﾏｼ","","北多摩処理1号","","","","","","","","","","0","20180718","230157","SYSTEM","20180718","230157","SYSTEM"
"0000547","君津広域","君津広域","ｷﾐﾂｺｳｲｷ","","千葉県木更津市十日市場５００","","","","","","","","","","0","20180718","230157","SYSTEM","20180718","230157","SYSTEM"
"0000548","ﾚｿﾞﾅｯｸ　川崎","ﾚｿﾞﾅｯｸ　ｶﾜｻｷ","ﾚｿﾞﾅｯｸ","","神奈川県川崎市川崎区扇町5-1","","","044-322-6828","","","","","","","0","20180718","230157","SYSTEM","20230527","152838","000002"
"0000549","姉ヶ崎分場","姉ヶ崎分場","ｱﾈｶﾞｻｷﾌﾞﾝｼ","","千葉県市原市不入斗６６１","","","0436-66-2680","","","","","","","0","20180718","230157","SYSTEM","20180718","230157","SYSTEM"
"0000550","中央化学産業　本庄事業所","中央化学産業　本庄事","ﾁｭｳｵｳ","","中央化学産業　本庄事業所","","","","","","","","","","0","20180718","230157","SYSTEM","20180718","230157","SYSTEM"
"0000551","東亜合成　鶴見","東亜合成　鶴見","ﾄｳｱｺﾞｳｾｲ","","神奈川県横浜市鶴見区末広町１－７","","","045-503-7366","","","","","","","0","20180718","230157","SYSTEM","20180718","230157","SYSTEM"
"0000552","東京医療クリーン","東京医療クリーン","ﾄｳｷｮｳ","","東京医療クリーン","","","","","","","","","","0","20180718","230157","SYSTEM","20180718","230157","SYSTEM"
"0000553","東亜石油","東亜石油","ﾄｳｱｾｷ","","東亜石油","","","","","","","","","","0","20180718","230157","SYSTEM","20180718","230157","SYSTEM"
"0000554","東村山浄水場","東村山浄水場","ﾋｶﾞｼﾑ","","東村山浄水場","","","","","","","","","","0","20180718","230157","SYSTEM","20180718","230157","SYSTEM"
"0000555","日立製作所　高崎工場","日立製作所　高崎工場","ﾋﾀﾁｾｲ","","日立製作所　高崎工場","","","","","","","","","","0","20180718","230157","SYSTEM","20180718","230157","SYSTEM"
"0000556","富士石油　袖ヶ浦製油所","富士石油　袖ヶ浦製油","ﾌｼﾞｾｷﾕｾｲﾕｼ","","千葉県袖ヶ浦市北袖1","","","0438-62-2121","","","","","","","0","20180718","230157","SYSTEM","20180718","230157","SYSTEM"
"0000558","前橋水質浄化センター","前橋水質浄化センター","ﾏｴﾊﾞｼｽｲｼﾂｼ","","群馬県前橋市六供町1311","","","0272-21-7524","","","","","","","0","20180718","230157","SYSTEM","20180718","230157","SYSTEM"
"0000559","ラピスセミコンダクタ宮城","ラピスセミコンダクタ","ﾗﾋﾟｽｾﾐｺﾝﾀﾞ","","宮城県黒川郡大衡村沖の平１","","","022-345-1211","","","","","","","0","20180718","230157","SYSTEM","20180718","230157","SYSTEM"
"0000561","明治乳業　群馬工場","明治乳業　群馬工場","ﾒｲｼﾞﾆｭｳｷﾞｮ","","群馬県伊勢崎市長沼町1741-1","","","0270-32-6631","","","","","","","0","20180718","230157","SYSTEM","20180718","230157","SYSTEM"
"0000562","山形クリーンセンター","山形クリーンセンター","ﾔﾏｶﾞﾀｸﾘｰﾝｾ","","山形県山形市沼木字高野内486-3","","","023-644-5570","","","","","","","0","20180718","230157","SYSTEM","20180718","230157","SYSTEM"
"0000563","池ノ入環境センター","池ノ入環境センター","ｲｹﾉｲﾘｶﾝｷｮｳ","","埼玉県比企郡嵐山町大字志賀１７１０","","","0493-62-0530","","","","","","","0","20180718","230157","SYSTEM","20180718","230157","SYSTEM"
"0000564","東和金属","東和金属","ﾄｳﾜｷﾝｿﾞｸ","","福島県二本松市東和町木幡字平21-1","","","0243-46-2415","","","","","","","0","20180718","230157","SYSTEM","20180718","230157","SYSTEM"
"0000565","ＹＤＫ","ＹＤＫ","ﾜｲﾃﾞｰ","","ＹＤＫ","","","","","","","","","","0","20180718","230157","SYSTEM","20180718","230157","SYSTEM"
"0000566","ｱﾙﾌﾟｽ電気ｺﾝﾎﾟ-ﾈﾝﾄ事業部　古川","ｱﾙﾌﾟｽ電気ｺﾝﾎﾟ-ﾈﾝﾄ事","ｱﾙﾌﾟｽﾃﾞﾝｷ","","宮城県大崎市古川中里6-3-36","","","02292-3-5111","","","","","","","0","20180718","230157","SYSTEM","20180718","230157","SYSTEM"
"0000567","アルプス電気　涌谷工場","アルプス電気　涌谷工","ｱﾙﾌﾟｽﾃﾞﾝｷﾜ","","宮城県遠田郡涌谷町字渋江230","","","0229-43-2711","","","","","","","0","20180718","230157","SYSTEM","20180718","230157","SYSTEM"
"0000568","石巻市水産加工排水処理公社","石巻市水産加工排水処","ｲｼﾉﾏｷｽｲｻﾝ","","宮城県石巻市魚町１－１－２","","","0225-93-3101","","","","","","","0","20180718","230157","SYSTEM","20180718","230157","SYSTEM"
"0000569","関東電化工業渋川工場","関東電化工業渋川工場","ｶﾝﾄｳﾃﾞﾝｶ","","群馬県渋川市大橋１４９７","","","0279-23-3211","","","","","","","0","20180718","230157","SYSTEM","20180718","230157","SYSTEM"
"0000570","キリンビール高崎","キリンビール高崎","ｷﾘﾝﾋﾞｰﾙﾀｶｻ","","群馬県高崎市宮原町３","","","","","","","","","","0","20180718","230157","SYSTEM","20180718","230157","SYSTEM"
"0000571","北日本工業","北日本工業","ｷﾀﾆﾎﾝｺｳｷﾞｮ","","宮城県加美郡加美町鳥屋ｹ埼字泥坂屋敷20-2","","","0229-67-3021","","","","","","","0","20180718","230157","SYSTEM","20180718","230157","SYSTEM"
"0000572","群栄化学工業群馬工場","群栄化学工業群馬工場","ｸﾞﾝｴｲｶｶﾞｸｺ","","群馬県高崎市宿大類町７００","","","0273-53-1815","","","","","","","0","20180718","230157","SYSTEM","20180718","230157","SYSTEM"
"0000573","ｷﾐｶ 富津工場","ｷﾐｶ 富津工場","ｷﾐｶﾌｯﾂｺｳｼﾞ","","千葉県富津市大堀1029","","","0439-87-1131","","","","","","","0","20180718","230157","SYSTEM","20220225","090822","000005"
"0000574","東京都下水道局多摩川上流処理場","東京都下水道局多摩川","ﾀﾏｶﾞﾜｼﾞｮｳﾘ","","東京都昭島市宮沢町3-15-1","","","","","","","","","","0","20180718","230157","SYSTEM","20180718","230157","SYSTEM"
"0000575","東根新電元","東根新電元","ﾋｶﾞｼﾈ","","山形県東根市大字東根甲5600-1","","","0237-43-5211","","","","","","","0","20180718","230157","SYSTEM","20180718","230157","SYSTEM"
"0000576","日本製紙石巻工場","日本製紙石巻工場","ﾆﾎﾝｾｲｼｲｼﾉﾏ","","宮城県石巻市南光町2-2-1","","","0225-95-0111","","","","","","","0","20180718","230157","SYSTEM","20180718","230157","SYSTEM"
"0000577","日本カーリット","日本カーリット","ﾆﾎﾝｶｰﾘｯﾄ","","群馬県渋川市半田2470","","","0279-23-8819","","","","","","","0","20180718","230157","SYSTEM","20180718","230157","SYSTEM"
"0000578","ペイントハウス物流","ペイントハウス物流","ﾍﾟｲﾝﾄ","","ペイントハウス物流","","","","","","","","","","0","20180718","230157","SYSTEM","20180718","230157","SYSTEM"
"0000580","ミツワ化学","ミツワ化学","ﾐﾂﾜｶｶﾞｸ","","群馬県高崎市鼻高町44-2","","","027-325-0925","","","","","","","0","20180718","230157","SYSTEM","20180718","230157","SYSTEM"
"0000581","宮城メイコー","宮城メイコー","ﾐﾔｷﾞﾒｲｺｰ","","宮城県石巻市重吉町8-5","","","0225-94-3220","","","","","","","0","20180718","230157","SYSTEM","20180718","230157","SYSTEM"
"0000582","コープケミカル新潟工場","コープケミカル新潟工","ｺｰﾌﾟｹﾐｶﾙﾆｲ","","新潟県新潟市北区太郎代1448-3","","","025-255-2421","","","","","","","0","20180718","230157","SYSTEM","20180718","230157","SYSTEM"
"0000583","ササエイ薬局","ササエイ薬局","ｻｻｴｲﾔｯｷｮｸ","","宮城県栗原市若柳字川北境田8-2","","","0228-32-2042","","","","","","","0","20180718","230157","SYSTEM","20180718","230157","SYSTEM"
"0000584","白石工業","白石工業","ｼﾗｲｼｺｳｷﾞｮｳ","","白石工業","","","","","","","","","","0","20180718","230157","SYSTEM","20180718","230157","SYSTEM"
"0000585","三共化成工業平塚工場","三共化成工業平塚工場","ｻﾝｷｮｳｶｾｲﾋﾗ","","神奈川県平塚市西八幡4-4-8","","","0463-31-3710","","","","","","","0","20180718","230157","SYSTEM","20180718","230157","SYSTEM"
"0000586","三恵","三恵","ｻﾝｹｲ","","三恵","","","","","","","","","","0","20180718","230157","SYSTEM","20180718","230157","SYSTEM"
"0000587","東洋濾紙新潟工場","東洋濾紙新潟工場","ﾄｳﾖｳﾛｼﾆｲｶﾞ","","新潟県北蒲原郡聖籠町東港5-2265-14","","","025-257-5101","","","","","","","0","20180718","230157","SYSTEM","20180718","230157","SYSTEM"
"0000588","日本ケミコン　新潟工場","日本ケミコン　新潟工","ﾆﾎﾝｹﾐｺﾝﾆｲｶ","","新潟県北蒲原郡聖籠町東港6-5525-21","","","025-256-1251","","","","","","","0","20180718","230157","SYSTEM","20180718","230157","SYSTEM"
"0000589","日蓄上野原","日蓄上野原","ﾆｯﾁｸｳ","","日蓄上野原","","","","","","","","","","0","20180718","230157","SYSTEM","20180718","230157","SYSTEM"
"0000590","日本石油ガス","日本石油ガス","ﾆﾎﾝｾｷ","","日本石油ガス","","","","","","","","","","0","20180718","230157","SYSTEM","20180718","230157","SYSTEM"
"0000591","北越製紙新潟工場","北越製紙新潟工場","ﾎｸｴﾂｾｲｼﾆｲｶ","","新潟県新潟市東区榎町57","","","025-273-1141","","","","","","","0","20180718","230157","SYSTEM","20180718","230157","SYSTEM"
"0000592","新潟ケミカル","新潟ケミカル","ﾆｲｶﾞﾀｹﾐｶﾙ","","新潟県新潟市北区太郎代856-8","","","025-255-2771","","","","","","","0","20180718","230157","SYSTEM","20180718","230157","SYSTEM"
"0000595","第一三共ﾌﾟﾛﾌｧｰﾏ小田原工場","第一三共ﾌﾟﾛﾌｧｰﾏ","ﾀﾞｲｲﾁｻﾝｷｮｳ","","神奈川県小田原市高田450","","","","","","","","","","0","20180718","230157","SYSTEM","20220225","091855","000005"
"0000596","ＮＥＣトーキン岩手","ＮＥＣトーキン岩手","ｴﾇｲｰｼｰﾄｰｷﾝ","","岩手県一関市字柄貝1","","","0191-26-8600","","","","","","","0","20180718","230157","SYSTEM","20180718","230157","SYSTEM"
"0000597","上山製紙","上山製紙","ｶﾐﾉﾔﾏｾｲｼ","","岩手県一関市千厩町千厩字町裏75","","","01915-3-2166","","","","","","","0","20180718","230157","SYSTEM","20180718","230157","SYSTEM"
"0000598","茨城県潮来浄化センター","茨城県潮来浄化センタ","ｲﾀｺｼﾞｮｳｶｾﾝ","","茨城県潮来市日の出8-28-1","","","0299-66-0385","","","","","","","0","20180718","230157","SYSTEM","20180718","230157","SYSTEM"
"0000599","永薬品商事","永薬品商事","ｴｲﾔｸﾋﾝｼｮｳｼ","","岩手県奥州市水沢区字高屋敷24-1","","","0197-24-4244","","","","","","","0","20180718","230157","SYSTEM","20180718","230157","SYSTEM"
"0000600","ｱｾﾗ（甲府）","ｱｾﾗ（甲府）","ｱｾﾗ","","山梨県甲府市西高崎町１５６","","","0552-32-2030","","","","","","","0","20180718","230157","SYSTEM","20220224","191509","000005"
"0000601","中山商事　いわき営業所","中山商事　いわき営業","ﾅｶﾔﾏｼｮｳｼﾞｲ","","福島県いわき市小名浜島入海63","","","0246-58-7020","","","","","","","0","20180718","230157","SYSTEM","20180718","230157","SYSTEM"
"0000602","北上製紙","北上製紙","ｷﾀｶﾐｾｲｼ","","岩手県一関市旭町10-1","","","0191-23-3366","","","","","","","0","20180718","230157","SYSTEM","20180718","230157","SYSTEM"
"0000603","後藤製作所　東北事業所","後藤製作所　東北事業","ｺﾞﾄｳｾｲｻｸｼﾞ","","岩手県北上市北工業団地1-17","","","0197-66-6051","","","","","","","0","20180718","230157","SYSTEM","20180718","230157","SYSTEM"
"0000604","三友電子工業　江刺工場","三友電子工業　江刺工","ｻﾝﾕｳﾃﾞﾝｼｴｻ","","岩手県奥州市江刺区岩谷堂字松長根12-4","","","0197-35-7111","","","","","","","0","20180718","230157","SYSTEM","20180718","230157","SYSTEM"
"0000605","塩野義製薬㈱金ヶ崎工場","塩野義製薬㈱金ヶ崎工","ｼｵﾉｷﾞｾｲﾔｸ","","岩手県胆沢郡金ヶ崎町西根森山7","","","0197-44-5121","","","","","","","0","20180718","230157","SYSTEM","20180718","230157","SYSTEM"
"0000606","第一物産北上支店","第一物産北上支店","ﾀﾞｲｲﾁ","","第一物産北上支店","","","","","","","","","","0","20180718","230157","SYSTEM","20180718","230157","SYSTEM"
"0000607","東鋼スチールコード","東鋼スチールコード","ﾄｳｺｳｽﾁｰﾙｺｰ","","岩手県北上市北上工業団地7-1","","","0197-66-2101","","","","","","","0","20180718","230157","SYSTEM","20180718","230157","SYSTEM"
"0000608","東邦特殊パルプ北上工場","東邦特殊パルプ北上工","ﾄｳﾎｳﾄｸｼｭﾊﾟ","","岩手県北上市相去町笹長根35","","","0197-67-5260","","","","","","","0","20180718","230157","SYSTEM","20180718","230157","SYSTEM"
"0000609","富士通岩手工場","富士通岩手工場","ﾌｼﾞﾂｳｲﾜﾃｺｳ","","岩手県胆沢郡金ヶ崎町西根森山4-2","","","0197-44-5311","","","","","","","0","20180718","230157","SYSTEM","20180718","230157","SYSTEM"
"0000610","三菱製紙　北上事業所","三菱製紙　北上事業所","ﾐﾂﾋﾞｼｾｲｼｷﾀ","","岩手県北上市相去町笹長根35","","","0197-67-3211","","","","","","","0","20180718","230157","SYSTEM","20180718","230157","SYSTEM"
"0000611","ＭＭアグロケミカル（岩手）","ＭＭアグロケミカル","MM","","岩手県北上市北上工業団地3-3","","","0197665215","","","","","","","0","20180718","230157","SYSTEM","20221122","101312","000006"
"0000612","大潟ガス水道局","大潟ガス水道局","ｵｵｶﾞﾀｶﾞｽｽｲ","","新潟県中頭城郡大湯町四ツ屋浜４５０","","","0255-34-3111","","","","","","","0","20180718","230157","SYSTEM","20180718","230157","SYSTEM"
"0000613","栗和田浄水場","栗和田浄水場","ｸﾘﾜﾀﾞ","","栗和田浄水場","","","","","","","","","","0","20180718","230157","SYSTEM","20180718","230157","SYSTEM"
"0000614","塩野浄水場","塩野浄水場","ｼｵﾉｼﾞｮｳｽｲ","","長野県須坂市大字塩野字押山735-10","","","0262-48-9101","","","","","","","0","20180718","230157","SYSTEM","20180718","230157","SYSTEM"
"0000615","田麦浄水場","田麦浄水場","ﾀﾑｷﾞｼﾞｮｳｽｲ","","長野県中野市田麦255","","","0269-26-1327","","","","","","","0","20180718","230157","SYSTEM","20180718","230157","SYSTEM"
"0000616","アセラ松本営業所","アセラ松本営業所","ｱｾﾗﾏﾂﾓﾄ","","長野県塩尻市広丘野村１８０８","","","0263-52-4141","","","","","","","0","20180718","230157","SYSTEM","20180718","230157","SYSTEM"
"0000617","日本ﾍﾙｽ工業盛岡事業所(都南浄化ｾ)","日本ﾍﾙｽ工業盛岡事業","ﾆﾎﾝﾍﾙｽｺｳｷﾞ","","岩手県盛岡市東見前3地割10-2","","","019-638-7964","","","","","","","0","20180718","230157","SYSTEM","20180718","230157","SYSTEM"
"0000618","中山油脂工業","中山油脂工業","ﾅｶﾔﾏﾕｼｺｳｷﾞ","","静岡県静岡市清水区袖師町929-1","","","054-366-6739","","","","","","","0","20180718","230157","SYSTEM","20180718","230157","SYSTEM"
"0000619","東亜電化","東亜電化","ﾄｳｱﾃﾞﾝｶ","","岩手県岩手郡玉山村大字渋民盛岡鉄工団地内","","","0196-83-2101","","","","","","","0","20180718","230157","SYSTEM","20180718","230157","SYSTEM"
"0000620","北岩手環境衛生センター","北岩手環境衛生センタ","ｷﾀｲﾜﾃ","","北岩手環境衛生センター","","","","","","","","","","0","20180718","230157","SYSTEM","20180718","230157","SYSTEM"
"0000623","ラサ工業　宮古工場","ラサ工業　宮古工場","ﾗｻｺｳｷﾞｮｳ","","ラサ工業　宮古工場","","","","","","","","","","0","20180718","230157","SYSTEM","20180718","230157","SYSTEM"
"0000624","バライト工業","バライト工業","ﾊﾞﾗｲﾄ","","バライト工業","","","","","","","","","","0","20180718","230157","SYSTEM","20180718","230157","SYSTEM"
"0000625","あすなろ理研","あすなろ理研","ｱｽﾅﾛﾘｹﾝ","","青森県平川市大防竹原218-1","","","0172-44-1159","","","","","","","0","20180718","230157","SYSTEM","20180718","230157","SYSTEM"
"0000626","龍ヶ崎塵芥処理くり-んプラザ龍","龍ヶ崎塵芥処理くり-","ﾘｭｳｶﾞｻｷﾁﾎｳ","","茨城県龍ヶ崎市板橋町436-2","","","0297-60-1777","","","","","","","0","20180718","230157","SYSTEM","20180718","230157","SYSTEM"
"0000627","川崎ﾏｲｸﾛｴﾚｸﾄﾛﾆｸｽ宇都宮工場","川崎ﾏｲｸﾛｴﾚｸﾄﾛﾆｸｽ宇都","ｶﾜｻｷﾏｲｸﾛｴﾚ","","栃木県芳賀郡芳賀町芳賀台１６６","","","028-677-5370","","","","","","","0","20180718","230157","SYSTEM","20180718","230157","SYSTEM"
"0000628","住友金属工業　八総鉱山赤倉中和場","住友金属工業　八総鉱","ｽﾐﾄﾓｷ","","住友金属工業　八総鉱山赤倉中和場","","","","","","","","","","0","20180718","230157","SYSTEM","20180718","230157","SYSTEM"
"0000629","タマル工業","タマル工業","ﾀﾏﾙｺｳｷﾞｮｳ","","栃木県佐野市栄町3-3","","","0283-22-4102","","","","","","","0","20180718","230157","SYSTEM","20180718","230157","SYSTEM"
"0010440","荒川南部環境ｾﾝﾀｰ","荒川南部環境ｾﾝﾀｰ","ｱﾗｶﾜﾅﾝﾌﾞｶﾝｷｮｳｾﾝﾀｰ","","荒川南部環境ｾﾝﾀｰ","","","","","","","","","","0","20180808","203047","000099","20180808","203047","000099"
"0000636","大明化学工業　東北工場","大明化学工業　東北工","ﾀｲﾒｲ","","宮城県宮城郡七ヶ浜東宮浜字笠岩16-24","","","022-364-9234","","","","","","","0","20180718","230157","SYSTEM","20180718","230157","SYSTEM"
"0000637","アルパインマニファクチャリング","アルパインマニファク","ｱﾙﾊﾟｲﾏﾆﾌｧｸ","","福島県田村郡小野町大字南原井字貢中42","","","","","","","","","","0","20180718","230157","SYSTEM","20180730","104224","000001"
"0000638","アルパインいわき","アルパインいわき","ｱﾙﾊﾟｲﾝｲﾜｷ","","福島県いわき市好間工業団地20-1","","","0246-36-4111","","","","","","","0","20180718","230157","SYSTEM","20180718","230157","SYSTEM"
"0000642","市川合成化学","市川合成化学","ｲﾁｶﾜｺﾞｳｾｲ","","福島県いわき市泉町下川字大剣１－１３３","","","0246-56-1388","","","","","","","0","20180718","230157","SYSTEM","20180718","230157","SYSTEM"
"0000644","磐城沖石油楢葉プラント","磐城沖石油楢葉プラン","ｲﾜｷｵｷ","","磐城沖石油楢葉プラント","","","","","","","","","","0","20180718","230157","SYSTEM","20180718","230157","SYSTEM"
"0000645","いわきゴルフクラブ","いわきゴルフクラブ","ｲﾜｷｺﾞﾙﾌｸﾗﾌ","","いわき市常磐藤原町松本77","","","0246-43-3181","","","","","","","0","20180718","230157","SYSTEM","20180718","230157","SYSTEM"
"0000643","ボッシュブレーキシステム（東松山","ボッシュブレーキシス","ﾎﾞｯｼｭ","","ボッシュブレーキシステム（東松山","","","","","","","","","","0","20180718","230157","SYSTEM","20180718","230157","SYSTEM"
"0000646","磐城燃料商会","磐城燃料商会","ｲﾜｷﾈﾝ","","磐城燃料商会","","","","","","","","","","0","20180718","230157","SYSTEM","20180718","230157","SYSTEM"
"0000651","いわき半導体","いわき半導体","ｲﾜｷﾊﾝﾄﾞｳﾀｲ","","福島県いわき市好間上好間岸ノ上6","","","0246-36-4080","","","","","","","0","20180718","230157","SYSTEM","20180718","230157","SYSTEM"
"0000652","いわきマシン","いわきマシン","ｲﾜｷﾏｼﾝ","","福島県いわき市泉町下川字八合52","","","0246-56-3621","","","","","","","0","20180718","230157","SYSTEM","20180718","230157","SYSTEM"
"0000656","日本パーオキサイド郡山","日本パーオキサイド郡","ﾆﾎﾝﾊﾟｰｵｷｻｲ","","福島県郡山市谷島町2-54","","","024-944-1405","","","","","","","0","20180718","230157","SYSTEM","20180718","230157","SYSTEM"
"0000661","いわき市クリンピーの森","いわき市クリンピーの","ｲﾜｷｸﾘﾝﾋﾟｰﾉ","","福島県いわき市渡辺町中釜戸大石沢24-1","","","0246-56-8512","","","","","","","0","20180718","230157","SYSTEM","20180718","230157","SYSTEM"
"0000662","ＦＤＫライフテック","ＦＤＫライフテック","ｴﾌﾃﾞｨｹﾗｲﾌﾃ","","福島県いわき市常磐上湯長谷町釜の前1","","","0246-72-0030","","","","","","","0","20180718","230157","SYSTEM","20180718","230157","SYSTEM"
"0000669","ニチハ　いわき工場","ニチハ　いわき工場","ﾆﾁﾊ","","福島県いわき市泉町下川字大剣399-8","","","0246-56-1588","","","","","","","0","20180718","230157","SYSTEM","20180718","230157","SYSTEM"
"0000672","小名浜学校給食共同調理場","小名浜学校給食共同調","ｵﾅﾊﾏｶﾞｯｺｳｷ","","福島県いわき市鹿島町船戸字林下11","","","0246-58-2048","","","","","","","0","20180718","230157","SYSTEM","20180718","230157","SYSTEM"
"0000673","県漁連いわき支所","県漁連いわき支所","ｹﾝｷﾞｮﾚﾝｲﾜｷ","","福島県いわき市小名浜栄町66-34","","","0246-54-9245","","","","","","","0","20180718","230157","SYSTEM","20180718","230157","SYSTEM"
"0000677","住化加工紙　いわき工場","住化加工紙　いわき工","ｽﾐｶｶｺｳｼｲﾜｷ","","福島県いわき市南台3丁目1-5","","","0246-62-0911","","","","","","","0","20180718","230157","SYSTEM","20180718","230157","SYSTEM"
"0000687","東邦ゴム　本社　工場（二本松）","東邦ゴム　本社　工場","ﾄｳﾎｳｺﾞﾑ","","福島県二本松市根崎1丁目241","","","0243-23-1237","","","","","","","0","20180718","230157","SYSTEM","20180718","230157","SYSTEM"
"0000695","キクチカラー","キクチカラー","ｷｸﾁｶﾗｰ","","福島県いわき市泉町黒須野字江越246-10","","","0246-96-6677","","","","","","","0","20180718","230157","SYSTEM","20180718","230157","SYSTEM"
"0000696","北茨城市立総合病院","北茨城市立総合病院","ｷﾀｲﾊﾞﾗｷｼﾘﾂ","","茨城県北茨城市大津町北町4丁目5-15","","","0293-46-1121","","","","","","","0","20180718","230157","SYSTEM","20180718","230157","SYSTEM"
"0000702","クニミネ工業　いわき工場","クニミネ工業　いわき","ｸﾆﾐﾈｺｳｷﾞｮｳ","","福島県いわき市常磐下船尾町杭出作23-5","","","0246-44-7100","","","","","","","0","20180718","230157","SYSTEM","20180718","230157","SYSTEM"
"0000704","クリナップロジスティクス","クリナップロジスティ","ｸﾘﾅｯﾌﾟﾛｼﾞｽ","","福島県いわき市四倉細谷江向15","","","0246-34-5410","","","","","","","0","20180718","230157","SYSTEM","20180718","230157","SYSTEM"
"0000712","共同企業体白河アスコン","共同企業体白河アスコ","ｷｮｳﾄﾞｳｷｷﾞｮ","","福島県西白河郡泉崎村大字泉崎字山崎山28-3","","","","","","","","","","0","20180718","230157","SYSTEM","20180718","230157","SYSTEM"
"0000718","新常磐寝具","新常磐寝具","ｼﾝｼﾞｮｳﾊﾞﾝｼ","","福島県いわき市常磐西郷町銭田225","","","0246-42-3128","","","","","","","0","20180718","230157","SYSTEM","20180718","230157","SYSTEM"
"0000719","常磐カントリークラブ","常磐カントリークラブ","ｼﾞｮｳﾊﾞﾝｶﾝﾄ","","福島県いわき市大久町小久字西船場10-33","","","0246-82-3721","","","","","","","0","20180718","230157","SYSTEM","20180718","230157","SYSTEM"
"0000724","住友セメント","住友セメント","ｽﾐﾄﾓ","","住友セメント","","","","","","","","","","0","20180718","230157","SYSTEM","20180718","230157","SYSTEM"
"0000729","高砂荘","高砂荘","ﾀｶｻｺﾞ","","高砂荘","","","","","","","","","","0","20180718","230157","SYSTEM","20180718","230157","SYSTEM"
"0000740","太陽の里いわき","太陽の里いわき","ﾀｲﾖｳﾉｻﾄｲﾜｷ","","福島県いわき市平上片寄字上ノ内193","","","0246-34-1711","","","","","","","0","20180718","230157","SYSTEM","20180718","230157","SYSTEM"
"0000743","あすか製薬　いわき工場","あすか製薬　いわき工","ｱｽｶｾｲﾔｸｲﾜｷ","","福島県いわき市泉町下川字剣１","","","0246-56-2111","","","","","","","0","20180718","230157","SYSTEM","20180718","230157","SYSTEM"
"0000744","東レ建材　福島工場","東レ建材　福島","ﾄｳﾚｹﾝｻﾞｲ ﾌｸｼﾏ","","福島県田村郡小野町大字谷津作字下中沢68-15","","","0247-72-5101","","","","","","","0","20180718","230157","SYSTEM","20201225","100552","000001"
"0000749","東邦キャリア","東邦キャリア","ﾄｳﾎｳｷｬﾘｱ","","東邦キャリア","","","","","","","","","","0","20180718","230157","SYSTEM","20180730","104032","000001"
"0000751","東北メタル","東北メタル","ﾄｳﾎｸﾒﾀﾙ","","東北メタル","","","","","","","","","","0","20180718","230157","SYSTEM","20180730","104313","000001"
"0000752","東洋興産","東洋興産","ﾄｳﾖｳｺｳｻﾝ","","福島県いわき市大久町小久字山之神60","","","0246-82-3029","","","","","","","0","20180718","230157","SYSTEM","20180718","230157","SYSTEM"
"0000756","会津ロイヤルプラザ","会津ロイヤルプラザ","ｱｲﾂﾞﾛｲﾔﾙﾌﾟ","","福島県会津若松市中町３－５３","","","","","","","","","","0","20180718","230157","SYSTEM","20180718","230157","SYSTEM"
"0000761","県漁連中之作","県漁連中之作","ｹﾝｷﾞｮﾚﾝﾅｶﾉ","","福島県いわき市中之作須賀1-22","","","0246-55-7035","","","","","","","0","20180718","230157","SYSTEM","20180718","230157","SYSTEM"
"0000779","双葉環境センター","双葉環境センター","ﾌﾀﾊﾞｶﾝｷｮｳｾ","","福島県双葉郡富岡町大字小良ｹ浜字深谷","","","0240-22-3330","","","","","","","0","20180718","230157","SYSTEM","20180718","230157","SYSTEM"
"0000780","双葉砕石工業　阿武隈事業所","双葉砕石工業　阿武隈","ﾌﾀﾊﾞｻｲｾｷｺｳ","","福島県双葉郡浪江町大字南津島字下冷田88","","","0240-36-2218","","","","","","","0","20180718","230157","SYSTEM","20180718","230157","SYSTEM"
"0000781","双葉砕石工業　富岡事業所","双葉砕石工業　富岡事","ﾌﾀﾊﾞｻｲｾｷｺｳ","","福島県双葉郡富岡町大字上手岡字片倉88","","","0240-22-0751","","","","","","","0","20180718","230157","SYSTEM","20180718","230157","SYSTEM"
"0000785","ほまれ酒造","ほまれ酒造","ﾎﾏﾚｼｭｿﾞｳ","","福島県喜多方市松山町村松字常磐町2706","","","0241-22-5154","","","","","","","0","20180718","230157","SYSTEM","20180718","230157","SYSTEM"
"0000794","村田基準寝具","村田基準寝具","ﾑﾗﾀｷｼﾞｭﾝｼﾝ","","福島県いわき市好間工業団地1-88","","","0246-47-0155","","","","","","","0","20180718","230157","SYSTEM","20180718","230157","SYSTEM"
"0000795","メイコー　福島工場","メイコー　福島工場","ﾒｲｺｰﾌｸｼﾏｺｳ","","福島県双葉郡広野町大字上北迫字岩沢1-2","","","0240-27-3970","","","","","","","0","20180718","230157","SYSTEM","20180718","230157","SYSTEM"
"0000796","美野里町水道課","美野里町水道課","ﾐﾉｻﾄ","","美野里町水道課","","","","","","","","","","0","20180718","230157","SYSTEM","20180718","230157","SYSTEM"
"0000797","ﾓﾘﾏｰｺﾝﾎﾟｼﾞｯﾄ 本社・関本工場","ﾓﾘﾏｰｺﾝﾎﾟｼﾞｯﾄ 本社・","ﾓﾘﾏｰｺﾝﾎﾟｼﾞ","","茨城県北茨城市関本町富士ヶ丘1270","","","0293-46-1660","","","","","","","0","20180718","230157","SYSTEM","20180718","230157","SYSTEM"
"0000811","イセ食品　福島工場","イセ食品　福島工場","ｲｾｼｮｸﾋﾝﾌｸｼ","","福島県石川郡古殿町大字鎌田字田中田151","","","0247-53-3577","","","","","","","0","20180718","230157","SYSTEM","20180718","230157","SYSTEM"
"0000812","旭自動車SS","旭自動車SS","ｱｻﾋｼﾞ","","旭自動車SS","","","","","","","","","","0","20180718","230157","SYSTEM","20180718","230157","SYSTEM"
"0000045","相馬共同火力発電所　新地発電所","相馬共同火力発電所","ｿｳﾏｶﾘｮｸ","","福島県相馬郡新地町駒ヶ嶺今神1-1","","","0244-62-2201","","","","","","","0","20180718","230157","SYSTEM","20180718","230157","SYSTEM"
"0000046","相馬方部衛生組合衛生センター","相馬方部衛生組合衛生","ｿｳﾏﾎｳﾌﾞｴｲｾ","","福島県相馬市光陽４－２－１","","","0244-36-8555","","","","","","","0","20180718","230157","SYSTEM","20180718","230157","SYSTEM"
"0000047","相馬丸三橋本4号","相馬丸三橋本4号","ｿｳﾏﾏﾙ","","相馬丸三橋本4号","","","","","","","","","","0","20180718","230157","SYSTEM","20180718","230157","SYSTEM"
"0000048","大昌電子岩手工場","大昌電子岩手工場","ﾀｲｼｮｳﾃﾞﾝｼ","","岩手県東磐井郡藤沢町砂子田字宮ノ脇30","","","0191-63-5111","","","","","","","0","20180718","230157","SYSTEM","20180718","230157","SYSTEM"
"0000050","ダスキン仙台工場","ダスキン仙台工場","ﾀﾞｽｷﾝｾﾝﾀﾞｲ","","宮城県仙台市泉区長命ケ丘6丁目15-30","","","0120-38-1720","","","","","","","0","20180718","230157","SYSTEM","20180718","230157","SYSTEM"
"0000051","伊達地方衛生処理組合","伊達地方衛生処理組合","ﾀﾞﾃﾁﾎｳｴｲｾｲ","","福島県伊達市保原字中瀬字道下1-32","","","024-575-2371","","","","","","","0","20180718","230157","SYSTEM","20180718","230157","SYSTEM"
"0000049","田島衛生センター","田島衛生センター","ﾀｼﾞﾏｴ","","田島衛生センター","","","","","","","","","","0","20180718","230157","SYSTEM","20180718","230157","SYSTEM"
"0000052","鶴見鋼管　いわき工場","鶴見鋼管　いわき工場","ﾂﾙﾐｺｳｶﾝ","","福島県いわき市南台3-9-1山田","ｲﾝﾀﾞｽﾄﾘｱﾙﾊﾟ-ｸ内","","0246-62-0550","","","","","","","0","20180718","230157","SYSTEM","20180718","230157","SYSTEM"
"0000053","東京電力福島第一原子力発電所","東京電力福島第一原子","ﾄｳｷｮｳﾃﾞﾝﾘｮ","","福島県双葉郡大熊町大字夫沢北原22","","","0240-32-2101","","","","","","","0","20180718","230157","SYSTEM","20180718","230157","SYSTEM"
"0000054","東洋製缶　仙台工場","東洋製缶　仙台工場","ﾄｳﾖｳｾｲｶﾝｾﾝ","","宮城県仙台市宮城野区港２","","","","","","","","","","0","20180718","230157","SYSTEM","20180718","230157","SYSTEM"
"0000055","東和コンクリート","東和コンクリート","ﾄｳﾜｺﾝｸﾘｰﾄ","","宮城県角田市角田字野田前６","","","0224-62-3131","","","","","","","0","20180718","230157","SYSTEM","20180718","230157","SYSTEM"
"0000056","登米衛生センター","登米衛生センター","ﾄﾖﾈｴｲ","","登米衛生センター","","","","","","","","","","0","20180718","230157","SYSTEM","20180718","230157","SYSTEM"
"0000057","大建工業　高萩工場","大建工業　高萩工場","ﾀﾞｲｹﾝｺｳｷﾞｮ","","茨城県高萩市大字赤浜字松久保160-1","","","0293-23-6515","","","","","","","0","20180718","230157","SYSTEM","20180718","230157","SYSTEM"
"0000058","富岡興業","富岡興業","ﾄﾐｵｶｺｳｷﾞｮｳ","","福島県伊達郡川俣町山木屋字大久保入山1-1","","","024-563-2331","","","","","","","0","20180718","230157","SYSTEM","20180718","230157","SYSTEM"
"0000060","ﾈｸｾﾗｲｽﾞ　小名浜","ﾈｸｾﾗｲｽﾞ","ﾈｸｾﾗｲｽﾞ","","福島県いわき市小名浜字渚9-3","","","0246-52-1522","","","","","","","0","20180718","230157","SYSTEM","20220219","110301","000002"
"0000061","","","","","","","","","","","","","","","0","20180718","230157","SYSTEM","20180718","230157","SYSTEM"
"0000062","日本水産女川","日本水産女川","ﾆﾎﾝｽｲｻﾝｵﾅｶ","","宮城県牡鹿郡女川町石浜字高森25-1","","","0225-54-3111","","","","","","","0","20180718","230157","SYSTEM","20180718","230157","SYSTEM"
"0000063","日本製紙　勿来工場","日本製紙　勿来工場","ﾆﾎﾝｾｲｼﾝｺｿｺ","","福島県いわき市勿来町窪田十条1番地","","","","","","","","","","0","20180718","230157","SYSTEM","20180718","230157","SYSTEM"
"0000064","原町方部衛生","原町方部衛生","ﾊﾗﾏﾁﾎ","","原町方部衛生","","","","","","","","","","0","20180718","230157","SYSTEM","20180718","230157","SYSTEM"
"0000065","日立パワーデバイス　原町第一","日立パワーデバイス","ﾋﾀﾁﾊﾟﾜｰﾃﾞﾊ","","福島県南相馬市原町区下太田字川内迫","548番地","","0244-22-2152","","","","","","","0","20180718","230157","SYSTEM","20180718","230157","SYSTEM"
"0000066","ひめゆり総業","ひめゆり総業","ﾋﾒﾕﾘｿｳｷﾞｮｳ","","福島県いわき市内郷宮町町田105","","","0246-26-4111","","","","","","","0","20180718","230157","SYSTEM","20180718","230157","SYSTEM"
"0000067","富士フイルムマイクロデバイス","富士フイルムマイクロ","ﾌｼﾞﾌｲﾙﾑﾏｲｸ","","宮城県黒川郡大和町松坂平1丁目6","","","022-347-1111","","","","","","","0","20180718","230157","SYSTEM","20180718","230157","SYSTEM"
"0000068","北越ｺｰﾎﾟﾚｰｼｮﾝ勝田","北越ｺｰﾎﾟﾚｰｼｮﾝ勝田","ﾎｸｴﾂｺｰﾎﾟﾚｰｼｮﾝ","","茨城県ひたちなか市大字高場1760","","","0292-75-5516","","","","","","","0","20180718","230157","SYSTEM","20220528","113430","000002"
"0000069","丸栄コンクリート工業　福島工場","丸栄コンクリート工業","ﾏﾙｴｲｺﾝｸﾘｰﾄ","","福島県東白川郡棚倉町上台88-1","","","0247-33-2288","","","","","","","0","20180718","230157","SYSTEM","20180718","230157","SYSTEM"
"0000070","丸三製紙","丸三製紙","ﾏﾙｻﾝｾｲｼ","","福島県南相馬市原町区青葉町1丁目12-1","","","0244-22-3113","","","","","","","0","20180718","230157","SYSTEM","20180718","230157","SYSTEM"
"0000071","ゼライス","ゼライス","ｾﾞﾗｲｽ","","宮城県仙台市若林区若林2-7-1","","","022-286-5121","","","","","","","0","20180718","230157","SYSTEM","20180718","230157","SYSTEM"
"0000073","盛岡地区衛生処理組合","盛岡地区衛生処理組合","ﾓﾘｵｶﾁｸｴｲｾｲ","","岩手県岩手郡滝沢村滝沢字大崎94-194","","","019-688-5110","","","","","","","0","20180718","230157","SYSTEM","20180718","230157","SYSTEM"
"0000074","計量","計量","ｹｲﾘｮｳ","","計量","","","","","","","","","","0","20180718","230157","SYSTEM","20180718","230157","SYSTEM"
"0000075","メルク　小名浜工場","メルク　小名浜工場","ﾒﾙｸｵﾅﾊﾏｺｳｼ","","福島県いわき市泉町黒須野江越51-15","","","0246-56-7600","","","","","","","0","20180718","230157","SYSTEM","20180718","230157","SYSTEM"
"0000076","新八茎鉱山","新八茎鉱山","ﾔｸﾞｷｺｳｻﾝ","","福島県いわき市四倉町玉山字菖蒲平26-6","","","0246-33-2321","","","","","","","0","20180718","230157","SYSTEM","20180718","230157","SYSTEM"
"0000077","ラサ工業　三本木工場","ラサ工業　三本木工場","ﾗｻｺｳｷﾞｮｳｻﾝ","","宮城県大崎市三本木音無字山崎26-2","","","0229-52-3811","","","","","","","0","20180718","230157","SYSTEM","20180718","230157","SYSTEM"
"0000078","亘理名取衛生","亘理名取衛生","ﾜﾀﾘﾅﾄﾘｴｲｾｲ","","宮城県亘理郡山元町高瀬字杉田2-1","","","0223-37-4611","","","","","","","0","20180718","230157","SYSTEM","20180718","230157","SYSTEM"
"0000079","鹿島電解","鹿島電解","ｶｼﾏﾃﾞﾝｶｲ","","茨城県神栖市東和田3","","","0299-96-2311","","","","","","","0","20180718","230157","SYSTEM","20180718","230157","SYSTEM"
"0000080","あおひらｸﾘｰﾝｾﾝﾀｰ","あおひらｸﾘｰﾝｾﾝﾀｰ","ｱｵﾋﾗ","","あおひらｸﾘｰﾝｾﾝﾀｰ","","","","","","","","","","0","20180718","230157","SYSTEM","20180718","230157","SYSTEM"
"0000086","昭和電工　喜多方新設40ＫＴ","昭和電工　喜多方新設","ｼｮｳﾜﾃﾞﾝｺｳｷ","","福島県喜多方市字長内7840","","","","","","","","","","0","20180718","230157","SYSTEM","20180718","230157","SYSTEM"
"0000097","","","","","","","","","","","","","","","0","20180718","230157","SYSTEM","20180718","230157","SYSTEM"
"0000101","クレハ環境","クレハ環境","ｸﾚﾊｶﾝｷｮｳ","","福島県いわき市錦町四反田30","","","0246-63-1331","","","","","","","0","20180718","230157","SYSTEM","20180718","230157","SYSTEM"
"0000102","呉羽化学　基地","呉羽化学　基地","ｷﾁ","","福島県いわき市小名浜字高山327","小名浜港4号埠頭","","","","","","","","","0","20180718","230157","SYSTEM","20180718","230157","SYSTEM"
"0000103","荒川化学工業　小名浜工場","荒川化学工業　小名浜","ｱﾗｶﾜｶｶﾞｸ","","福島県いわき市泉町下川字大剣399-5","","","0246-56-7731","","","","","","","0","20180718","230157","SYSTEM","20180718","230157","SYSTEM"
"0000104","いわき大王製紙","いわき大王製紙","ｲﾜｷﾀﾞｲｵｳ","","福島県いわき市南台4-3-6","","","0246-62-1111","","","","","","","0","20180718","230157","SYSTEM","20180718","230157","SYSTEM"
"0000106","泉浄水場","泉浄水場","ｲｽﾞﾐｼﾞｮｳｽｲ","","福島県いわき市泉町滝尻字泉町５２","","","0246-56-6415","","","","","","","0","20180718","230157","SYSTEM","20180718","230157","SYSTEM"
"0000107","いわき中部浄化センター","いわき中部浄化センタ","ｲﾜｷﾁｭｳﾌﾞｼﾞ","","福島県いわき市小名浜大原芳際1","","","0246-53-6636","","","","","","","0","20180718","230157","SYSTEM","20180718","230157","SYSTEM"
"0000108","いわき東部浄化センター","いわき東部浄化センタ","ｲﾜｷﾄｳﾌﾞｼﾞｮ","","福島県いわき市小名浜字吹松17-1","","","0246-92-5451","","","","","","","0","20180718","230157","SYSTEM","20180718","230157","SYSTEM"
"0000109","いわき南部清掃センター","いわき南部清掃センタ","ｲﾜｷﾅﾝﾌﾞｾｲｿ","","福島県いわき市泉町下川境ﾉ町63","","","","","","","","","","0","20180718","230157","SYSTEM","20180718","230157","SYSTEM"
"0000111","いわき市クリンピーの丘","いわき市クリンピーの","ｲﾜｷｸﾘﾝﾋﾟｰﾉ","","福島県いわき市山田町家の前31","","","0246-62-6422","","","","","","","0","20180718","230157","SYSTEM","20180718","230157","SYSTEM"
"0000112","ﾆｯｿｰﾌｧｲﾝ 磯原工場","ﾆｯｿｰﾌｧｲﾝ 磯原工場","ﾆｯｿｰﾌｧｲﾝｲ","","茨城県北茨城市磯原町磯原1309-2","磯原工業団地","","0293-42-2064","","","","","","","0","20180718","230157","SYSTEM","20220225","092510","000005"
"0000113","茨城プレイティング","茨城プレイティング","ｲﾊﾞﾗｷﾌﾟﾚｲﾃ","","茨城県北茨城市磯原町磯原西蒲替1155","","","","","","","","","","0","20180718","230157","SYSTEM","20180718","230157","SYSTEM"
"0000114","浮間化学研究所小名浜工場","浮間化学研究所小名浜","ｳｷﾏｶｶﾞｸｹﾝｷ","","福島県いわき市泉町下川字大剣1-134","","","0246-56-2786","","","","","","","0","20180718","230157","SYSTEM","20180718","230157","SYSTEM"
"0000115","","","","","","","","","","","","","","","0","20180718","230157","SYSTEM","20180718","230157","SYSTEM"
"0000117","新菱　いわき","新菱　いわき","ｼﾝﾘｮｳ","","福島県いわき市小名浜字高山312-5","","","0246-53-6508","","","","","","","0","20180718","230157","SYSTEM","20220315","111457","000002"
"0001287","日立ハイテクノロジーズ","日立ハイテクノロジー","ﾋﾀﾁﾊｲﾃｸﾉﾛｼ","","茨城県日立市幸町１丁目3-8","","","0294-23-7300","","","","","","","0","20180718","230157","SYSTEM","20180718","230157","SYSTEM"
"0002602","スパアルツおおるり","スパアルツおおるり","ｽﾊﾟｱﾙﾂ","","福島県耶麻郡磐梯町大字更科字清水平6838-","68","","","","","","","","","0","20180718","230157","SYSTEM","20180718","230157","SYSTEM"
"0010606","ｱﾄﾞﾊﾞﾝ","ｱﾄﾞﾊﾞﾝ","ｱﾄﾞﾊﾞﾝ","360-0238","埼玉県熊谷市妻沼西１丁目３７","","","","","","","","","","0","20180808","203047","000099","20220224","191705","000005"
"0010441","伊東市ｸﾘｰﾝｾﾝﾀｰ","伊東市ｸﾘｰﾝｾﾝﾀｰ","ｲﾄｳｼｸﾘｰﾝｾﾝﾀｰ","414-0001","静岡県伊東市宇佐美３５９６－４","","","","","","","","","","0","20180808","203047","000099","20220302","100224","000005"
"0010600","ｴｰｻﾞｲ/鹿島","ｴｰｻﾞｲ/鹿島","ｴｰｻﾞｲ(ｶｼﾏ)","314-0255","茨城県神栖市砂山２２","","","","","","","","","","0","20180808","203047","000099","20220302","100342","000005"
"0010444","ｵﾘｴﾝﾀﾙｴﾝﾁﾞﾆｱﾘﾝｸﾞ","ｵﾘｴﾝﾀﾙｴﾝﾁﾞﾆｱﾘﾝｸﾞ","ｵﾘｴﾝﾀﾙｴﾝﾁﾞﾆｱﾘﾝｸﾞ","350-0833","埼玉県川越市芳野台２丁目８－４９","","","","","","","","","","0","20180808","203047","000099","20220302","100713","000005"
"0010432","小鹿野町衛生","小鹿野町衛生","ｵｶﾞﾉﾏﾁｴｲｾｲ","","小鹿野町衛生","","","","","","","","","","0","20180808","203047","000099","20180808","203047","000099"
"0010449","鋸南地区衛生ｾﾝﾀｰ","鋸南地区衛生ｾﾝﾀｰ","ｷｮﾅﾝﾁｸｴｲｾｲｾﾝﾀｰ","299-2115","千葉県安房郡鋸南町下佐久間５４４－１","","","","","","","","","","0","20180808","203047","000099","20220302","101109","000005"
"0010456","坂戸地区衛生","坂戸地区衛生","ｻｶﾄﾞﾁｸｴｲｾｲ","","坂戸地区衛生","","","","","","","","","","0","20180808","203047","000099","20180808","203047","000099"
"0010455","埼玉環境整備ｾﾝﾀｰ","埼玉環境整備ｾﾝﾀｰ","ｻｲﾀﾏｶﾝｷｮｳｾｲﾋﾞｾﾝﾀｰ","","埼玉環境整備ｾﾝﾀｰ","","","","","","","","","","0","20180808","203047","000099","20180808","203047","000099"
"0010437","ｻﾝｹﾐｶﾙ","ｻﾝｹﾐｶﾙ","ｻﾝｹﾐｶﾙ","340-0807","埼玉県八潮市新町２９－３","","","","","","","","","","0","20180808","203047","000099","20220712","094837","000005"
"0020013","佐貫処分場","佐貫処分場","ｻﾇｷｼｮﾌﾞﾝｼﾞｮｳ","299-4425","千葉県長生郡睦沢町佐貫３６０５－１","","","","","","","","","","0","20180808","203047","000099","20220302","101346","000005"
"0010453","猿島環境","猿島環境","ｻｼﾏｶﾝｷｮｳ","","猿島環境","","","","","","","","","","0","20180808","203047","000099","20180808","203047","000099"
"0010487","蓮田白岡衛生組合","蓮田白岡衛生組合","ﾊｽﾀﾞｼﾗｵｶｴｲｾｲｸﾐｱｲ","","蓮田白岡衛生組合","","","","","","","","","","0","20180808","203047","000099","20180808","203047","000099"
"0010534","昭和ｲﾝｸ/埼玉","昭和ｲﾝｸ/埼玉","ｼｮｳﾜｲﾝｸ(ｻｲﾀﾏ)","355-0204","埼玉県比企郡嵐山町花見台９","","","","","","","","","","0","20180808","203047","000099","20220302","103142","000005"
"0010459","ｼﾞｪｲﾌｨﾙﾑ 成田","ｼﾞｪｲﾌｨﾙﾑ 成田","ｼﾞｪｲﾌｨﾙﾑ(ﾅﾘﾀ)","287-0102","千葉県香取市岩部１７９－９３","","","","","","","","","","0","20180808","203047","000099","20220302","101634","000005"
"0010462","上毛金属工業","上毛金属工業","ｼﾞｮｳﾓｳｷﾝｿﾞｸｺｳｷﾞｮｳ","370-2451","群馬県富岡市宇田２５０－５","","","","","","","","","","0","20180808","203047","000099","20220302","103049","000005"
"0008011","大伸化学/越谷","大伸化学/越谷","ﾀﾞｲｼﾝｶｶﾞｸ(ｺｼｶﾞﾔ)","343-0851","埼玉県越谷市七左町４丁目３１６","","","","","","","","","","0","20180808","203047","000099","20220302","103434","000005"
"0008013","ﾀﾞﾝｹﾐｶﾙ 茨城","ﾀﾞﾝｹﾐｶﾙ 茨城","ﾀﾞﾝｹﾐｶﾙ","300-2521","茨城県常総市大生郷町６１３８－７","","","","","","","","","","0","20180808","203047","000099","20220307","143255","000005"
"0008023","太平化成/久喜","太平化成/久喜","ﾀｲﾍｲｶｾｲ(ｸｷ)","346-0028","埼玉県久喜市河原井町２３","","","","","","","","","","0","20180808","203047","000099","20220302","103617","000005"
"0010467","津田商店","津田商店","ﾂﾀﾞｼｮｳﾃﾝ","382-0804","群馬県伊勢崎市稲荷町３９９－３","","","","","","","","","","0","20180808","203047","000099","20220307","143553","000005"
"0010468","東京ｲﾝｷ","東京ｲﾝｷ","ﾄｳｷｮｳｲﾝｷ","331-0811","埼玉県さいたま市北区吉野町１丁目３９７","","","","","","","","","","0","20180808","203047","000099","20220307","143717","000005"
"0008042","ﾄｳﾍﾟ製造/茨城工場","ﾄｳﾍﾟ製造/茨城工場","ﾄｳﾍﾟｾｲｿﾞｳ","","ﾄｳﾍﾟ製造/茨城工場","","","","","","","","","","0","20180808","203047","000099","20180808","203047","000099"
"0010434","東京化成 熊谷","東京化成 熊谷","ﾄｳｷｮｳｶｾｲ(ｸﾏｶﾞﾔ)","360-0844","埼玉県熊谷市御稜威ケ原１－１０","","","","","","","","","","0","20180808","203047","000099","20220307","144109","000005"
"0006056","長坂浄化ｾﾝﾀｰ","長坂浄化ｾﾝﾀｰ","ﾅｶﾞｻｶｼﾞｮｳｶｾﾝﾀｰ","240-0101","神奈川県横須賀市長坂５丁目","","","","","","","","","","0","20180808","203047","000099","20220309","092203","000005"
"0010439","ﾆｯﾀｸｽ","ﾆｯﾀｸｽ","ﾆｯﾀｸｽ","","ﾆｯﾀｸｽ","","","","","","","","","","0","20180808","203047","000099","20180808","203047","000099"
"0010474","日本ﾏｲｶ製作所","日本ﾏｲｶ製作所","ﾆﾎﾝﾏｲｶｾｲｻｸｼｮ","367-0301","埼玉県児玉郡神川町渡瀬５９３","","","","","","","","","","0","20180808","203047","000099","20220307","145025","000005"
"0010477","鳩ヶ谷衛生センター","鳩ヶ谷衛生センター","ﾊﾄｶﾞﾔｴｲｾｲｾﾝﾀｰ","","埼玉県川口市八幡木3-18-11","","","","","","","","","","0","20180808","203047","000099","20190218","105512","000005"
"0010388","飯能環境ｾﾝﾀｰ","飯能環境ｾﾝﾀｰ","ﾊﾝﾉｳｶﾝｷｮｳ","357-0049","埼玉県飯能市征矢町３１－１","","","","","","","","","","0","20180808","203047","000099","20220225","092737","000005"
"0010469","松戸東部ｸﾘｰﾝｾﾝﾀｰ","松戸東部ｸﾘｰﾝｾﾝﾀｰ","ﾏﾂﾄﾞﾄｳﾌﾞｸﾘｰﾝｾﾝﾀｰ","270-2222","千葉県松戸市高塚新田３５２","","","","","","","","","","0","20180808","203047","000099","20220307","145737","000005"
"0010435","柳河精機 狭山","柳河精機 狭山","ﾔﾅｷﾞｶﾜｾｲｷ(ｻﾔﾏ)","350-1331","埼玉県狭山市新狭山１丁目３－５ 柳河精機","","","","","","","","","","0","20180808","203047","000099","20220309","091714","000005"
"0010486","ﾕﾆｵﾝﾍﾟｲﾝﾄ","ﾕﾆｵﾝﾍﾟｲﾝﾄ","ﾕﾆｵﾝﾍﾟｲﾝﾄ","270-0235","千葉県野田市尾崎２３２５－４０","","","","","","","","","","0","20180808","203047","000099","20220309","091857","000005"
"0010629","川研ﾌｧｲﾝｹﾐｶﾙ(静岡)","川研ﾌｧｲﾝｹﾐｶﾙ(静岡)","ｶﾜｹﾝﾌｧｲﾝ","437-1213","静岡県磐田市塩新田５８２","","","0538-58-1001","","","","","","","0","20180824","112603","000005","20220225","090724","000005"
"0010630","武蔵野化学(鷲宮)","武蔵野化学(鷲宮)","ﾑｻｼﾉｶｶﾞｸ","340-0203","埼玉県久喜市桜田5-16","","","0480-58-9001","","","","","","","0","20180824","112748","000005","20180824","113331","000005"
"0010631","大利根クリーンセンター","大利根ｸﾘｰﾝｾﾝﾀｰ","ｵｵﾄﾈｸﾘｰﾝ","349-1147","加須市北大桑1870","","","0480-72-4692","","","","","","","0","20180824","112925","000005","20180824","113358","000005"
"0010632","鋸南地区衛生","鋸南地区衛生","ｷｮﾅﾝﾁｸｴｲｾｲ","","千葉県安房郡鋸南町下佐久間544-1","","","0470-55-0329","","","","","","","0","20180824","113103","000005","20190221","120127","000005"
"0010499","旭硝子（ACM）","旭硝子","ｱｻﾋｶﾞﾗｽ","","1","","","","","","","","","","0","20180824","115845","000003","20180824","115845","000003"
"0020035","新日鉄君津","新日鉄君津","ｼﾝﾆｯﾃﾂｷﾐﾂ","","1","","","","","","","","","","0","20180824","121315","000003","20180824","121315","000003"
"0020088","五反田換気所","五反田","ｺﾞﾀﾝﾀﾞｶﾝｷｼﾞｮ","","1","","","","","","","","","","0","20180824","134514","000003","20180824","134514","000003"
"0020082","流山クリーンセンター","流山","ﾅｶﾞﾚﾔﾏｸﾘｰﾝｾﾝﾀｰ","","1","","","","","","","","","","0","20180824","134610","000003","20180824","134610","000003"
"0010481","日立化成（勝田）","日立化成","ﾋﾀﾁｶｾｲ","","1","","","","","","","","","","0","20180824","151816","000003","20180824","151816","000003"
"0020093","保土ヶ谷ロジスティックス（鶴見）","保土ヶ谷","ﾎﾄﾞｶﾞﾔ","","1","","","","","","","","","","0","20180824","152329","000003","20180824","152329","000003"
"0020140","信越化学工業　鹿島工場","信越化学工業鹿島工場","ｼﾝｴﾂｶｶﾞｸ","314-0102","茨城県神栖市東和田１","","","","","","","","","","0","20180824","152424","000003","20231107","112055","000005"
"0020071","日立化成　鹿島","日立化成","ﾋﾀﾁｶｾｲ","","1","","","","","","","","","","0","20180824","152454","000003","20180824","152454","000003"
"PASA1710","パーキングエリア","パーキング","ﾊﾟｰｷﾝｸﾞｴﾘｱ","","1","","","","","","","","","","0","20180824","160826","000003","20180824","160826","000003"
"0020163","気仙環境保全","気仙環境","ｹｾﾝｶﾝｷｮｳ","","岩手県気仙郡住田町上有住字新田94-232","","","0198-65-2790","","","","","","","0","20180831","103949","000001","20180831","103949","000001"
"0010633","富士ﾌｲﾙﾑ(株)富士宮","富士フイルム富士宮","ﾌｼﾞﾉﾐﾔ","","静岡県富士宮市大中里200","","","","","","","","","","0","20180905","113220","000005","20180905","113220","000005"
"0020157","信越化学　松井田工場","信越化学　松井田工場","ｼﾝｴﾂﾏﾂｲﾀﾞ","379-0224","群馬県安中市松井田町人見１－１０","","","","","","","","","","0","20180905","140818","000003","20220302","103245","000005"
"0010603","稲垣鋳物（川口）","稲垣鋳物","ｲﾅｶﾞｷｼｭﾌﾞﾂ","","あ","","","","","","","","","","0","20180905","141020","000003","20180905","141020","000003"
"0020115","日立化成（山崎）","日立化成","ﾋﾀﾁｶｾｲﾔﾏｻﾞｷ","","あ","","","","","","","","","","0","20180905","141218","000003","20180905","141218","000003"
"0010426","三井商事（八千代）","三井商事","ﾐﾂｲｼｮｳｼﾞﾔﾁﾖ","","あ","","","","","","","","","","0","20180905","141649","000003","20180905","141649","000003"
"0020006","三共油化工業","三共油化","ｻﾝｷｮｳﾕｶ","272-0146","千葉県市川市広尾２丁目６－１","","","","","","","","","","0","20180906","110657","000005","20220302","101434","000005"
"0010389","化研興業","化研興業","ｶｹﾝ","355-0007","埼玉県東松山市野田９９０－１","","","","","","","","","","0","20180906","110753","000005","20220302","100802","000005"
"0002956","南会津地方東部衛生センター","南会津地方東部衛生","ﾐﾅﾐｱｲﾂﾞﾁﾎｳﾄｳﾌﾞｴｲｾｲ","","福島県南会津郡下郷町大字落合字上下川原90","","","0241-67-3414","","","","","","","0","20180910","113027","000001","20180910","113027","000001"
"0002957","岩村製餡工場","岩村製餡工場","ｲﾜﾑﾗｾｲｱﾝ","","福島県会津若松市真宮新町北2-2","","","0242-27-1185","","","","","","","0","20180910","113206","000001","20180910","113206","000001"
"0010480","肥田商店","肥田商店","ﾋﾀﾞｼｮｳﾃﾝ","","あ","","","","","","","","","","0","20180925","112410","000003","20180925","112410","000003"
"0010436","アサヒゴム","アサヒゴム","ｱｻﾋｺﾞﾑ","","あ","","","","","","","","","","0","20180925","112451","000003","20180925","112451","000003"
"0010443","富士フィルム（オプト）","富士フィルム","ﾌｼﾞﾌｨﾙﾑｵﾌﾟﾄ","","あ","","","","","","","","","","0","20180925","112543","000003","20180925","112543","000003"
"0010260","ｳｴｰﾌﾞﾛｯｸｲﾝﾃﾘｱ第一工場","ｳｴｰﾌﾞﾛｯｸｲﾝﾃﾘｱ","ｳｴｰﾌﾞﾛｯｸｲﾝﾃﾘｱ","","岩手県一関市東台14-25　一関工業団地","","","0191-23-8161","","","","","","","0","20180928","142802","000001","20180928","142802","000001"
"0020170","KJｹﾐｶﾙｽﾞ㈱　八代工場","KJｹﾐｶﾙｽﾞ㈱　八代工場","KJｹﾐｶﾙｽﾞ","","KJｹﾐｶﾙｽﾞ","","","","","","","","","","0","20181026","130508","000007","20181026","130508","000007"
"0010471","成田市浄化センター","成田市浄化センター","ﾅﾘﾀｼｼﾞｮｳｶｾﾝﾀｰ","","千葉県成田市吉倉127-1","","","","","","","","","","0","20181029","104955","000005","20181029","104955","000005"
"0006116","十條合成 千葉工場","十條合成　千葉","ｼﾞｭｳｼﾞｮｳｺﾞｳｾｲ","","長生郡長柄町山之郷502","","","","","","","","","","0","20181107","112951","000005","20181107","112951","000005"
"0010635","中巨摩地区広域事務組合衛生センター","中巨摩衛生センター","ﾅｶｷｮﾏ","","山梨県中央市乙黒1083-8","","","","","","","","","","0","20181107","110607","000005","20181107","110607","000005"
"0020172","㈱九州ｲﾉｱｯｸ　浮羽工場","㈱九州ｲﾉｱｯｸ　浮羽工","ｷｭｳｼｭｳｲﾉｱｯｸ","","㈱九州ｲﾉｱｯｸ(浮羽）","","","","","","","","","","0","20181107","135111","000007","20181107","135408","000007"
"0020171","中国精油㈱　新門司工場","中国精油㈱　新門司","ﾁｭｳｺﾞｸｾｲﾕ","","中国製油(新門司）","","","","","","","","","","0","20181107","134757","000007","20181109","094608","000007"
"0020173","NOKﾒﾀﾙ箟岳","NOKﾒﾀﾙ箟岳","ｴﾇｵｰｹｰﾒﾀﾙ","","宮城県遠田郡涌谷町小里守５３－２","","","","","","","","","","0","20181109","105110","000005","20220224","185824","000005"
"0020174","アミックス　石巻油槽所","アミックス石巻","ｱﾐｯｸｽ ｲｼﾉﾏｷﾕｿｳｼﾞｮ","","宮城県石巻市魚町３丁目11-2","","","0225-93-5755","","","","","","","0","20181112","130541","000001","20181112","130541","000001"
"0010491","東レファインケミカル","東レファインケミカル","ﾄｳﾚﾌｧｲﾝｹﾐｶﾙ","","あ","","","","","","","","","","0","20181121","093254","000003","20181121","093254","000003"
"0020176","マルトモ　仙台第二工場","マルトモ　仙台第二","ﾏﾙﾄﾓ","","宮城県柴田郡柴田町大字槻木字萱ヶ崎63-1","","","0224-58-8666","","","","","","","0","20181128","101348","000001","20181128","101348","000001"
"0020177","福島市堀河町終末処分場","福島市堀河町終末処分","ﾌｸｼﾏｼﾎﾘｶﾜｼｭｳﾏﾂｼｮﾌﾞﾝ","","福島県福島市東浜町9-11","","","024-535-1807","","","","","","","0","20181128","101739","000001","20181128","101739","000001"
"0002964","八戸製錬","八戸製錬","ﾊﾁﾉﾍｾｲﾚﾝ","","青森県八戸市河原木字浜名谷地76","","","0178-20-4541","","","","","","","0","20181129","103201","000002","20181129","103201","000002"
"0020181","紅谷醸造場　天童工場","紅谷醸造　天童","ﾍﾞﾆﾔｼﾞｮｳｿﾞｳｼﾞｮｳ ﾃﾝﾄﾞ","","山形県天童市清池東2-2-12","","","023-655-2216","","","","","","","0","20181130","105250","000001","20181130","105250","000001"
"0020178","高松電鍍工業","高松電鍍工業","ﾀｶﾏﾂﾃﾞﾝﾄｺｳｷﾞｮｳ","","あ","","","","","","","","","","0","20181130","154520","000003","20181130","154520","000003"
"0010479","東日本塗料","東日本塗料","ﾋｶﾞｼﾆﾎﾝﾄﾘｮｳ","","あ","","","","","","","","","","0","20181203","101556","000003","20181203","101556","000003"
"0020084","本町換気所","本町換気所","ﾎﾝﾏﾁｶﾝｷｼﾞｮ","","あ","","","","","","","","","","0","20181203","113453","000003","20181203","113453","000003"
"0088888","庸車実績運賃","庸車実績運賃","ﾖｳｼｬ","","庸車実績運賃","","","","","","","","","","0","20181203","134338","000007","20181203","134338","000007"
"0888881","最低補償差額分(4950000)","最低補償差額分(4950","ｻｲﾃｲﾎｼｮｳ","","最低補償差額分(4950000)","","","","","","","","","","0","20181203","134543","000007","20190122","152924","000007"
"0020085","西新宿換気所","西新宿換気所","ﾆｼｼﾝｼﾞｭｸｶﾝｷｼﾞｮ","","あ","","","","","","","","","","0","20181212","110209","000003","20181212","110209","000003"
"0010483","深谷配合粘土工業","深谷粘土","ﾌｶﾔﾈﾝﾄﾞ","","埼玉県深谷市大字明戸597","","","","","","","","","","0","20181218","110202","000005","20181218","110202","000005"
"0020086","代々木換気所","代々木換気所","ﾖﾖｷﾞｶﾝｷｼﾞｮ","","あ","","","","","","","","","","0","20181221","114349","000003","20181221","114349","000003"
"0020016","日本ﾘﾌｧｲﾝ","日本ﾘﾌｧｲﾝ","ﾆﾎﾝﾘﾌｧｲﾝ","290-0067","千葉県市原市八幡海岸通７４－１","","","","","","","","","","0","20181225","131016","000005","20220307","145352","000005"
"0020105","馬場換気所","馬場換気所","ﾊﾞﾊﾞｶﾝｷｼﾞｮ","","あ","","","","","","","","","","0","20181226","112242","000003","20181226","112242","000003"
"0020087","神山換気所","神山換気所","ｶﾐﾔﾏｶﾝｷｼﾞｮ","","あ","","","","","","","","","","0","20181227","144546","000003","20181227","144546","000003"
"0010463","大日精化（川口）","大日精化（川口）","ﾀﾞｲﾆﾁｾｲｶ","","あ","","","","","","","","","","0","20181227","144642","000003","20181227","144642","000003"
"0020184","松田産業第三工場","松田産業第三工場","ﾏﾂﾀﾞｻﾝｷﾞｮｳﾀﾞｲｻﾝｺｳｼﾞｮ","","あ","","","","","","","","","","0","20181227","144758","000003","20181227","144758","000003"
"0020185","太刀浦","太刀浦","ﾀﾁﾉｳﾗ","","太刀浦","","","","","","","","","","0","20190108","113010","000007","20190108","113010","000007"
"0020186","㈱日陸　九州事業所","㈱日陸　九州事業所","ﾆﾁﾘｸ　ｷｭｳｼｭｳｼﾞｷﾞｮｳｼｮ","","日陸","","","","","","","","","","0","20190108","113201","000007","20190108","113201","000007"
"0020187","ひびきコンテナヤード","ひびきコンテナヤード","ﾋﾋﾞｷｺﾝﾃﾅﾔｰﾄﾞ","","ひびきコンテナヤード","","","","","","","","","","0","20190111","100747","000007","20190111","100747","000007"
"0020064","東京応化","東京応化","ﾄｳｷｮｳｵｳｶ","","あ","","","","","","","","","","0","20190111","114834","000003","20190111","114834","000003"
"0020075","日立化成山崎","日立化成山崎","ﾋﾀﾁｶｾｲﾔﾏｻﾞｷ","","あ","","","","","","","","","","0","20190123","145433","000003","20190123","145433","000003"
"0020090","クミアイ化学工業（旧イハラケミカル）","クミアイ化学工業","ｸﾐｱｲｶｶﾞｸｺｳｷﾞｮｳ","","あ","","","","","","","","","","0","20190123","145602","000003","20190123","145602","000003"
"0020192","ホテルニュー水戸屋","ホテルニュー水戸屋","ﾎﾃﾙﾆｭｰﾐﾄﾔ","","宮城県仙台市太白区秋保町湯元字薬師102","","","022-398-2301","","","","","","","0","20190128","114045","000001","20190128","114045","000001"
"0020190","山形県立荒砥高等学校","山形県立荒砥高等学校","ﾔﾏｶﾞﾀｹﾝﾘﾂｱﾗﾄｺｳﾄｳｶﾞｯｺ","","山形県西置賜郡白鷹町大字荒砥甲367","","","0238-85-2171","","","","","","","0","20190128","114537","000001","20190128","114537","000001"
"0020191","山形県立南陽高等学校","山形県立南陽高等学校","ﾔﾏｶﾞﾀｹﾝﾘﾂﾅﾝﾖｳｺｳﾄｳ","","山形県南陽市宮内4600","","","0238-47-7401","","","","","","","0","20190128","114724","000001","20190128","114724","000001"
"0020193","東和コーポレーション㈱","東和コーポレーション","ｺｰﾎﾟﾚｰｼｮﾝ","","東和コーポレーション㈱","","","","","","","","","","0","20190129","143710","000007","20190129","143710","000007"
"0002965","東北日本ハム","東北日本ハム","ﾄｳﾎｸﾆﾎﾝﾊﾑ","998-0104","山形県酒田市広栄町3-1","","","","","","","","","","0","20190131","110721","000002","20190131","110721","000002"
"0010601","東工薬　八潮工場","東工薬　八潮工場","ﾄｳﾔｸ","","埼玉県八潮市木曽根744","","","","","","","","","","0","20190201","111845","000005","20190924","112241","000005"
"0020194","鹿島厚生病院","鹿島厚生病院","ｶｼﾏｺｳｾｲﾋﾞｮｳｲﾝ","","福島県南相馬市鹿島区横手字川原2","","","0244-46-5125","","","","","","","0","20190208","153007","000001","20190208","153007","000001"
"0020116","トーキン　白石事業所","トーキン　白石","ﾄｰｷﾝｼﾛｲｼｼﾞｷﾞｮｳｼｮ","","宮城県白石市旭町7-1-1","","","0224-24-4111","","","","","","","0","20190311","092446","000001","20190311","092446","000001"
"0020106","北新横浜換気所","北新横浜換気所","ｷﾀｼﾝﾖｺﾊﾏｶﾝｷｼﾞｮ","","あ","","","","","","","","","","0","20190319","133533","000003","20190319","133533","000003"
"0020198","フィード・ワン","フィードワン","ﾌｨｰﾄﾞﾜﾝ","","宮城県石巻市三河町9","","","0225-95-1313","","","","","","","0","20190325","142424","000001","20190325","142424","000001"
"0002966","ｱｻﾋﾌﾟﾘﾃｯｸ　埼玉","ｱｻﾋﾌﾟﾘﾃｯｸ　埼玉","ｱｻﾋﾌﾟﾘﾃｯｸ ｻｲﾀﾏ","","埼玉県北葛飾郡杉戸町本郷東中616","","","0480-33-6350","","","","","","","0","20190326","150107","000002","20190326","150107","000002"
"0010511","石福金属","石福金属","ｲｼﾌｸ","","あ","","","","","","","","","","0","20190213","144801","000099","20190213","144801","000099"
"0020200","新倉屋敷クリーンセンター","新倉屋敷クリーンセン","ｼﾝｸﾗﾔｼｷｸﾘｰﾝｾﾝﾀｰ","","新倉屋敷クリーンセンター","","","","","","","","","","0","20190412","131201","000007","20190412","131201","000007"
"0020203","日南市役所　美化推進課施設係　日南市衛生","日南市役所　美化推進","ﾆﾁﾅﾝｼﾔｸｼｮ　ﾋﾞｶｽｲｼﾝｶ","","日南市衛生センター","","","","","","","","","","0","20190513","113809","000007","20190614","113300","000007"
"0020204","日本ｱﾙｺｰﾙ販売㈱ 伊賀事業所","日本ｱﾙｺｰﾙ販売㈱","ﾆﾎﾝｱﾙｺｰﾙﾊﾝﾊﾞｲ","","アル販","","","","","","","","","","0","20190522","151502","000007","20220601","135803","000007"
"0002967","ナリタファーム(相馬市)","ナリタファーム","ﾅﾘﾀﾌｧｰﾑ","","福島県相馬市成田字大作295","","","0244-36-7777","","","","","","","0","20190530","103707","000002","20211013","144245","000006"
"0010638","妙中鉱業","妙中鉱業","ﾀｴﾅｶｺｳｷﾞｮｳ","","千葉県茂原市大芝452","","","","","","","","","","0","20190531","103005","000005","20190531","103005","000005"
"0020207","中正商店","中正商店","ﾁｭｳｾｲｼｮｳﾃﾝ","","あ","","","","","","","","","","0","20190606","114549","000003","20190606","114549","000003"
"0010597","オプト（神奈川）","オプト（神奈川）","ｵﾌﾟﾄ(ｶﾅｶﾞﾜ)","","あ","","","","","","","","","","0","20190610","141930","000003","20190610","141930","000003"
"0010289","松崎精麦","松崎精麦","ﾏﾂｻﾞｷｾｲﾊﾞｸ","","宮城県宮城郡松島町幡谷字原ケ沢15","","","022-351-2121","","","","","","","0","20190621","131619","000001","20190621","131619","000001"
"0010548","酔仙酒造","酔仙酒造","ｽｲｾﾝｼｭｿﾞｳ","","岩手県大船渡市猪川町字久名畑地内","","","","","","","","","","0","20190621","131906","000001","20190621","131906","000001"
"0020202","水ing AM","水ing AM","ﾐｽﾞｲﾝｸﾞ","","宮城県加美郡加美町字新川原","","","","","","","","","","0","20190621","134425","000001","20190621","134425","000001"
"0010086","花菱縫製　白鷹工場","花菱縫製　白鷹","ﾊﾅﾋｼﾎｳｾｲ","","山形県西置賜郡白鷹町大字鮎貝2886-2","","","0238-85-5911","","","","","","","0","20190703","152944","000001","20190703","152944","000001"
"0020214","小倉合成工業㈱","小倉合成工業","ｺｸﾗｺﾞｳｾｲｺｳｷﾞｮｳ","","小倉合成","","","","","","","","","","0","20190827","143911","000007","20190827","143911","000007"
"0002804","栗田工業","栗田工業","ｸﾘﾀｺｳｷﾞｮｳ","024-0102","岩手県北上市北上工業団地5-23","","","","","東芝メモリ岩手　北上工業内","","","","","0","20190730","142620","000002","20190730","142620","000002"
"0020213","ﾌｧｲﾝｹﾑ","ﾌｧｲﾝｹﾑ","ﾌｧｲﾝｹﾑ","437-1523","静岡県菊川市堂山新田２００","","","","","","","","","","0","20190819","093810","000005","20220307","145601","000005"
"0001000","半導体ｴﾈﾙｷﾞｰ研究所　栃木","半導体ｴﾈﾙｷﾞｰ研究所","ﾊﾝﾄﾞｳﾀｲｴﾈﾙｷﾞｰｹﾝｷｭｼﾞｮ","","栃木県栃木市都賀町升塚161-2","","","0282-29-6074","","","","","","","0","20190829","134217","000002","20190829","134217","000002"
"0010608","光村印刷（川越）","光村印刷（川越）","ｺｳﾑﾗｲﾝｻﾂ","","あ","","","","","","","","","","0","20190912","094810","000003","20190912","094810","000003"
"0010639","ｴｽｹｰ化研(神奈川)","ｴｽｹｰ化研(神奈川)","ｴｽｹｰｶｹﾝｶﾅｶﾞﾜ","252-0012","神奈川県座間市広野台２丁目３－３０","","","","","","","","","","0","20190924","111910","000005","20220302","100444","000005"
"0020216","蕨平地区仮設焼却施設","蕨平地区仮設焼却","ﾜﾗﾋﾞﾀﾞｲﾗﾁｸｶｾﾂｼｮｳｷｬｸ","","福島県相馬郡飯館村蕨平地内","","","078-261-7995","","","","","","","0","20190930","093941","000001","20190930","093941","000001"
"0020201","細谷クリーニング","細谷クリーニング","ﾎｿﾀﾆｸﾘｰﾆﾝｸﾞ","","宮城県大崎市鳴子温泉字坂ノ上135-1","","","0229-84-7479","","","","","","","0","20190930","100931","000001","20190930","100931","000001"
"0020217","東北労災病院","東北労災病院","ﾄｳﾎｸﾛｳｻｲﾋﾞｮｳｲﾝ","","宮城県仙台市青葉区台原4-3-21","","","022-275-111","","","","","","","0","20191004","110042","000001","20191004","110042","000001"
"0010641","協栄ｹﾐｶﾙ八潮工場","協栄ｹﾐｶﾙ八潮工場","ｷｮｳｴｲｹﾐｶﾙ","340-0813","埼玉県八潮市木曽根１２５３","","","","","","","","","","0","20191015","110201","000005","20220302","101001","000005"
"0020143","山崎製パン伊勢崎","山崎製パン伊勢崎","ﾔﾏｻﾞｷｾｲﾊﾟﾝｲｾｻｷ","","あ","","","","","","","","","","0","20191016","092912","000003","20191016","092927","000003"
"0020218","宇部コンテナヤード","宇部コンテナヤード","ｳﾍﾞｺﾝﾃﾅﾔｰﾄﾞ","","宇部コンテナヤード","","","","","","","","","","0","20191016","145156","000007","20191016","145156","000007"
"0020220","藤倉ｺﾝﾎﾟｼﾞｯﾄ　原町","藤倉ｺﾝﾎﾟｼﾞｯﾄ　原町","ﾌｼﾞｸﾗｺﾝﾎﾟｼﾞｯﾄ","","福島県南相馬市原町区上北高平字植松268","","","0244-22-4151","","","","","","","0","20191111","153748","000001","20191111","153748","000001"
"0020221","安藤化成","安藤化成","ｱﾝﾄﾞｳｶｾｲ","","あ","","","","","","","","","","0","20191120","104044","000003","20191120","104044","000003"
"0020222","ｴｽｹｰ化研　大利根","ｴｽｹｰ化研　大利根","ｴｽｹｰｶｹﾝ　ｵｵﾄﾈ","303-0044","茨城県常総市菅生町５７－１","","","","","","","","","","0","20191120","104136","000003","20220225","090545","000005"
"0010473","日生ｸﾘｰﾝ","日生ｸﾘｰﾝ","ﾆｯｾｲｸﾘｰﾝ","342-0026","埼玉県吉川市土場３０５","","","","","","","","","","0","20191121","151209","000005","20220225","092355","000005"
"0020223","オプトマテリアルズ","オプトマテリアルズ","ｵﾌﾟﾄﾏﾃﾘｱﾙｽﾞ","","あ","","","","","","","","","","0","20191127","093148","000003","20191127","093148","000003"
"0020224","アイカ工業㈱　広島工場","アイカ工業㈱","ｱｲｶｺｳｷﾞｮｳ","","アイカ工業(広島）","","","","","","","","","","0","20191203","150621","000007","20191203","150809","000007"
"0010425","西船橋車庫","西船橋車庫","ﾆｼﾌﾅﾊﾞｼｼｬｺ","","あ","","","","","","","","","","0","20191212","140632","000003","20191212","140632","000003"
"0020225","第三運輸倉庫","第三運輸倉庫","ﾀﾞｲｻﾝｳﾝﾕｿｳｺ","","あ","","","","","","","","","","0","20191224","101155","000003","20191224","101155","000003"
"0020227","岩手県立南青少年の家","岩手県立南青少年の家","ｲﾜﾃｹﾝﾘﾂﾐﾅﾐｾｲｼｮｳﾈﾝﾉｲｴ","","岩手県胆沢郡金ヶ崎町永沢下舘49-1","","","0197-44-2124","","","","","","","0","20200107","135030","000001","20200107","143946","000001"
"0010155","白石食品工業　仙台工場","白石食品工業　仙台","ｼﾗｲｼｼｮｸﾋﾝｺｳｷﾞｮｳｾﾝﾀﾞｲ","","宮城県黒川郡大和町吉岡字雷神7-1","","","022-345-9351","","","","","","","0","20200107","142747","000001","20200107","144149","000001"
"0020228","川俣エネルギーセンター","川俣エネルギーセンタ","ｶﾜﾏﾀｴﾈﾙｷﾞｰｾﾝﾀｰ","","福島県伊達郡川俣町大字鶴沢","","","","","","","","","","0","20200108","154312","000001","20200108","154312","000001"
"0020229","谷川油化興業株式会社","谷川油化","ﾀﾆｶﾞﾜﾕｶ","","神奈川県横浜市鶴見区矢向1-13-11","","","045-581-6635","","","","","","","0","20200120","113913","000005","20200120","113913","000005"
"0020230","公立黒川病院","公立黒川病院","ｺｳﾘﾂｸﾛｶﾜﾋﾞｮｳｲﾝ","","宮城県黒川郡大和町吉岡字西桧木60番地","","","022-345-3101","","","","","","","0","20200120","134913","000001","20200120","134913","000001"
"0020249","徳良会知的障害者新生園","知的障害者新生園","ｼﾝｾｲｴﾝ","","山形県尾花沢市大字荻袋911-1","","","0237-24-0010","","","","","","","0","20200127","111632","000001","20200127","111632","000001"
"0020251","山形県立置賜農業高等学校","置賜農業高等学校","ﾔﾏｶﾞﾀｹﾝﾘﾂｵｷﾀﾏﾉｳｷﾞｮｳ","","山形県東置賜郡川西大字上小松3723","","","0238-42-2101","","","","","","","0","20200127","140136","000001","20200127","140136","000001"
"0010234","長井石油　寺泉配送センター","長井石油　寺泉配送","ﾅｶﾞｲｾｷﾕﾃﾗｲｽﾞﾐﾊｲｿｳｾﾝﾀ","","山形県長井市宮字野川向1988-1","","","0238-84-2217","","","","","","","0","20200219","161230","000001","20200219","161230","000001"
"00020253","甘糟化学産業株(千葉工場)","甘糟化学産業","ｱﾏｶｽｶｶﾞｸ","","千葉県野田市関宿元町423","","","","","","","","","","0","20200225","114454","000005","20200225","114921","000005"
"0020254","川島町環境センター","川島町環境センター","ｶﾜｼﾏﾁｮｳｶﾝｷｮｳｾﾝﾀｰ","","埼玉県比企群川島町大字曲師370","","","049-297-5666","","","","","","","0","20200228","105616","000005","20200228","105616","000005"
"00020255","楠本化成株式会社　鹿島工場","楠本化成","ｸｽﾓﾄｶｾｲ","","茨城県神栖市砂山2626-18","","","0479-40-1038","","","","","","","0","20200311","132026","000005","20200311","132026","000005"
"0010490","三井デュポンフロロケミカル","三井デュポンフロロケ","ﾐﾂｲﾃﾞｭﾎﾟﾝﾌﾛﾛｹﾐｶﾙ","","あ","","","","","","","","","","0","20200319","091704","000003","20200319","091704","000003"
"0020256","宇部興産　宇部ケミカル工場　汎用工場","宇部興産　宇部ケミカ","ｳﾍﾞｺｳｻﾝ　ｳﾍﾞｹﾐｶﾙ","","宇部興産　汎用工場","","","","","","","","","","0","20200325","140124","000007","20200325","140124","000007"
"0010281","東北羽田コンクリート","東北羽田コンクリート","ﾄｳﾎｸﾊﾈﾀﾞｺﾝｸﾘｰﾄ","993-0021","山形県長井市上伊佐沢2210","","","0238-84-2890","","","","","","","0","20200415","154506","000001","20200415","154506","000001"
"00020262","リコー　沼津事業所","リコー沼津","ﾘｺｰ ﾇﾏﾂﾞ","","静岡県沼津市","","","","","","","","","","0","20200420","113018","000005","20200420","113741","000005"
"0020263","東京エレクトロンＢＰ","東京エレクトロンＢＰ","ﾄｳｷｮｳｴﾚｸﾄﾛﾝ","","岩手県奥州市江刺区岩谷堂字松長根52","","","0197-35-6988","","","","","","","0","20200424","135107","000001","20200424","135107","000001"
"0010390","ｾﾝﾄﾗﾙ･ﾀﾝｸﾀｰﾐﾅﾙ(門司)","ｾﾝﾄﾗﾙ･ﾀﾝｸﾀｰﾐﾅﾙ(門司)","ｾﾝﾄﾗﾙ･ﾀﾝｸﾀｰﾐﾅﾙ(ﾓｼﾞ)","","ｾﾝﾄﾗﾙ･ﾀﾝｸﾀｰﾐﾅﾙ(門司)","","","","","","","","","","0","20180912","141935","000099","20180912","141935","000099"
"0010391","九州液化ｶﾞｽ㈱　福島基地","九州液化ｶﾞｽ㈱　福島","ｷｭｳｼｭｳｴｷｶｶﾞｽ","","九州液化瓦斯","","","","","","","","","","0","20180912","141935","000099","20181011","153828","000007"
"0010392","日本製紙㈱　江津工場","日本製紙㈱　江津工場","ﾆﾎﾝｾｲｼ(ｺﾞｳﾂ)","","日本製紙(江津)","","","","","","","","","","0","20180912","141935","000099","20181011","161428","000007"
"0010393","㈱遠藤化学工業所","遠藤化学工業所","ｴﾝﾄﾞｳｶｶﾞｸｺｳｷﾞｮｳｼｮ","","遠藤化学工業所","","","","","","","","","","0","20180912","141935","000099","20181005","104129","000007"
"0010394","㈱巴商会　佐世保事業所","㈱巴商会　佐世保事業","ﾄﾓｴｼｮｳｶｲ(ｻｾﾎﾞ)","","巴商会(佐世保)","","","","","","","","","","0","20180912","141935","000099","20181011","161500","000007"
"0010395","日本製紙㈱　岩国工場","日本製紙㈱　岩国工場","ﾆﾎﾝｾｲｼ(ｲﾜｸﾆ)","","日本製紙(岩国)","","","","","","","","","","0","20180912","141935","000099","20181011","161527","000007"
"0010396","鹿児島ｵｷｼﾄﾝ㈱　国分工場","鹿児島ｵｷｼﾄﾝ㈱　国分","ｶｺﾞｼﾏｵｷｼﾄﾝ(ｺｸﾌﾞ)","","鹿児島ｵｷｼﾄﾝ(国分)","","","","","","","","","","0","20180912","141935","000099","20181011","161610","000007"
"0010397","本渡衛生ｾﾝﾀｰ","本渡衛生ｾﾝﾀｰ","ﾎﾝﾄﾞｴｲｾｲｾﾝﾀｰ","","本渡衛生ｾﾝﾀｰ","","","","","","","","","","0","20180912","141935","000099","20180912","141935","000099"
"0010398","㈱岡部ﾏｲｶ　宮田工場","㈱岡部ﾏｲｶ　宮田工場","ｵｶﾍﾞﾏｲｶ(ﾐﾔﾀ)","","岡部ﾏｲｶ(宮田)","","","","","","","","","","0","20180912","141935","000099","20181011","161641","000007"
"0010399","日鉄ステンレス㈱　周南製鋼所","日鉄ステンレス㈱　周","ﾆｯﾃﾂｽﾃﾝﾚｽ(ｼｭｳﾅﾝ)","","日鉄ステンレス(周南)","","","","","","","","","","0","20180912","141935","000099","20190403","101023","000007"
"0010400","立山化成㈱　九州工場","立山化成㈱　九州工場","ﾀﾃﾔﾏｶｾｲ(ｷｭｳｼｭｳ)","","立山化成(九州)","","","","","","","","","","0","20180912","141935","000099","20181011","161741","000007"
"0010401","柳井化学工業㈱　柳井工場","柳井化学工業㈱　柳井","ﾔﾅｲｶｶﾞｸ(ﾔﾅｲ)","","柳井化学(柳井)","","","","","","","","","","0","20180912","141935","000099","20181011","161816","000007"
"0010402","高野興産㈱　ひびき事業所","高野興産㈱　ひびき事","ﾀｶﾉｺｳｻﾝ(ﾋﾋﾞｷ)","","高野興産(ひびき)","","","","","","","","","","0","20180912","141935","000099","20181011","161838","000007"
"0010403","ENEOS㈱　大分製油所","ENEOS㈱大分製油所","ENEOSｴﾈﾙｷﾞｰ","","ENEOS(大分)","","","","","","","","","","0","20180912","141935","000099","20220304","130717","000007"
"0010404","ENEOSｸﾞﾛｰﾌﾞｶﾞｽﾀﾝｸﾀｰﾐﾅﾙ㈱　唐津ｶﾞｽﾀｰﾐﾅﾙ","ENEOS㈱唐津","ENEOS(ｶﾗﾂ)","","ENEOS(唐津)","","","","","","","","","","0","20180912","141935","000099","20220304","131329","000007"
"0010405","日本化薬㈱　厚狭工場","日本化薬(厚狭川東)","ﾆﾎﾝｶﾔｸ(ｱｻｶﾜﾋｶﾞｼ)","","日本化薬(厚狭川東)","","","","","","","","","","0","20180912","141935","000099","20181005","161851","000007"
"0010406","㈱出光ﾌﾟﾗﾝﾃｯｸ　大浦事業所","出光ﾌﾟﾗﾝﾃｯｸ 大浦","ｲﾃﾞﾐﾂｺｳｻﾝ(ｵｵｳﾗ)","","出光ﾌﾟﾗﾝﾃｯｸ大浦","","","","","","","","","","0","20180912","141935","000099","20220304","131222","000007"
"0010407","出光興産㈱　徳山事業所","出光興産(徳山)","ｲﾃﾞﾐﾂｺｳｻﾝ(ﾄｸﾔﾏ)","","出光興産(徳山)","","","","","","","","","","0","20180912","141935","000099","20181005","161929","000007"
"0010408","京ｾﾗ㈱　鹿児島川内工場","京ｾﾗ(鹿児島川内)","ｷｮｳｾﾗ(ｶｺﾞｼﾏｾﾝﾀﾞｲ)","","京ｾﾗ(鹿児島川内)","","","","","","","","","","0","20180912","141935","000099","20181005","161947","000007"
"0010409","㈱村里運輸","村里運輸(本社)","ﾑﾗｻﾄｳﾝﾕ(ﾎﾝｼｬ)","","村里運輸(本社)","","","","","","","","","","0","20180912","141935","000099","20181005","102634","000007"
"0010410","JX日鉱日石㈱　麻里布製油所","JX日鉱日石(麻里布)","JXﾆｯｺｳﾆｯｾｷ(ﾏﾘﾌ)","","JX日鉱日石(麻里布)","","","","","","","","","","0","20180912","141935","000099","20181005","162207","000007"
"0010411","協和発酵ﾊﾞｲｵ㈱　山口事業所(防府)","協和発酵ﾊﾞｲｵ(防府)","ｷｮｳﾜﾊｯｺｳﾊﾞｲｵ(ﾎｳﾌ)","","協和発酵ﾊﾞｲｵ(防府)","","","","","","","","","","0","20180912","141935","000099","20181005","162230","000007"
"0010412","㈱岡部ﾏｲｶ　本社工場","岡部ﾏｲｶ(本社)","ｵｶﾍﾞﾏｲｶ(ﾎﾝｼｬ)","","岡部ﾏｲｶ(本社)","","","","","","","","","","0","20180912","141935","000099","20181005","162251","000007"
"0010413","上天草衛生施設組合","上天草衛生施設組合","ｶﾐｱﾏｸｻｴｲｾｲｼｾﾂｸﾐｱｲ","","上天草衛生施設組合","","","","","","","","","","0","20180912","141935","000099","20180912","141935","000099"
"0010414","安全産業㈱","安全産業","ｱﾝｾﾞﾝｻﾝｷﾞｮｳ","","安全産業","","","","","","","","","","0","20180912","141935","000099","20181005","162320","000007"
"0010415","鹿児島ｵｷｼﾄﾝ㈱　川内工場","鹿児島ｵｷｼﾄﾝ　川内工","ｶｺﾞｼﾏｵｷｼﾄﾝ(ｾﾝﾀﾞｲ)","","鹿児島ｵｷｼﾄﾝ(川内)","","","","","","","","","","0","20180912","141935","000099","20181005","162354","000007"
"0010416","西田商運㈱","西田商運","ﾆｼﾀﾞｼｮｳｳﾝ","","西田商運","","","","","","","","","","0","20180912","141935","000099","20181005","162409","000007"
"0010417","旭有機材工業㈱　延岡本社","旭有機材工業(延岡)","ｱｻﾋﾕｳｷｻﾞｲ(ﾉﾍﾞｵｶ)","","旭有機材工業(延岡)","","","","","","","","","","0","20180912","141935","000099","20181005","162436","000007"
"0010418","ﾀﾞｲｽﾀｰｼﾞｬﾊﾟﾝ㈱　大牟田工場","ﾀﾞｲｽﾀｰｼﾞｬﾊﾟﾝ(大牟田)","ﾀﾞｲｽﾀｰｼﾞｬﾊﾟﾝ(ｵｵﾑﾀ)","","ﾀﾞｲｽﾀｰｼﾞｬﾊﾟﾝ(大牟田)","","","","","","","","","","0","20180912","141935","000099","20181005","162519","000007"
"0010419","EJホールディングス㈱　宇部営業所","EJホールディングス㈱","ｲｰｼﾞｪｲﾎｰﾙﾃﾞｨﾝｸﾞｽ(ｳﾍﾞ","","EJホールディングス㈱","","","","","","","","","","0","20180912","141935","000099","20200512","135153","000007"
"0010420","扇田環境ｾﾝﾀｰ","扇田環境ｾﾝﾀｰ","ｵｵｷﾞﾀｶﾝｷｮｳｾﾝﾀｰ","","扇田環境ｾﾝﾀｰ","","","","","","","","","","0","20180912","141935","000099","20180912","141935","000099"
"0010421","住友林業ｸﾚｽﾄ㈱　伊万里工場","住友林業ｸﾚｽﾄ㈱伊万里","ｽﾐﾄﾓﾘﾝｷﾞｮｳｸﾚｽﾄ ｲﾏﾘ","","住友林業ｸﾚｽﾄ 伊万里","","","","","","","","","","0","20180912","141935","000099","20190913","134106","000007"
"0010422","佐賀県畜産公社","佐賀県畜産公社","ｻｶﾞｹﾝﾁｸｻﾝｺｳｼｬ","","佐賀県畜産公社","","","","","","","","","","0","20180912","141935","000099","20180912","141935","000099"
"0010423","ｵﾙﾈｸｽｼﾞｬﾊﾟﾝ㈱　下関工場","ｵﾙﾈｸｽｼﾞｬﾊﾟﾝ(下関)","ｵﾙﾈｸｽｼﾞｬﾊﾟﾝ(ｼﾓﾉｾｷ)","","ｵﾙﾈｸｽｼﾞｬﾊﾟﾝ(下関)","","","","","","","","","","0","20180912","141935","000099","20181005","162642","000007"
"0010424","三菱ケミカル㈱　熊本工場","三菱ケミカル㈱　熊本","ﾐﾂﾋﾞｼｹﾐｶﾙ　(ｸﾏﾓﾄ)","","三菱ケミカル(熊本)","","","","","","","","","","0","20180912","141935","000099","20190509","133451","000007"
"0001078","八島町倉庫","八島町倉庫","ﾔｼﾏﾏﾁｿｳｺ","","福島県福島市八島町4-8","","","0245-34-9522","","","","","","","0","20180914","115336","000001","20180914","115336","000001"
"0002959","遠野興産　岩石工場","遠野興産　岩石工業","ﾄｵﾉｺｳｻﾝ ｲﾜｲｼ","","福島県いわき市遠野町滝字島廻49","","","0246-74-1288","","","","","","","0","20181009","134733","000001","20181009","134733","000001"
"0002960","NOK　樹脂ウレタン","NOK　樹脂ウレタン","ｴﾇｵｰｹｲｼﾞｭｼｳﾚﾀﾝ","","茨城県北茨城市磯原町磯原1212-1","","","0293-42-0559","","","","","","","0","20181009","142018","000001","20200129","140345","000001"
"0020167","野地　ウィビック","野地　ウィビック","ﾉｼﾞ ｳｨﾋﾞｯｸ","","福島県伊達郡川俣町東福沢字祭田15-1","","","024-565-2618","","","","","","","0","20181009","144026","000001","20181009","144026","000001"
"0020634","カガク興商配送センター東松島","カガク興商配送東松島","ｶｶﾞｸｺｳｼｮｳﾊｲｿｳｾﾝﾀｰﾋｶﾞ","","宮城県東松島市大曲字道下南121-3","","","0225-25-7043","","","","","","","0","20200424","135502","000001","20200424","135502","000001"
"0020265","大成薬品工業㈱　筑後工場","大成薬品工業","ﾀｲｾｲﾔｸﾋﾝｺｳｷﾞｮｳ","","大成薬品工業㈱","","","","","","","","","","0","20200508","102925","000007","20200508","104022","000007"
"0020266","NOKﾒﾀﾙ川俣","NOKﾒﾀﾙ川俣","ｴﾇｵｰｹｰﾒﾀﾙｶﾜﾏﾀ","960-1409","福島県伊達郡川俣町秋山仲田２－６","","","","","","","","","","0","20200527","093327","000003","20220224","190015","000005"
"0002968","日本シイエムケイGステイション","日本CMK","ﾆﾎﾝｼｰｴﾑｹｲ","","群馬県伊勢崎市柴町今井236","","","0270-32-2063","","","","","","","0","20200618","131215","000002","20200618","131215","000002"
"00020268","東邦化学工業　鹿島工場","東邦化学　鹿島","ﾄｳﾎｳｶｶﾞｸ　ｶｼﾏ","","茨城県神栖市東深芝16-8","","","0299-91-0800","","","","","","","0","20200630","103056","000005","20210318","110011","000005"
"0010229","特別養護老人ホーム　こぶし荘","こぶし荘","ｺﾌﾞｼｿｳ","999-2204","山形県南陽市川樋508番地","","","0238-49-2800","","","","","","","0","20200710","113205","000001","20200710","113205","000001"
"0020269","株式会社ゴードー九州工場","株式会社ゴードー九州","ｶﾌﾞｼｷｶﾞｲｼｬｺﾞｰﾄﾞｰｷｭｳｼ","","㈱ゴードー　九州工場","","","","","","","","","","0","20200720","110123","000007","20200720","110123","000007"
"0020270","三興化学工業㈱","三興化学工業㈱","ｻﾝｺｳｶｶﾞｸｺｳｷﾞｮｳ","","三興化学工業㈱","","","","","","","","","","0","20200811","120238","000007","20200811","120238","000007"
"00020273","ジェイフィルム　成田工場","ｼﾞｪｲﾌｨﾙﾑ","ｼﾞｪｲﾌｨﾙﾑ　ﾅﾘﾀｺｳｼﾞｮｳ","","千葉県香取市岩部179-93","","","","","","","","","","0","20200828","104935","000005","20200828","104935","000005"
"0020107","子安台換気所","子安台換気所","ｼｱﾝﾀﾞｲｶﾝｷｼﾞｮ","","あ","","","","","","","","","","0","20181005","101143","000003","20181005","101143","000003"
"0010509","日本T．I","日本T．I","ﾆﾎﾝﾃｨｰｱｲ","","あ","","","","","","","","","","0","20181005","101236","000003","20181005","101236","000003"
"0020168","UBE㈱　宇部ｹﾐｶﾙ工場　DMC工場","UBE㈱　宇部ｹﾐｶﾙ工場","ｳﾍﾞ","","UBE","","","","","","","","","","0","20181009","103810","000007","20220404","111822","000007"
"0020169","㈱フチガミ","㈱フチガミ","ﾌﾁｶﾞﾐ","","フチガミ","","","","","","","","","","0","20181009","113321","000007","20181009","113321","000007"
"0020272","共同企業体相馬アスコン","相馬アスコン","ｿｳﾏｱｽｺﾝ","979-2324","福島県南相馬市鹿島区川子字滝沢174","","","0244-67-1530","","","","","","","0","20200826","150828","000001","20200826","150828","000001"
"0020275","ﾌﾞﾘﾁﾞｽﾄﾝBRM　仙台工場","ﾌﾞﾘﾁﾞｽﾄﾝ　ｾﾝﾀﾞｲ","ﾌﾞﾘﾁﾞｽﾄﾝ","989-4206","宮城県遠田郡美里町二郷字佐野四号858","","","0299-58-0381","","","","","","","0","20200901","113142","000001","20200901","113142","000001"
"0020274","ｺﾊﾞｯｸｽ つくば工場","ｺﾊﾞｯｸｽ つくば工場","ｺﾊﾞｯｸｽﾂｸﾊﾞ","306-0608","茨城県坂東市幸神平２６－４","","","","","","","","","","0","20200902","161412","000003","20220225","091211","000005"
"0020276","新東北化学工業（新棟）","新東北化学工業　新棟","ｼﾝﾄｳﾎｸｶｶﾞｸ　ｼﾝﾄｳ","","宮城県仙台市青葉区上愛子字倉内大森囲","","","022-392-2420","","","","","","","0","20200907","090703","000001","20200907","090703","000001"
"00020277","静岡カフェイン工業所","ｼｽﾞｵｶｶﾌｪｲﾝ","ｼｽﾞｵｶｶﾌｪｲﾝｺｳｷﾞｮｳｼﾞｮ","","静岡県静岡市葵区水道町129","","","0542-71-1250","","","","","","","0","20200918","115326","000005","20200918","115326","000005"
"0002969","東新工業　四倉","東新工業　四倉","ﾄｳｼﾝｺｳｷﾞｮｳ","","福島県いわき市四倉町字栗木作192-5","","","0246-30-9800","","","","","","","0","20201020","110242","000002","20201020","110242","000002"
"00020281","サイデン化学　東京工場","ｻｲﾃﾞﾝｶｶﾞｸ","ｻｲﾃﾞﾝｶｶﾞｸ","","埼玉県さいたま市桜区下大久保1280-1","","","048-852-1711","","","","","","","0","20201120","115502","000005","20201120","115502","000005"
"0020283","特別養護老人ホーム柳風園","柳風園","ﾄｸﾍﾞﾂﾖｳｺﾞﾛｳｼﾞﾝﾘｭｳﾌｳｴ","","宮城県登米市津山町柳津字黄牛新山窪125","","","0225-68-2175","","","","","","","0","20201218","105610","000001","20201218","105610","000001"
"0010240","エフピコ　山形工場","エフピコ","ｴﾌﾋﾟｺﾔﾏｶﾞﾀ","","山形県寒河江市中央工業団地162","","","0237-85-3600","","","","","","","0","20201218","105829","000001","20201218","105952","000001"
"0010351","山形化成工業","山形化成工業","ﾔﾏｶﾞﾀｶｾｲｺｳｷﾞｮｳ","","山形県西村山郡河北町谷地字真木160-3","","","0237-72-4081","","","","","","","0","20210106","115310","000001","20210106","115310","000001"
"00010431","大豊塗料　久喜工場","ﾀｲﾎｳﾄﾘｮｳ","ﾀｲﾎｳﾄﾘｮｳ　ｸｷｺｳｼﾞｮｳ","","埼玉県久喜市河原井町23-7","","","0480-23-3011","","","","","","","0","20210114","133813","000005","20210114","133813","000005"
"0002970","大橋機産　船引西","大橋機産　船引西","ｵｵﾊｼｷｻﾝ","","福島県田村市船引町船引字原田88","","","0247-82-1179","","","","","","","0","20210121","151831","000002","20210121","151831","000002"
"0010625","野村メッキ","野村メッキ","ﾉﾑﾗﾒｯｷ","","あ","","","","","","","","","","0","20210128","141625","000003","20210128","141625","000003"
"0020290","北芝電機　前原工場","北芝電機　前原","ｷﾀｼﾊﾞﾃﾞﾝｷﾏｴﾊﾗｺｳｼﾞｮｳ","960-1241","福島県福島市松川町字前原","","","","","","","","","","0","20210205","114313","000001","20210205","114313","000001"
"0020291","ﾎﾃﾙﾊﾟｰﾙｼﾃｨ気仙沼","ﾎﾃﾙﾊﾟｰﾙｼﾃｨ気仙沼","ﾎﾃﾙﾊﾟｰﾙｼﾃｨｹｾﾝﾇﾏ","","宮城県気仙沼市古町3-2-42","","","0226-24-2511","","","","","","","0","20210205","114841","000001","20210205","114841","000001"
"0020293","村山市役所","村山市役所","ﾑﾗﾔﾏｼﾔｸｼｮ","995-8666","山形県村山市中央一丁目3番6号","","","0237-55-2111","","","","","","","0","20210224","161100","000001","20210224","161100","000001"
"0020294","山形済生病院","山形済生病院","ﾔﾏｶﾞﾀｻｲｾｲﾋﾞｮｳｲﾝ","","山形県山形市沖町79-1","","","023-682-1111","","","","","","","0","20210312","142044","000001","20210312","142044","000001"
"0020268","東邦化学工業　鹿島工場","東邦化学　鹿島","ﾄｳﾎｳｶｶﾞｸ　ｶｼﾏ","","茨城県神栖市東深芝16-8","","","0299-91-0800","","","","","","","0","20210318","132049","000005","20210318","132049","000005"
"0010446","川島環境","川島環境","ｶﾜｼﾏｶﾝｷｮｳ","","あ","","","","","","","","","","0","20210401","102730","000003","20210401","102730","000003"
"0020295","JFE千葉","JFE千葉","JFEﾁﾊﾞ","","あ","","","","","","","","","","0","20210415","114152","000003","20210415","114152","000003"
"0020277","静岡ｶﾌｪｲﾝ工業所","静岡ｶﾌｪｲﾝ工業所","ｼｽﾞｵｶｶﾌｪｲﾝｺｳｷﾞｮｳｼﾞｮ","","静岡市葵区水道町129","","","0542-71-1250","","","","","","","0","20210426","114403","000005","20220224","172751","000005"
"0020297","㈱巴商会 長崎営業所 SUMCO TECHXIV㈱","㈱巴商会 長崎営業所","ﾄﾓｴｼｮｳｶｲ","","SUMCO　TECHXIV㈱","","","","","","","","","","0","20210428","131553","000007","20210513","102855","000007"
"0020298","双葉砕石　梁川事業所","双葉　柳川","ﾌﾀﾊﾞｻｲｾｷ　ﾔﾅｶﾞﾜ","960-0703","福島県伊達市梁川町山舟生楢ヶ森17","","","0245-77-1310","","","","","","","0","20210517","155456","000006","20210517","155456","000006"
"0020299","武田薬品工業㈱光工場","武田薬品工業㈱光工場","ﾀｹﾀﾞﾔｸﾋﾝｺｳｷﾞｮｳ","","武田薬品","","","","","","","","","","0","20210528","152758","000007","20210608","130639","000007"
"0020301","一関市花泉学校給食センター","花泉学校給食センター","ﾊﾅｲｽﾞﾐｶﾞｯｺｳｷｭｳｼｮｸｾﾝﾀ","029-3205","岩手県一関市花泉町涌津字松子沢21","","","","","","","","","","0","20210617","151536","000006","20210617","151536","000006"
"0020300","クレアネイト一関事業所　第二工場","クレアネイト","ｸﾚｱﾈｲﾄ","","岩手県一関市東台14-44","","","0191-26-0777","","","","","","","0","20210607","140924","000006","20220530","144317","000006"
"0020302","宮城蔵王ロイヤルホテル","宮城蔵王ロイヤルホテ","ﾐﾔｷﾞｻﾞｵｳ","989-0916","宮城県刈田郡蔵王町遠刈田温泉字鬼石原1-1","","","0224-34-3600","","","","","","","0","20210803","131123","000006","20210803","131123","000006"
"0020303","パレス松洲","パレス松洲","ﾊﾟﾚｽﾏﾂｼﾏ","981-0215","宮城県宮城郡松島町高城字浜38","","","022-354-2106","","","","","","","0","20210803","131601","000006","20210803","131601","000006"
"0020311","安藤ﾊﾟﾗｹﾐｰ","安藤ﾊﾟﾗｹﾐｰ","ｱﾝﾄﾞｳﾊﾟﾗｹﾐｰ","","埼玉県行田市富士見町1-16-1","","","","","","","","","","0","20220128","115317","000005","20220225","093014","000005"
"0020306","ワイエスプリント","ワイエスプリント","ﾜｲｴｽﾌﾟﾘﾝﾄ","992-0003","山形県米沢市窪田町1204-11","","","0238-36-0109","","","","","","","0","20211124","152740","000006","20211124","152740","000006"
"0020307","升川建設","升川建設","ﾏｽｶﾜｹﾝｾﾂ","999-3777","山形県東根市荷口2334-1","","","","","","","","","","0","20211125","132858","000006","20211125","132858","000006"
"0020308","巴興業㈱　山口工場","巴興業","ﾄﾓｴｺｳｷﾞｮｳ","","巴興業","","","","","","","","","","0","20211130","124237","000007","20211216","100200","000007"
"0002971","長井製薬所　茨城","長井製薬所　茨城","ﾅｶﾞｲｾｲﾔｸｼﾖ","","茨城県稲敷市上根本4048","","","0297-87-3741","","","","","","","0","20211209","143614","000002","20220204","153152","000002"
"0020309","加美老人保健施設","加美老人保健施設","ｶﾐﾛｳｼﾞﾝﾎｹﾝｼｾﾂ","","宮城県加美郡色麻町四竈字杉成９","","","0229-66-2500","","","","","","","0","20220116","174149","000006","20220116","174149","000006"
"0010003","若林運送　川崎営業所","ﾜkﾊﾞﾔｼ　ｶﾜｻｷ","ﾜｶﾊﾞﾔｼ　ｶﾜｻｷ","","川崎市川崎区日の出2-9-7臨海ビル3F","","","","","","","","","","0","20220118","104821","000005","20220118","104821","000005"
"0020310","山形県立高畠高等学校","高畠高等学校","ﾀｶﾊﾀｺｳﾄｳｶﾞｯｺｳ","992-0334","山形県東置賜郡高畠町一本柳２７８８","","","","","","","","","","0","20220121","154711","000006","20220121","154711","000006"
"0020312","イオン多賀城店","イオン多賀城店","ｲｵﾝﾀｶﾞｼﾞｮｳﾃﾝ","985-0845","宮城県多賀城市町前４－１－１","","","","","","","","","","0","20220131","131458","000006","20220131","131458","000006"
"0010500","旭硝子","旭硝子","ｱｻﾋ","","あ","","","","","","","","","","0","20180803","133640","000003","20180803","133640","000003"
"0010496","三益半導体","三益半導体","ﾐﾏｽ","","あ","","","","","","","","","","0","20180803","133715","000003","20180803","133715","000003"
"0020142","旭物産","旭物産","ｱｻﾋ","","あ","","","","","","","","","","0","20180803","135226","000003","20180803","135226","000003"
"0002958","片倉コープアグリ　新潟","片倉ｺｰﾌﾟｱｸﾞﾘ　新潟","ｶﾀｸﾗｺｰﾌﾟｱｸﾞﾘ　ﾆｲｶﾞﾀ","","新潟県新潟市北区太郎代1448-3","","","025-255-2278","","","","","","","0","20180910","113927","000002","20180910","113927","000002"
"0020003","トッパン印刷（川口）","トッパン印刷","ﾄｯﾊﾟﾝｲﾝｻﾂ","","あ","","","","","","","","","","0","20180912","115541","000003","20180912","115541","000003"
"0020102","富士重工（本工場）","富士重工","ﾌｼﾞｼﾞｭｳｺｳ","","あ","","","","","","","","","","0","20180912","115621","000003","20180912","115621","000003"
"0020032","東レ","東レ","ﾄｳﾚ","","あ","","","","","","","","","","0","20180912","115641","000003","20180912","115641","000003"
"0010482","富士アミドケミカル","富士アミドケミカル","ﾌｼﾞｱﾐﾄﾞｹﾐｶﾙ","","あ","","","","","","","","","","0","20180912","115746","000003","20180912","115746","000003"
"0020164","福装21 ﾌｧｸﾄﾘｰ","福装21 ﾌｧｸﾄﾘｰ","ﾌｸｿｳ","","福島県相馬市成田字大作240","","","0244-36-1234","","","","","","","0","20180919","111033","000001","20180919","111033","000001"
"0010621","共和コンクリート（南陽）","共和コンクリート（南","ｷｮｳﾜｺﾝｸﾘｰﾄ　ﾅﾝﾖｳ","","共和","","","","","","","","","","0","20180920","095607","000007","20180920","095607","000007"
"0020123","九州産業運輸（門司）","九州産業運輸　門司","ｷｭｳｼｭｳｻﾝｷﾞｮｳｳﾝﾕ　ﾓｼﾞ","","九州","","","","","","","","","","0","20180920","095658","000007","20180920","095658","000007"
"0020024","日本ﾏｲｸﾛﾊﾞｲｵﾌｧｰﾏ㈱　八代工場","日本マイクロバイオフ","ﾆﾎﾝﾏｲｸﾛﾊﾞｲｵﾌｧｰﾏ","","日本","","","","","","","","","","0","20180920","095741","000007","20181005","162742","000007"
"0020097","ｻﾝｹﾐｶﾙ","ｻﾝｹﾐｶﾙ","ｻﾝｹﾐｶﾙ","340-0807","埼玉県八潮市新町２９－３","","","","","","","","","","1","20180920","115211","000003","20220712","095126","000005"
"0020099","ダイワ化成","だいわかせい","ﾀﾞｲﾜｶｾｲ","","あ","","","","","","","","","","0","20180920","115303","000003","20180920","115303","000003"
"0020110","高村工業所","高村工業所","ﾀｶﾑﾗｺｳｷﾞｮｳｼｮ","","あ","","","","","","","","","","0","20180920","115349","000003","20180920","115349","000003"
"0020091","日立金属MMCスーパーアロイ桶川","日立金属MMC","ﾋﾀﾁｷﾝｿﾞｸｴﾑｴﾑｼｰ","","あ","","","","","","","","","","0","20180920","115524","000003","20180920","115524","000003"
"0001856","松田産業","松田産業","ﾏﾂﾀﾞｻﾝｷﾞｮｳ","","あ","","","","","","","","","","0","20180920","115601","000003","20180920","115601","000003"
"0010489","JFE（一冷排水）","JFE","JFE","","あ","","","","","","","","","","0","20180920","115740","000003","20180920","115740","000003"
"0020027","イハラニッケイ","イハラニッケイ","ｲﾊﾗﾆｯｹｲ","","あ","","","","","","","","","","0","20180920","115823","000003","20180920","115823","000003"
"0010004","九州営業所","九州営業所","ｷｭｳｼｭｳｴｲｷﾞｮｳｼｮ","","九州","","","","","","","","","","0","20180926","131205","000007","20180926","131205","000007"
"0010515","三恵技研","三恵技研","ｻﾝｴｷﾞｹﾝ","","あ","","","","","","","","","","0","20180927","111841","000003","20180927","111841","000003"
"0020098","日本メクトロン","日本メクトロン","ﾆﾎﾝﾒｸﾄﾛﾝ","","あ","","","","","","","","","","0","20180927","142537","000003","20180927","142537","000003"
"0020068","高杉製薬㈱","高杉製薬㈱粕屋","ﾀｶｽｷﾞｾｲﾔｸ　ｶｽﾔ","","高杉","","","","","","","","","","0","20181001","162949","000007","20181005","162810","000007"
"0010472","日東化成（日高）","日東化成","ﾆｯﾄｳｶｾｲ","","あ","","","","","","","","","","0","20181015","114628","000003","20181015","114628","000003"
"0010506","曽田香料","曽田香料","ｿﾀﾞｺｳﾘｮｳ","","あ","","","","","","","","","","0","20181015","114719","000003","20181015","114719","000003"
"0020126","飯田","飯田","ｲｲﾀﾞ","","あ","","","","","","","","","","0","20181015","114745","000003","20181015","114745","000003"
"0020092","新日鉄住金ステンレス","新日鉄住金","ｼﾝﾆｯﾃﾂｽﾐｷﾝｽﾃﾝﾚｽ","","あ","","","","","","","","","","0","20181015","114852","000003","20181015","114852","000003"
"0020145","友基","友基","ﾄﾓｷ","","あ","","","","","","","","","","0","20181023","131732","000003","20181023","131732","000003"
"0010493","長谷川香料（板倉）","長谷川香料","ﾊｾｶﾞﾜｺｳﾘｮｳ","","あ","","","","","","","","","","0","20181023","131818","000003","20181023","131818","000003"
"0020094","ネオフォトニクス","ネオフォトニクス","ﾈｵﾌｫﾄﾆｸｽ","","あ","","","","","","","","","","0","20181031","133639","000003","20181031","133639","000003"
"0020146","臼井国際長沢西","臼井国際長沢西","ｳｽｲｺｸｻｲﾅｶﾞｻﾜﾆｼ","","あ","","","","","","","","","","0","20181031","133744","000003","20181031","133744","000003"
"0006108","日立化成（鹿島）","日立化成","ﾋﾀﾁｶｾｲｶｼﾏ","","あ","","","","","","","","","","0","20181031","134202","000003","20181031","134202","000003"
"0020151","三菱アルミニウム","三菱アルミニウム","ﾐﾂﾋﾞｼｱﾙﾐﾆｳﾑ","","あ","","","","","","","","","","0","20181031","134301","000003","20181031","134301","000003"
"0020182","大興水産","大興水産","ﾀｲｺｳｽｲｻﾝ","","宮城県石巻市魚町2丁目6番地8","","","0225-93-3166","","","","","","","0","20181204","103658","000001","20181204","103658","000001"
"0002961","富士屋産業","富士屋産業","ﾌｼﾞﾔｻﾝｷﾞｮｳ","","福島県西白河郡矢吹町館沢196-4","","","0248-42-2510","","","","","","","0","20181121","151611","000001","20181121","151611","000001"
"0002962","極楽湯　福島支店","極楽湯　福島支店","ｺﾞｸﾗｸﾕ ﾌｸｼﾏｼﾃﾝ","","福島県福島市栄町1-1","","","024-534-0026","","","","","","","0","20181121","153516","000001","20181121","153516","000001"
"0020183","巌秀商会","巌秀商会","ｶﾞﾝｼｭｳｼｮｳｶｲ","","岩手県一関市藤沢町黄海字八景下238-3","","","0191-63-2233","","","","","","","0","20181204","104359","000001","20181204","104359","000001"
"0020189","新日鉄住金化学㈱","新日鉄住金化学㈱","ｼﾝﾆｯﾃﾂｽﾐｷﾝｶｶﾞｸ","","新日鉄","","","","","","","","","","0","20190116","111759","000007","20190116","111759","000007"
"0020195","阪急フェリー","阪急フェリー","ﾊﾝｷｭｳﾌｪﾘｰ","","阪急フェリー","","","","","","","","","","0","20190212","152202","000007","20190212","152202","000007"
"0020196","商船三井フェリー","商船三井フェリー","ｼｮｳｾﾝﾐﾂｲﾌｪﾘｰ","","三井フェリー","","","","","","","","","","0","20190212","152517","000007","20190212","152517","000007"
"0020199","山形給食センター","山形給食センター","ﾔﾏｶﾞﾀｷｭｳｼｮｸｾﾝﾀｰ","","山形県山形市北町3丁目2-1","","","023-684-5311","","","","","","","0","20190409","140529","000001","20190409","140529","000001"
"0020206","広田湾漁業協同組合","広田湾漁業協同組合","ﾋﾛﾀﾜﾝｷﾞｮｷﾞｮｳｷｮｳﾄﾞｳ","","岩手県陸前高田市広田町字中沢3-12","","","0192-47-5237","","","","","","","0","20190529","135427","000001","20190529","135427","000001"
"0020208","色麻町保健福祉センター","色麻町保健福祉ｾﾝﾀｰ","ｼｶﾏﾁｮｳﾎｹﾝﾌｸｼｾﾝﾀｰ","","宮城県加美郡色麻町四竃字杉成27-2","","","0229-66-1700","","","","","","","0","20190612","114842","000001","20190612","114842","000001"
"0020210","鐘崎","鐘崎","ｶﾈｻｷ","","宮城県仙台市若林区鶴代町6-65","","","022-231-5141","","","","","","","0","20190624","134703","000001","20190624","134703","000001"
"0020209","協立ラミネート","協立ラミネート","ｷｮｳﾘﾂﾗﾐﾈｰﾄ","","あ","","","","","","","","","","0","20190626","111018","000003","20190626","111018","000003"
"0020212","日本ﾄｰｶﾝﾊﾟｯｹｰｼﾞ仙台工場","日本ﾄｰｶﾝﾊﾟｯｹｰｼﾞ仙台","ﾆﾎﾝﾄｰｶﾝﾊﾟｯｹｰｼﾞ","","宮城県黒川郡大和町松阪平8丁目2番","","","022-344-4131","","","","","","","0","20190801","133616","000006","20190801","133616","000006"
"0020211","大崎市民病院　鳴子温泉分院","大崎市民病院　鳴子","ｵｵｻｷｼﾐﾝﾋﾞｮｳｲﾝ ﾅﾙｺ","","宮城県大崎市鳴子温泉字末沢1番地","","","0229-82-2311","","","","","","","0","20190801","134937","000006","20190801","134937","000006"
"0010640","加須ｸﾘｰﾝｾﾝﾀｰ","加須ｸﾘｰﾝｾﾝﾀｰ","ｶｿﾞｸﾘｰﾝｾﾝﾀｰ","349-1147","埼玉県加須市北大桑","","","","","","","","","","0","20190927","100209","000005","20220302","100903","000005"
"0020231","米沢興譲館高等学校","米沢興譲館高等学校","ﾖﾈｻﾞﾜｺｳｼﾞｮｳｶﾝｺｳﾄｳ","","山形県米沢市大字笹野1101番地","","","0238-38-4741","","","","","","","0","20200120","140721","000001","20200120","140721","000001"
"0020253","甘糟化学","甘糟化学","ｱﾏｶｽｶｶﾞｸ","270-0203","千葉県野田市関宿元町４２３","","","","","","","","","","0","20200331","101335","000003","20220302","100125","000005"
"0020255","楠本化成","楠本化成","ｸｽﾓﾄｶｾｲ","314-0255","茨城県神栖市砂山２６２６－１８","","","","","","","","","","0","20200520","094537","000003","20220302","101154","000005"
"00020274","コバックス　つくば工場","ｺﾊﾞｯｸｽ　ﾂｸﾊﾞｺｳｼﾞｮｳ","ｺﾊﾞｯｸｽ　ﾂｸﾊﾞｺｳｼﾞｮｳ","","茨城県坂東市幸神平26-4","","","0297-36-7051","","","","","","","0","20200902","110820","000005","20200902","110820","000005"
"0020278","東北セキサン","東北セキサン","ﾄｳﾎｸｾｷｻﾝ","989-2351","宮城県亘理郡亘理字道田西21-1","","","0223-34-3232","","","","","","","0","20201113","095757","000001","20201113","095757","000001"
"0020279","佐藤渡辺　三井住建道路亘理","佐藤渡辺　三井住建","ｻﾄｳﾜﾀﾅﾍﾞﾐﾂｲｼﾞｭｳｹﾝ","","宮城県亘理郡山元町小平","","","","","","","","","","0","20201113","100014","000001","20201113","100014","000001"
"0020282","丸和","丸和","ﾏﾙﾜ","","宮城県気仙沼市南郷7-12","","","0226-22-3010","","","","","","","0","20201204","131518","000001","20201204","131518","000001"
"0020162","亘理名取共立衛生組合","亘理名取共立衛生組合","ﾗﾀﾘﾅﾄﾘｷｮｳﾘﾂｴｲｾｲｸﾐｱｲ","","宮城県岩沼市寺島字川向45-53","","","0223-23-1142","","","","","","","0","20180817","154417","000001","20180817","154417","000001"
"0010092","ｱｽﾃｨｯｸｺｰﾎﾟﾚｰｼｮﾝ東北岩手","ｱｽﾃｨｯｸｺｰﾎﾟﾚｰｼｮﾝ","ｱｽﾃｨｯｸｺｰﾎﾟﾚｰｼｮﾝ","","岩手県一関市東台14-32","","","0191-21-5531","","","","","","","0","20180817","154952","000001","20180817","154952","000001"
"0010167","東北ｸﾘｰﾝ開発","東北ｸﾘｰﾝ開発","ﾄｳﾎｸｸｰﾘﾝ","","山形県東村山郡中山町大字土橋字北ノ沢1146-3","","","0237-62-4422","","","","","","","0","20180817","155330","000001","20180817","155330","000001"
"0010364","ｸﾘｰﾝﾊﾟﾜｰ山形","ｸﾘｰﾝﾊﾟﾜｰ山形","ｸﾘｰﾝﾊﾟﾜｰ","","山形県東村山郡中山町大字土橋字北ノ沢1146-3","","","0237-83-4711","","","","","","","0","20180817","155603","000001","20180817","155603","000001"
"0020166","富士フイルム(足柄サイト)","富士フイルム足柄","ﾌｼﾞﾌｲﾙﾑｱｼｶﾞﾗ","","南足柄市中沼","","","","","","","","","","0","20180926","124549","000005","20180926","124549","000005"
"0010442","NSKﾜｰﾅｰ","NSKﾜｰﾅｰ","ｴﾇｴｽｹｰﾜｰﾅｰ","437-8545","静岡県袋井市愛野2345番地","","","","","","","","","","0","20181114","110420","000005","20220225","090421","000005"
"0010452","ｺﾊﾞｯｸｽ　岩井工場","ｺﾊﾞｯｸｽ　岩井工場","ｺﾊﾞｯｸｽ　ｲﾜｲ","","坂東市馬立1273","","","02973-5-2731","","","","","","","0","20180926","124802","000005","20220225","091314","000005"
"0020010","浦安市クリーンセンター","浦安市ｸﾘｰﾝｾﾝﾀｰ","ｳﾗﾔｽｼｸﾘｰﾝ","","千葉県浦安市千鳥15-2","","","","","","","","","","0","20181114","112401","000005","20181114","112515","000005"
"0010616","南品川換気所","南品川換気所","ﾐﾅﾐｼﾅｶﾞﾜｶﾝｷｼﾞｮ","","あ","","","","","","","","","","0","20181115","103843","000003","20181115","103843","000003"
"0020175","水ing","水ing","ｽｩｲﾝｸﾞ","","宮城県岩沼市下野郷赤江川1-3　宮城県南浄化センター内","","","0223-22-1382","","","","","","","0","20181116","104406","000001","20181116","104406","000001"
"0002963","昭和産業　鹿島","昭和産業　鹿島","ｼｮｳﾜｻﾝｷﾞｮｳ ｶｼﾏ","","茨城県神栖市東深芝6","","","0299-92-1232","","","","","","","0","20181126","105030","000002","20181126","105030","000002"
"0020180","日揮ユニバーサル","日揮ユニバーサル","ﾆｯｷﾕﾆﾊﾞｰｻﾙ","","あ","","","","","","","","","","0","20181126","160839","000003","20181126","160839","000003"
"0008046","日立化成ポリマー","日立化成ポリマー","ﾋﾀﾁｶｾｲﾎﾟﾘﾏｰ","","あ","","","","","","","","","","0","20181126","160931","000003","20181126","160931","000003"
"0020108","フジフーズ習志野","フジフーズ習志野","ﾌｼﾞﾌｰｽﾞﾅﾗｼﾉ","","あ","","","","","","","","","","0","20181126","161032","000003","20181126","161032","000003"
"0020188","山形県立米沢養護学校","米沢養護学校","ﾔﾏｶﾞﾀｹﾝﾘﾂﾖﾈｻﾞﾜﾖｳｺﾞ","","山形県米沢市太田町4-1-102","","","0238-38-6101","","","","","","","0","20190116","140448","000001","20190116","140448","000001"
"0010218","西浦精機　岩手工場","西浦精機　岩手工場","ﾆｼｳﾗｾｲｷｲﾜﾃｺｳｼﾞｮｳ","","岩手県奥州市江刺区稲瀬字下台122","","","0197-35-3131","","","","","","","0","20190116","141851","000001","20190116","141851","000001"
"0010213","一関市国民健康保険藤沢病院","一関市藤沢病院","ﾌｼﾞｻﾜﾋﾞｮｳｲﾝ","","岩手県一関市藤沢町藤沢字町裏52-2","","","0191-63-5211","","","","","","","0","20190130","110240","000001","20190130","110240","000001"
"0010532","東北放送","東北放送","ﾄｳﾎｸﾎｳｿｳ","","宮城県仙台市太白区八木山香澄町26-1","","","022-229-1111","","","","","","","0","20190130","111201","000001","20190130","111201","000001"
"0010007","堺化学　松原工場","堺化学　松原工場","ｻｶｲｶｶﾞｸﾏﾂﾊﾞﾗｺｳｼﾞｮｳ","","福島県いわき市泉町下川大剣1-102","","","","","","","","","","0","20190130","142655","000001","20190130","142655","000001"
"0010636","ﾎﾟﾘﾌﾟﾗｽﾁｯｸｽ　富士工場","ﾎﾟﾘﾌﾟﾗｽﾁｯｸｽ","ﾎﾟﾘﾌﾟﾗｽﾁｯｸｽ","","静岡県富士市宮島973","","","","","","","","","","0","20190204","114229","000005","20190301","104602","000005"
"0010000","小名浜営業所","小名浜営業所","ｵﾅﾊﾏ","","いわき市泉町下川八合","","","","","","","","","","0","20190215","100727","000001","20190215","100727","000001"
"0020197","高周","高周","ﾀｶｼｭｳ","","宮城県仙台市泉区松森字鹿島39-5","","","022-372-3383","","","","","","","0","20190215","131610","000001","20190215","131610","000001"
"0010637","砂金本店","砂金本店","ｽﾅｷﾝﾎﾝﾃﾝ","","埼玉県川口市並木1-13-10","","","","","","","","","","0","20190305","105314","000005","20190305","105314","000005"
"0020205","大洗鉾田水戸環境衛生","大洗鉾田水戸環境衛生","ｵｵｱﾗｲﾎｺﾀﾐﾄｶﾝｷｮｳｴｲｾｲ","","あ","","","","","","","","","","0","20190529","103417","000003","20190529","103417","000003"
"0020004","ﾀﾞｲﾆｯｸ(埼玉)","ﾀﾞｲﾆｯｸ(埼玉)","ﾀﾞｲﾆｯｸ","366-0831","埼玉県深谷市 内ケ島５００","","","","","","","","","","0","20190805","113855","000003","20220302","103519","000005"
"0000242","ﾎﾜｲﾄﾌﾟﾛﾀﾞｸﾄ　福島","ﾎﾜｲﾄﾌﾟﾛﾀﾞｸﾄ　福島","ﾎﾜｲﾄﾌﾟﾛﾀﾞｸﾄ","","福島県石川郡石川町大字中野字滑津","","","0247-26-2922","","","","","","","0","20190807","143830","000002","20190807","143830","000002"
"0020215","西部石油㈱山口製油所","西部石油㈱山口製油所","ｾｲﾌﾞｾｷﾕ","","西部石油㈱","","","","","","","","","","0","20190920","112505","000007","20190920","112505","000007"
"0010478","馬場商店","馬場商店","ﾊﾞﾊﾞｼｮｳﾃﾝ","367-0243","埼玉県児玉郡神川町熊野堂６７－３","","","","","","","","","","0","20191114","101304","000003","20220307","145510","000005"
"0020219","日鉄溶接工業","日鉄溶接工業","ﾆｯﾃﾂﾖｳｾﾂｺｳｷﾞｮｳ","","あ","","","","","","","","","","0","20191205","102415","000003","20191205","102415","000003"
"0020226","特別養護老人ホーム万世園","老人ホーム万世","ﾛｳｼﾞﾝﾎｰﾑﾏﾝｾｲｴﾝ","","山形県米沢市万世町梓山5496-12","","","0238-28-1455","","","","","","","0","20200106","111031","000001","20200106","111031","000001"
"0010290","ﾋﾟｭｱｽﾎﾟｰﾂ　大和ｽｲﾐﾝｸﾞ","ﾋﾟｭｱｽﾎﾟｰﾂ　大和ｽｲﾐﾝｸ","ﾋﾟｭｱｽﾎﾟｰﾂﾔﾏﾄｽｲﾐﾝｸﾞ","","宮城県黒川郡大和町吉岡東2-1-1","","","022-344-3636","","","","","","","0","20200109","100703","000001","20200109","100703","000001"
"0020248","伊勢化学（ｆa基地）","伊勢化学（ｆa基地）","ｲｾｶｶﾞｸ(faｷﾁ)","","あ","","","","","","","","","","0","20200127","095058","000003","20200127","095058","000003"
"0020252","東ソー㈱　南陽事業所","東ソー㈱　南陽事業所","ﾄｳｿｰ　ﾅﾝﾖｳｼﾞｷﾞｮｳｼｮ","","東ソー㈱","","","","","","","","","","0","20200212","135915","000007","20200212","135915","000007"
"0020257","岩沼高等学園","岩沼高等学園","ｲﾜﾇﾏｺｳﾄｳｶﾞｸｴﾝ","989-2455","宮城県岩沼市北長谷字豊田1-1","","","0223-25-5332","","","","","","","0","20200327","150316","000001","20200327","150316","000001"
"0020258","野川ガス住宅設備","野川ガス住宅設備","ﾉｶﾞﾜｶﾞｽｼﾞｭｳﾀｸｾﾂﾋﾞ","994-0001","山形県天童市万代1番2号","","","023-651-4151","","","","","","","0","20200327","150532","000001","20200327","150532","000001"
"0020260","神洲化学","神洲化学","ｶﾐｽｶｶﾞｸ","","あ","","","","","","","","","","0","20200408","134828","000003","20200408","134828","000003"
"0020261","日曹金属","日曹金属","ﾆｯｿｳｷﾝｿﾞｸ","","あ","","","","","","","","","","0","20200416","093904","000003","20200416","093904","000003"
"0020160","セイコーインスツル","セイコーインスツル","ｾｲｺｰｲﾝｽﾂﾙ","","あ","","","","","","","","","","0","20200608","111559","000003","20200608","111559","000003"
"00020271","日活合成工業","ﾆｯｶﾂｺﾞｳｾｲ","ﾆｯｶﾂｺﾞｳｾｲｺｳｷﾞｮｳ","","愛知県大府市北崎町大島69","","","0562-46-5147","","","","","","","0","20200821","134658","000005","20200821","134658","000005"
"0020280","ゆっぽとみや大清水","ゆっぽとみや大清水","ﾕｯﾎﾟﾄﾐﾔｵｵｼﾐｽﾞ","981-3329","宮城県富谷市大清水1-32-3","","","022-348-0526","","","","","","","0","20201116","091315","000001","20201116","091315","000001"
"00020284","NSKワーナー株式会社　本社","NSKﾜｰﾅｰ","NSKﾜｰﾅｰ","","静岡県袋井市愛野2345","","","0538-43-1760","","","","","","","0","20201218","103316","000005","20210114","133545","000005"
"0020281","ｻｲﾃﾞﾝ化学　東京","ｻｲﾃﾞﾝ化学　東京","ｻｲﾃﾞﾝｶｶﾞｸ","338-0825","埼玉県さいたま市桜区下大久保 字拾石田１２８０－１","","","","","","","","","","0","20210113","153936","000003","20220225","091644","000005"
"0020287","三菱商事ﾗｲﾌｻｲｴﾝｽ 富士工場","三菱商事ﾗｲﾌｻｲｴﾝｽ","ﾐﾂﾋﾞｼｼｮｳｼﾞﾗｲﾌｻｲｴﾝｽ","417-0036","静岡県富士市中河原９３","","","","","","","","","","0","20210113","154602","000003","20220307","160547","000005"
"00020285","クミアイ化学工業株式会社　静岡工場","ｸﾐｱｲｶｶﾞｸ","ｸﾐｱｲｶｶﾞｸｺｳｷﾞｮｳ","","静岡県富士市中之郷1800","","","0545-81-1288","","","","","","","0","20210114","111306","000005","20210114","111306","000005"
"00020286","藤枝環境管理センター","ﾌｼﾞｴﾀﾞｶﾝｷｮｳｾﾝﾀｰ","ﾌｼﾞｴﾀﾞｶﾝｷｮｳｾﾝﾀｰ","","静岡県藤枝市善左衛門20","","","054-636-0300","","","","","","","0","20210114","111511","000005","20210114","111511","000005"
"00020288","穂高広域施設組合　穂高クリーンセンター","ﾎﾀﾞｶｸﾘｰﾝｾﾝﾀｰ","ﾎﾀﾞｶｸﾘｰﾝｾﾝﾀｰ","","長野県安雲野市穂高北穂高1589-2","","","0263-82-2147","","","","","","","0","20210114","112631","000005","20210114","112631","000005"
"00020289","コニカミノルタケミカル株式会社","ｺﾆｶﾐﾉﾙﾀｹﾐｶﾙ","ｺﾆｶﾐﾉﾙﾀｹﾐｶﾙ","","静岡県袋井市大野6909-9","","","0538-23-6777","","","","","","","0","20210114","112928","000005","20210114","112928","000005"
"0020285","ｸﾐｱｲ化学工業株式会社　静岡工場","ｸﾐｱｲ化学工業","ｸﾐｱｲｶｶﾞｸｺｳｷﾞｮｳ","","静岡県富士市中之郷1800","","","0545-81-1288","","","","","","","0","20220302","092046","000005","20220302","092433","000005"
"0020314","昭和化学工業","昭和化学工業","ｼｮｳﾜｶｶﾞｸｺｳｷﾞｮｳ","356-0054","埼玉県ふじみ野市大井武蔵野１３６９","","","","","","","","","","0","20220302","144727","000005","20220302","144727","000005"
"0020320","三陸飼料","三陸飼料","ｻﾝﾘｸｼﾘｮｳ","988-0033","宮城県気仙沼市川口町2-106","","","0226-22-1815","","","","","","","0","20220707","130749","000006","20220707","130749","000006"
"0002975","神戸製鋼所　真岡","神戸製鋼所","ｺｳﾍﾞｾｲｺｳｼﾞｮ","","栃木県真岡市鬼怒ｹ丘15　第2工業団地","","","0285-82-4111","","","","","","","0","20220806","103511","000002","20220806","103511","000002"
"0020324","協立ﾗﾐﾈｰﾄ","協立ﾗﾐﾈｰﾄ","ｷｮｳﾘﾂﾗﾐﾈｰﾄ","","埼玉県入間郡毛呂山町長瀬2116","","","0492945551","","","","","","","0","20220909","110213","000005","20220909","111244","000005"
"0020335","旭化学工業㈱　福井工場","旭化学工業㈱福井工場","ｱｻﾋｶｶｸｺｳｷﾞｮｳ","","福井県坂井市三国町米納津テクノポート2-4-2","","","0776-81-6000","","","","","","","0","20221006","115029","000005","20221006","115029","000005"
"0010464","タマポリ㈱　群馬工場","タマポリ㈱　群馬工場","ﾀﾏﾎﾟﾘ","","群馬県邑楽郡大泉町吉田1207-2","","","0276-63-6788","","","","","","","0","20221006","135920","000005","20221006","135920","000005"
"0010507","医療法人松田会","松田会","ｲﾘｮｳﾎｳｼﾞﾝﾏﾂﾀﾞｶｲ","981-3217","宮城県仙台市泉区実沢字立田屋敷17-1","","","","","","","","","","0","20221105","184005","000006","20221105","184005","000006"
"0020340","JSR　ARTON製造","JSR　ARTON製造","JSR","","千葉県市原市千種海岸5番地","","","0436-62-4161","","","","","","","0","20221202","105219","000005","20221202","105219","000005"
"0020367","三光㈱　荒尾工場","三光㈱　荒尾工場","ｻﾝｺｳ　ｱﾗｵｺｳｼﾞｮｳ","","三光㈱","","","","","","","","","","0","20230302","125526","000007","20230302","125526","000007"
"0010231","介護老人保健施設さくらパレス","さくらパレス","ｶｲｺﾞﾛｳｼﾞﾝﾎｹﾝｼｾﾂｻｸﾗﾊﾟ","990-2321","山形県山形市桜田西4-3-26","","","023-628-3980","","","","","","","0","20230506","133257","000006","20230506","133257","000006"
"0020370","ユニプラ　狭山事業場","ユニプラ　狭山事業場","ﾕﾆﾌﾟﾗ","","埼玉県狭山市柏原337-24","","","04-2954-3511","","","","","","","0","20230517","142957","000005","20230517","142957","000005"
"0020376","大船渡発電","大船渡発電","ｵｵﾌﾅﾄﾊﾂﾃﾞﾝ","022-0007","岩手県大船渡市赤崎町跡浜21-6","","","","","","","","","","0","20230816","103528","000006","20230816","103528","000006"
"0020378","三信建設工業","三信建設工業","ｻﾝｼﾝｹﾝｾﾂｺｳｷﾞｮｳ","","三信建設工業","","","","","","","","","","0","20230830","141603","000007","20230830","141603","000007"
"0002978","城里町　石塚浄水場","城里町　石塚浄水場","ｼﾛｻﾄﾏﾁ ｲｼﾂﾞｶｼﾞｮｳｽｲｼﾞ","","茨城県東茨城郡城里町石塚1635","","","","","","","","","","0","20230926","134255","000002","20230926","134732","000002"
"0020377","貞山塩釜","貞山塩釜","ﾃｲｻﾞﾝｼｵｶﾞﾏ","","宮城県塩竈貞山通","","","","","","","","","","0","20231002","110624","000006","20231002","110624","000006"
"0020379","新技術工営　築城","新技術工営　築城","ｼﾝｷﾞｼﾞｭﾂｺｳｴｲ　ﾂｲｷ","","新技術工営　築城","","","","","","","","","","0","20231018","101645","000007","20231018","101645","000007"
"0020313","ピュアスポーツ古川スイミング","ピュアスポーツ古川","ﾋﾟｭｱｽﾎﾟｰﾂﾌﾙｶﾜｽｲﾐﾝｸﾞ","989-6136","宮城県大崎市古川穂波３丁目３－３２","","","","","","","","","","0","20220204","103236","000006","20220204","103236","000006"
"0020317","DNPﾃｸﾉﾊﾟｯｸ","DNPﾃｸﾉﾊﾟｯｸ","DNPﾃｸﾉﾊﾟｯｸ","","埼玉県狭山市広瀬台2-6-1","","","04-2955-8325","","","","","","","0","20220331","082745","000005","20221201","133310","000003"
"0002972","ｴｲﾌﾞﾙｴﾅｼﾞｰ　福島いわきﾊﾞｲｵﾏｽ発電所","ｴｲﾌﾞﾙｴﾅｼﾞｰ　福島いわ","ｴｲﾌﾞﾙｴﾅｼﾞｰ ｲﾜｷ","","福島県いわき市好間工業団地24-6","","","0246-88-6773","","","","","","","0","20220430","111829","000002","20220430","111829","000002"
"0002974","豊通リチウム","豊通リチウム","ﾄﾖﾂｳﾘﾁｳﾑ","","福島県双葉郡楢葉町大字山田崗字仲丸1-40","","","0240-23-7231","","","","","","","0","20220628","115025","000002","20221124","140631","000002"
"0020321","ヨークベニマル郡山第一ファクトリ","ヨークベニマル郡山第","ﾖｰｸﾍﾞﾆﾏﾙｺｳﾘﾔﾏﾀﾞｲｲﾁﾌｧ","963-8071","福島県郡山市富久山町久保田字古町48-1","","","","","","","","","","0","20220718","140022","000006","20220718","140022","000006"
"0888882","2602最低補償差額分(110万)","2602","ｻｲﾃｲﾎｼｮｳ","","2602最低補償差額分(110万)","","","","","","","","","","0","20220725","152455","000007","20220726","100447","000007"
"0888883","2637最低補償差額分(110万)","2637","ｻｲﾃｲﾎｼｮｳ","","2637最低補償差額分(110万)","","","","","","","","","","0","20220726","100408","000007","20220726","101437","000007"
"0888884","2648最低補償差額分(110万)","2648","ｻｲﾃｲﾎｼｮｳ","","2648最低補償差額分(110万)","","","","","","","","","","0","20220726","100548","000007","20220726","100548","000007"
"0888885","282最低補償差額分(168万)","282","ｻｲﾃｲﾎｼｮｳ","","282最低補償差額分(168万)","","","","","","","","","","0","20220726","100717","000007","20220726","101231","000007"
"0888889","トレーラー３台目","３台目","ﾄﾚｰﾗｰ3ﾝﾀﾞｲﾒ","","トレーラー３","","","","","","","","","","0","20220726","101003","000007","20220801","141423","000007"
"0888886","4108最低補償差額分(158万)","4108","ｻｲﾃｲﾎｼｮｳ","","4108最低補償差額分(158万)","","","","","","","","","","0","20220726","101415","000007","20220726","101415","000007"
"0020323","山形県総合運動公園","山形県総合運動公園","ﾔﾏｶﾞﾀｹﾝｿｳｺﾞｳｳﾝﾄﾞｳｺｳｴ","","山形県天童市山王1-1","","","","","","","","","","0","20220831","170834","000006","20220831","170834","000006"
"0020325","新潟太陽誘電","新潟太陽誘電","ﾆｲｶﾞﾀﾀｲﾖｳﾕｳﾃﾞﾝ","","あ","","","","","","","","","","0","20220920","132454","000003","20220920","132454","000003"
"0020326","藤森工業　昭和事業所","藤森工業　昭和事業所","ﾌｼﾞﾓﾘｺｳｷﾞｮｳ　ｼｮｳﾜｼﾞｷ","","あ","","","","","","","","","","0","20220920","132731","000003","20220920","132731","000003"
"0020327","日本アルコール物流株式会社","日本アルコール","ﾆﾎﾝｱﾙｺｰﾙｶﾌﾞｼｷｶｲｼｬ","","あ","","","","","","","","","","0","20220920","132900","000003","20220920","132900","000003"
"0020328","土浦市汚泥再生処理センター","土浦市汚泥再生処理セ","ﾂﾁｳﾗｼｵﾃﾞｲｻｲｾｲｼｮﾘｾﾝﾀｰ","","あ","","","","","","","","","","0","20220920","133036","000003","20220920","133036","000003"
"0020366","イオン米沢","イオン米沢","ｲｵﾝﾖﾈｻﾞﾜ","992-0044","山形県米沢市春日２-13-4","","","0223060788","","","","","","","0","20230227","133708","000006","20230227","133708","000006"
"0010022","日医工山形工場(日米商事)","日医工山形工場","ﾆﾁｲｺｳ","994-0057","山形県天童市石鳥居２丁目1-52","","","023-655-4335","","","","","","","0","20230413","093128","000006","20230413","093128","000006"
"0020381","尚絅学院大学","尚絅学院大学","ｼｮｳｹｲｶﾞｸｲﾝﾀﾞｲｶﾞｸ","981-1245","宮城県名取市ゆりが丘４－１０－１","","","","","","","","","","0","20231230","170951","000006","20231230","170951","000006"
"0020380","最上世紀","最上世紀","ﾓｶﾞﾐｾｲｷ","999-4221","山形県花沢市尾花沢１３２６－１","","","","","","","","","","0","20231230","171306","000006","20231230","171306","000006"
"0020304","多摩化学工業　浜岡工場","多摩化学工業　浜岡","ﾀﾏｶｶﾞｸ　ﾊﾏｵｶ","","静岡県御前崎市佐倉4491","","","0537-86-2095","","","","","","","0","20220201","095503","000005","20220201","101239","000005"
"0020292","多摩化学工業　掛川工場","多摩化学工業　掛川","ﾀﾏｶｶﾞｸ　ｶｹｶﾞﾜ","","静岡県掛川市上土方工業団地29-6","","","0537-74-0088","","","","","","","0","20220201","095910","000005","20220201","101204","000005"
"0020305","東亜石油株式会社　京浜製油所　操油一係","東亜石油　京浜製油所","ﾄｳｱｾｷﾕ","","神奈川県川崎市川崎区水江町3-1","","","044-276-5880","","","","","","","0","20220201","102104","000005","20220201","102104","000005"
"0005270","代々木換気所","よよぎかんきじょ","ﾖﾖｷﾞｶﾝｷｼﾞｮ","","あ","","","","","","","","","","0","20220725","113745","000003","20220725","113745","000003"
"0005271","五反田換気所","ごたんだかんきじょ","ｺﾞﾀﾝﾀﾞｶﾝｷｼﾞｮ","","あ","","","","","","","","","","0","20220725","113918","000003","20220725","113918","000003"
"0005272","南品川換気所","南品川換気所","ﾐﾅﾐｼﾅｶﾞﾜｶﾝｷｼﾞｮ","","あ","","","","","","","","","","0","20220725","114035","000003","20220725","114035","000003"
"0005273","西新宿換気所","西新宿換気所","ﾆｼｼﾝｼﾞｭｸｶﾝｷｼﾞｮ","","あ","","","","","","","","","","0","20220725","114221","000003","20220725","114221","000003"
"0010017","長沢燃料商事","長沢燃料商事","ﾅｶﾞｻﾜﾈﾝﾘｮｳｼｮｳｼﾞ","","山形県米沢中央6-1-21","","","","","","","","","","0","20230626","155000","000006","20230626","155000","000006"
"0020315","中外製薬工業（株）藤枝工場","中外製薬　藤枝工場","ﾁｭｳｶﾞｲｾｲﾔｸ","349-1125","静岡県藤枝市高柳2500","","","","","","","","","","0","20220325","150127","000005","20220325","150127","000005"
"0005259","JX金属","JX金属","JXｷﾝｿﾞｸ","","あ","","","","","","","","","","0","20220510","104831","000003","20220510","104831","000003"
"0005260","旭物産","旭物産","ｱｻﾋﾌﾞｯｻﾝ","","あ","","","","","","","","","","0","20220510","145455","000003","20220510","145455","000003"
"0005261","アサヒプリテック","アサヒプリテック","ｱｻﾋﾌﾟﾘﾃｯｸ","","あ","","","","","","","","","","0","20220510","145559","000003","20220510","145559","000003"
"0005262","神洲化学","神洲化学","ｶﾐｽｶｶﾞｸ","","あ","","","","","","","","","","0","20220510","145648","000003","20220510","145648","000003"
"0005263","日揮ユニバーサル","日揮ユニバーサル","ﾆｷﾕﾆﾊﾞｰｻﾙ","","あ","","","","","","","","","","0","20220510","145823","000003","20220510","145823","000003"
"0005265","マテリアルエコリファイン","マテリアルエコリファ","ﾏﾃﾘｱﾙｴｺﾘﾌｧｲﾝ","","あ","","","","","","","","","","0","20220510","150133","000003","20220510","150133","000003"
"0005266","マルマサフード","マルマサフード","ﾏﾙﾏｻﾌｰﾄﾞ","","あ","","","","","","","","","","0","20220510","150220","000003","20220510","150220","000003"
"0005264","日立金属　桶川","日立金属　桶川","ﾋﾀﾁｷﾝｿﾞｸｵｹｶﾞﾜ","","あ","","","","","","","","","","0","20220510","150638","000003","20220510","150646","000003"
"0005267","山崎パン","山崎パン","ﾔﾏｻﾞｷﾊﾟﾝ","","あ","","","","","","","","","","0","20220510","151319","000003","20220510","151319","000003"
"0005268","安藤化成","安藤化成","ｱﾝﾄﾞｳｶｾｲ","","あ","","","","","","","","","","0","20220510","151437","000003","20220725","113445","000003"
"0005269","神山換気所","神山換気所","ｶﾐﾔﾏｶﾝｷｼﾞｮ","","あ","","","","","","","","","","0","20220510","153619","000003","20220725","113531","000003"
"0020322","㈱SUMCO　九州事業所（伊万里）","㈱SUMCO　九州事業所","ｻﾑｺ","","SUMCO　伊万里","","","","","","","","","","0","20220830","111824","000007","20220830","113932","000007"
"0020365","芹沢薬品","芹沢薬品","ｾﾛｻﾞﾜﾔｸﾋﾝ","","静岡県沼津市小諏訪字正改5-2","","","055-928-4010","","","","","","","0","20230217","110015","000005","20230217","110527","000005"
"0020368","まるか","まるか","ﾏﾙｶ","022-0002","岩手県大船渡市大船渡字野々田6-13","","","0192-27-1411","","","","","","","0","20230518","111422","000006","20230518","111422","000006"
"0020372","公立刈田綜合病院","刈田病院","ｶﾘﾀﾋﾞｮｳｲﾝ","989-0231","宮城県白石市福岡蔵本下原沖36","","","0224252146","","","","","","","0","20230714","114758","000006","20230714","114758","000006"
"0020373","水沢温泉館","水沢温泉館","ﾐｽﾞｻﾜｵﾝｾﾝｶﾝ","990-0742","山形県西村山郡西川町水沢2304","","","","","","","","","","0","20230714","115022","000006","20230714","115022","000006"
"0020374","日章産業日章デリバリーセンター","日章産業","ﾆｯｼｮｳｻﾝｷﾞｮｳ","969-3133","福島県耶麻郡猪苗代町大字千代田字ドウフケ10","","","","","","","","","","0","20230714","151941","000006","20230714","151941","000006"
"0002979","ｸﾞﾛｰﾊﾞﾙﾋﾟｯｸﾞﾌｧｰﾑ　直営農場","ｸﾞﾛｰﾊﾞﾙﾋﾟｯｸﾞﾌｧｰﾑ","ｸﾞﾛｰﾊﾞﾙﾋﾟｯｸﾞﾌｧｰﾑ","","福島県伊達郡川俣町山木屋細畑東山45","","","024-563-2211","","","","","","","0","20231130","105012","000002","20231130","105012","000002"
"0010320","中外フーズ","中外フーズ","ﾁｭｳｶﾞｲﾌｰｽﾞ","960-0719","福島県伊達市梁川町やながわ工業団地1-1","","","024-527-2500","","","","","","","0","20220304","141125","000006","20220304","141125","000006"
"0020316","わくや天平の湯","わくや天平の湯","ﾜｸﾔﾃﾝﾋﾟｮｳﾉﾕ","987-0121","宮城県遠田郡涌谷町涌谷字中江南222","","","0229436330","","","","","","","0","20220327","133946","000006","20220327","133946","000006"
"0010576","石巻飼料","石巻飼料","ｲｼﾉﾏｷｼﾘｮｳ","","宮城県石巻市三河町10","","","0225964161","","","","","","","0","20220327","135941","000006","20220327","135941","000006"
"0010237","大崎市民病院エネルギーセンター","大崎市民病院エネルギ","ｵｵｻｷｼﾐﾝﾋﾞｮｳｲﾝｴﾈﾙｷﾞｰｾ","","宮城県大崎市古川穂波3-8","","","","","","","","","","0","20220327","143748","000006","20220327","143748","000006"
"0002973","ｼﾞｬﾊﾟﾝｾﾐｺﾝﾀﾞｸﾀｰ","ｼﾞｬﾊﾟﾝｾﾐｺﾝﾀﾞｸﾀｰ","ｼﾞｬﾊﾟﾝｾﾐｺﾝﾀﾞｸﾀｰ","024-8510","岩手県北上市北工業団地6-6","","","","","","","","","","0","20220611","131934","000002","20220611","133601","000002"
"0020361","西方石油店（花沢）","西方石油店","ﾆｼｶﾞﾀｾｷﾕﾃﾝ","992-0022","山形県米沢市花沢町2635-6","","","0238-22-8120","","","","","","","0","20230116","111025","000006","20230116","111025","000006"
"0020362","ライオン菓子二本松工場","ライオン菓子","ﾗｲｵﾝｶｼ","964-0938","福島県二本松市安達ヶ原1-300","","","024-323-1911","","","","","","","0","20230116","112613","000006","20230116","112613","000006"
"0888887","最低保証差額分","最低保証差額分","ｻｲﾃｲﾎｼｮｳ","","最低保証差額分","","","","","","","","","","0","20230405","112150","000007","20230405","112150","000007"
"0020319","山形県立中央病院","山形県立中央病院","ﾔﾏｶﾞﾀｹﾝﾘﾂﾁｭｳｵｳﾋﾞｮｳｲﾝ","990-2292","山形県山形市青柳1800","","","","","","","","","","0","20220614","133028","000006","20220614","133028","000006"
"0020345","富士化学㈱　九州工場","富士化学㈱　九州工場","ﾌｼﾞｶｶﾞｸ","","富士化学㈱","","","","","","","","","","0","20230112","135756","000007","20230112","135756","000007"
"0020346","日揮触媒化成","日揮触媒化成","ﾆｯｷｼｮｸﾊﾞｲｶｾｲ","","日揮触媒化成","","","","","","","","","","0","20230112","143757","000007","20230112","143757","000007"
"0020347","ニチハ下関","ニチハ下関","ﾆﾁﾊｼﾓﾉｾｷ","","ニチハ下関","","","","","","","","","","0","20230112","143913","000007","20230112","143913","000007"
"0020348","西部技研","西部技研","ｾｲﾌﾞｷﾞｹﾝ","","西部技研","","","","","","","","","","0","20230112","144032","000007","20230112","144032","000007"
"0020349","ラサスティール","ラサスティール","ﾗｻｽﾃｨｰﾙ","","ラサスティール","","","","","","","","","","0","20230112","144134","000007","20230112","144134","000007"
"0020350","TOTOサニテクノ　中津工場","TOTOサニテクノ　中津","TOTOｻﾆﾃｸﾉ　ﾅｶﾂ","","TOTOサニテクノ　中津工場","","","","","","","","","","0","20230112","144333","000007","20230112","144333","000007"
"0020351","TOTOサニテクノ　小倉工場","TOTOサニテクノ　小倉","TOTOｻﾆﾃｸﾉ　ｺｸﾗ","","TOTOサニテクノ　小倉工場","","","","","","","","","","0","20230112","144438","000007","20230112","144438","000007"
"0020352","ジャパンセミコンダクター　大分事業所","ジャパンセミコンダク","ｼﾞｬﾊﾟﾝｾﾐｺﾝﾀﾞｸﾀｰ","","ジャパンセミコンダクター　大分事業所","","","","","","","","","","0","20230112","144627","000007","20230112","144627","000007"
"0020353","戸田工業　小野田工場","戸田工業　小野田工場","ﾄﾀﾞｺｳｷﾞｮｳ　ｵﾉﾀﾞｺｳｼﾞｮ","","戸田工業　小野田工場","","","","","","","","","","0","20230112","144926","000007","20230112","144926","000007"
"0020354","タイキ薬品工業","タイキ薬品工業","ﾀｲｷﾔｸﾋﾝｺｳｷﾞｮｳ","","タイキ薬品工業","","","","","","","","","","0","20230112","145049","000007","20230112","145049","000007"
"0020355","ミツエイ㈱","ミツエイ","ﾐﾂｴｲ","","ミツエイ㈱","","","","","","","","","","0","20230112","145137","000007","20230823","151554","000007"
"0020356","LIXIL","LIXIL","LIXIL","","LIXIL","","","","","","","","","","0","20230112","145246","000007","20230112","145246","000007"
"0020357","チタン工業","チタン工業","ﾁﾀﾝｺｳｷﾞｮｳ","","チタン工業","","","","","","","","","","0","20230112","145344","000007","20230112","145344","000007"
"0020375","介護老人保健施設メルヘン","メルヘン","ｶｲｺﾞﾛｳｼﾞﾝﾎｹﾝｼｾﾂﾒﾙﾍﾝ","990-0331","山形県東村山郡山辺町大字大寺1152-1","","","","","","","","","","0","20230720","112818","000006","20230720","112818","000006"
"0020359","熊本小笠原工業","熊本小笠原工業","ｸﾏﾓﾄｵｶﾞｻﾜﾗｺｳｷﾞｮｳ","","熊本小笠原工業","","","","","","","","","","0","20230112","145607","000007","20230112","145607","000007"
"0020360","王子製紙　日南","王子製紙　日南","ｵｳｼﾞｾｲｼ　ﾆﾁﾅﾝ","","王子製紙　日南","","","","","","","","","","0","20230112","145715","000007","20230112","145715","000007"
"0020358","チタン工業　宇部開発センター","チタン工業　宇部開発","ﾁﾀﾝｺｳｷﾞｮｳ　ｳﾍﾞｶｲﾊﾂｾﾝ","","チタン工業　宇部開発センター","","","","","","","","","","0","20230112","150024","000007","20230112","150024","000007"
"0000849","ＪＡすかがわ岩瀬　西袋備蓄","ＪＡすかがわ岩瀬","JAｽｶｶﾞﾜｲﾜｾ","","福島県須賀川市高久田境72-4","","","0248-63-2235","","","","","","","0","20230313","140711","000006","20230313","140711","000006"
"0002977","静光産業　福島(浪江町）","静光産業　福島","ｾｲｺｳｻﾝｷﾞｮｳ","","福島県双葉郡浪江町大字藤橋字亀下63-14","","","0240-23-5884","","","","","","","0","20230613","143201","000002","20230704","094418","000002"
"0020382","日鉄ｹﾐｶﾙ＆ﾏﾃﾘｱﾙ（戸畑)","日鉄ｹﾐｶﾙｽﾞ＆ﾏﾃﾘｱﾙ","ﾆｯﾃﾂｹﾐｶﾙｽﾞ&ﾏﾃﾘｱﾙ","","日鉄(戸畑)","","","","","","","","","","0","20240109","144337","000007","20240109","144337","000007"
"0020271","日活合成工業","日活合成工業","ﾆｯｶﾂｺﾞｳｾｲｺｳｷﾞｮｳ","","愛知県大府市北崎町大島69","","","0562-46-5147","","","","","","","0","20220224","182413","000005","20220224","182413","000005"
"0020262","ﾘｺｰ 沼津事業所","ﾘｺｰ 沼津事業所","ﾘｺｰ ﾇﾏﾂﾞ","410-0004","静岡県沼津市本田町１６－１","","","","","","","","","","0","20220224","182516","000005","20220309","092416","000005"
"0010607","ｺﾙｺｰﾄ 第二工場","ｺﾙｺｰﾄ 第二工場","ｺﾙｺｰﾄ","361-0035","埼玉県行田市堤根１２４５－１","","","","","","","","","","0","20220224","182904","000005","20220225","091530","000005"
"0020273","ジェイフィルム　成田工場","ｼﾞｪｲﾌｨﾙﾑ","ｼﾞｪｲﾌｨﾙﾑ　ﾅﾘﾀｺｳｼﾞｮｳ","","千葉県香取市岩部179-93","","","","","","","","","","0","20220224","183342","000005","20220224","183342","000005"
"0010431","大豊塗料　久喜工場","大豊塗料　久喜工場","ﾀｲﾎｳﾄﾘｮｳ　ｸｷｺｳｼﾞｮｳ","","埼玉県久喜市河原井町23-7","","","0480-23-3011","","","","","","","0","20220224","183832","000005","20220225","091933","000005"
"0002976","日本ﾅｼｮﾅﾙ製罐","日本ﾅｼｮﾅﾙ製罐","ﾆﾎﾝﾅｼｮﾅﾙｾｲｶﾝ","","茨城県石岡市柏原9-2","","","0299-23-6111","","","","","","","0","20220929","115600","000002","20220929","115600","000002"
"0010521","東北イノアック（北上）","東北イノアック","ｲﾉｱｯｸ","024-0051","岩手県北上市相去町山根梨の木43-137","","","","","","","","","","0","20221116","092210","000006","20221116","092210","000006"
"0020344","石巻ひばり野バイオマスエナジー","石巻ひばり野バイオマ","ｲｼﾉﾏｷﾋﾊﾞﾘﾉﾊﾞｲｵﾏｽｴﾅｼﾞ","986-0842","宮城県石巻市潮見町14-10","","","","","","","","","","0","20230110","131714","000006","20230110","131714","000006"
"0020369","キヨスミ産研","キヨスミ産研","ｷﾖｽﾐ","990-2351","山形県山形市鋳物町３","","","023-646-5711","","","","","","","0","20230522","135758","000006","20230522","135758","000006"
"0020371","丸松物産山形工場","丸松物産","ﾏﾙﾏﾂﾌﾞｯｻﾝ","999-3100","山形県上山市新北浦３","","","","","","","","","","0","20230522","145914","000006","20230522","145914","000006"
"0888888","他社輸送利用差引金額","他社利用差引","ﾀｼｬ","","あ","","","","","","","","","","0","20231019","154004","000004","20231019","154004","000004"
